SeqNo,Date,UTC Time,Nr,ProbeNr,m_SL120,m_Wasser,m_IPA,m_PG,m_MG,m_vorher,m_nachher,Pumpe_pct,Rho_M,Rho_S,Rho_Sp,C_M,C_S,C_Sp,T_M,T_S,Per_M,Per_S,RunT_M,RunT_S,N,Stabil,SensOK,Gueltig,Source_record,Timestamp,Phase,Phase_elapsed_min,Exclusion_reason,Used,Elapsed_h,none_Loss_IPA_g,none_Loss_Water_g,none_Al_mass_g,none_Al_wt_pct,none_IPA_mass_g,none_IPA_wt_pct,none_PG_mass_g,none_PG_wt_pct,none_MG_mass_g,none_MG_wt_pct,none_Water_mass_g,none_Water_wt_pct,none_Rho_physics,none_Rho_fit_with_offset,none_Rho_residual,none_C_physics,none_C_fit_with_offset,none_C_residual,ipa_Loss_IPA_g,ipa_Loss_Water_g,ipa_Al_mass_g,ipa_Al_wt_pct,ipa_IPA_mass_g,ipa_IPA_wt_pct,ipa_PG_mass_g,ipa_PG_wt_pct,ipa_MG_mass_g,ipa_MG_wt_pct,ipa_Water_mass_g,ipa_Water_wt_pct,ipa_Rho_physics,ipa_Rho_fit_with_offset,ipa_Rho_residual,ipa_C_physics,ipa_C_fit_with_offset,ipa_C_residual,mixed_Loss_IPA_g,mixed_Loss_Water_g,mixed_Al_mass_g,mixed_Al_wt_pct,mixed_IPA_mass_g,mixed_IPA_wt_pct,mixed_PG_mass_g,mixed_PG_wt_pct,mixed_MG_mass_g,mixed_MG_wt_pct,mixed_Water_mass_g,mixed_Water_wt_pct,mixed_Rho_physics,mixed_Rho_fit_with_offset,mixed_Rho_residual,mixed_C_physics,mixed_C_fit_with_offset,mixed_C_residual
302,2026-08-28,10:53:56.908,23,5,90.53,909.5,0.0,0.0,2.39,0.0,0.0,100.0,1005.051,0.00152948,0.007568359,1545.469,0.0115975,0.05285645,25.08747,0.002813718,1498.228,0.001161256,6.884825,3.063132e-05,100,1,1,1,302,2026-08-28 10:53:56.908000+00:00,2,0.0,,True,0.0,0.0,0.0,18.106,1.8062289259990825,36.212,3.612457851998165,36.212,3.612457851998165,2.39,0.23842301630055268,909.5,90.73043235370405,1006.1942833567139,1005.2562861937589,-0.20528619375886592,1542.8660762148959,1544.797889856932,0.6711101430680628,0.0,0.0,18.106,1.8062289259990825,36.212,3.612457851998165,36.212,3.612457851998165,2.39,0.23842301630055268,909.5,90.73043235370405,1006.1942833567139,1005.06603993835,-0.015039938349900694,1542.8660762148959,1545.6649960026418,-0.19599600264177752,0.0,0.0,18.106,1.8062289259990825,36.212,3.612457851998165,36.212,3.612457851998165,2.39,0.23842301630055268,909.5,90.73043235370405,1006.1942833567139,1005.0573893472373,-0.006389347237245602,1542.8660762148959,1545.6160521291786,-0.14705212917851895
303,2026-08-28,10:55:56.910,24,5,90.53,909.5,0.0,0.0,2.39,0.0,0.0,100.0,1005.051,0.002276278,0.01049805,1545.493,0.01100849,0.05480957,25.10681,0.006021285,1498.233,0.001464985,6.884765,2.836717e-05,100,0,1,0,303,2026-08-28 10:55:56.910000+00:00,2,2.000033333333333,,True,0.033333888888888885,0.0,0.0,18.106,1.8062289259990825,36.212,3.612457851998165,36.212,3.612457851998165,2.39,0.23842301630055268,909.5,90.73043235370405,1006.1879919798876,1005.2499948169326,-0.19899481693255439,1542.8977968278978,1544.8296104699339,0.6633895300660697,0.02325423165776673,0.0,18.106,1.8062708280364237,36.18874576834224,3.6102217930290044,36.212,3.6125416560728474,2.39,0.23842854738799582,909.5,90.73253717547372,1006.192079204624,1005.06383578626,-0.012835786259984161,1542.8789751223117,1545.6778949100576,-0.18489491005766467,0.023084126996697686,0.02154538918150591,18.106,1.8063093460946353,36.1889158730033,3.610315749830905,36.212,3.6126186921892707,2.39,0.2384336317886987,909.4784546108185,90.7323225800965,1006.1922617011081,1005.0553676916315,-0.0043676916315007475,1542.880070979261,1545.6300468935437,-0.13704689354381117
304,2026-08-28,10:57:56.912,25,5,90.53,909.5,0.0,0.0,2.39,0.0,0.0,100.0,1005.049,0.002057339,0.009338379,1545.523,0.01292374,0.07592773,25.1318,0.005969288,1498.238,0.00130355,6.884694,3.348734e-05,100,1,1,1,304,2026-08-28 10:57:56.912000+00:00,2,4.000066666666666,,True,0.06666777777777777,0.0,0.0,18.106,1.8062289259990825,36.212,3.612457851998165,36.212,3.612457851998165,2.39,0.23842301630055268,909.5,90.73043235370405,1006.1798626345817,1005.2418654716267,-0.19286547162676015,1542.9387474189625,1544.8705610609986,0.6524389390012857,0.04650846331553346,0.0,18.106,1.8063127320179502,36.16549153668447,3.6079856303104263,36.212,3.6126254640359003,2.39,0.23843407873207226,909.5,90.73464209490365,1006.1880379525605,1005.0597945341966,-0.010794534196634231,1542.9011133432812,1545.700033131027,-0.1770331310272013,0.04616825399339537,0.04309077836301182,18.106,1.8063897733517167,36.16583174600661,3.608173456906285,36.212,3.6127795467034334,2.39,0.23844424822216959,909.456909221637,90.73421297481639,1006.1884030416468,1005.0515090321702,-0.0025090321702236906,1542.9033030054693,1545.653278919752,-0.1302789197520724
305,2026-08-28,10:59:56.914,26,5,90.53,909.5,0.0,0.0,2.39,0.0,0.0,100.0,1005.047,0.001772671,0.009155273,1545.552,0.01248956,0.05480957,25.15436,0.00506271,1498.242,0.00123683,6.88462,3.239745e-05,100,1,1,1,305,2026-08-28 10:59:56.914000+00:00,2,6.0001,,True,0.10000166666666666,0.0,0.0,18.106,1.8062289259990825,36.212,3.612457851998165,36.212,3.612457851998165,2.39,0.23842301630055268,909.5,90.73043235370405,1006.1725237762671,1005.2345266133121,-0.18752661331211584,1542.975680251732,1544.907493893768,0.6445061062318018,0.06976269497330019,0.0,18.106,1.8063546379437967,36.142237305026704,3.605749363835209,36.212,3.6127092758875934,2.39,0.23843961033279984,909.5,90.7367471120006,1006.1847880033905,1005.0565445850266,-0.009544585026560526,1542.9192417078496,1545.7181614955955,-0.16616149559558835,0.06925238099009305,0.06463616754451773,18.106,1.8064702077712833,36.14274761900991,3.6060309731988225,36.212,3.6129404155425666,2.39,0.23845486560109172,909.4353638324554,90.73610353788624,1006.1853357904699,1005.0484417809934,-0.0014417809933320314,1542.9225233110235,1545.6724992253062,-0.12049922530627555
306,2026-08-28,11:01:56.916,27,5,90.53,909.5,0.0,0.0,2.39,0.0,0.0,100.0,1005.043,0.001451048,0.00793457,1545.575,0.01015994,0.04736328,25.17431,0.00439227,1498.245,0.000859249,6.884567,2.668911e-05,100,1,1,1,306,2026-08-28 11:01:56.916000+00:00,2,8.000133333333332,,True,0.13333555555555554,0.0,0.0,18.106,1.8062289259990825,36.212,3.612457851998165,36.212,3.612457851998165,2.39,0.23842301630055268,909.5,90.73043235370405,1006.1660339601613,1005.2280367972063,-0.18503679720629407,1543.0083119652204,1544.9401256072565,0.6348743927435407,0.09301692663106692,0.0,18.106,1.8063965458140985,36.11898307336894,3.60351299359613,36.212,3.612793091628197,2.39,0.23844514219019636,909.5,90.73885222677137,1006.1823878548802,1005.0541444365163,-0.01114443651624697,1542.933075286698,1545.731995074444,-0.15699507444401206,0.09233650798679074,0.08618155672602364,18.106,1.806550649354291,36.11966349201321,3.6038882986830303,36.212,3.613101298708582,2.39,0.23846548392559128,909.413818443274,90.7379942693285,1006.1831184554761,1005.0462244459995,-0.003224445999535419,1542.9374471715153,1545.687423085798,-0.11242308579790006
307,2026-08-28,11:03:56.918,28,5,90.53,909.5,0.0,0.0,2.39,0.0,0.0,100.0,1005.04,0.002557887,0.01104736,1545.592,0.00973182,0.05578613,25.19112,0.003606149,1498.248,0.0005620472,6.884524,2.567186e-05,100,0,1,0,307,2026-08-28 11:03:56.918000+00:00,2,10.000166666666667,,True,0.16666944444444445,0.0,0.0,18.106,1.8062289259990825,36.212,3.612457851998165,36.212,3.612457851998165,2.39,0.23842301630055268,909.5,90.73043235370405,1006.1605655979173,1005.2225684349623,-0.18256843496237707,1543.0357870182052,1544.9676006602413,0.6243993397588383,0.11627115828883368,0.0,18.106,1.8064384556289914,36.09572884171117,3.6012765195859697,36.212,3.612876911257983,2.39,0.23845067430427974,909.5,90.74095743922278,1006.1810098440772,1005.0527664257132,-0.012766425713266472,1542.941756497747,1545.740676285493,-0.14867628549291112,0.11542063498348845,0.10772694590752957,18.106,1.806631098101698,36.09657936501652,3.6017454333334187,36.212,3.613262196203396,2.39,0.23847610319579465,909.3922730540925,90.7398851691657,1006.1819233868625,1005.045029377386,-0.005029377385994849,1542.9472172712658,1545.6971931855485,-0.10519318554838719
308,2026-08-28,11:05:56.920,29,5,90.53,909.5,0.0,0.0,2.39,0.0,0.0,100.0,1005.039,0.002327606,0.009338379,1545.612,0.0112787,0.05822754,25.20688,0.004572446,1498.252,0.0008147956,6.884476,2.926938e-05,100,1,1,1,308,2026-08-28 11:05:56.920000+00:00,2,12.0002,,True,0.2000033333333333,0.0,0.0,18.106,1.8062289259990825,36.212,3.612457851998165,36.212,3.612457851998165,2.39,0.23842301630055268,909.5,90.73043235370405,1006.1554388042482,1005.2174416412932,-0.17844164129326145,1543.0615287426724,1544.9933423847085,0.6186576152915677,0.13952538994660038,0.0,18.106,1.8064803673886105,36.072474610053405,3.5990399417975034,36.212,3.612960734777221,2.39,0.23845620667506787,909.5,90.7430627493616,1006.1799741071968,1005.0517306888329,-0.01273068883290307,1542.948709265912,1545.7476290536579,-0.13562905365779443,0.1385047619801861,0.12927233508903546,18.106,1.8067115540144605,36.07349523801982,3.5996023771244903,36.212,3.613423108028921,2.39,0.23848672341182814,909.370727664911,90.7417762374203,1006.1810707171263,1005.0441767076497,-0.005176707649752643,1542.955257457998,1545.7052333722806,-0.09323337228056516
309,2026-08-28,11:07:56.922,30,5,90.53,909.5,0.0,0.0,2.39,0.0,0.0,100.0,1005.036,0.003631212,0.0201416,1545.63,0.01147116,0.05786133,25.22342,0.003493756,1498.255,0.0008684619,6.884433,3.031245e-05,100,0,1,0,309,2026-08-28 11:07:56.922000+00:00,2,14.000233333333334,,True,0.23333722222222222,0.0,0.0,18.106,1.8062289259990825,36.212,3.612457851998165,36.212,3.612457851998165,2.39,0.23842301630055268,909.5,90.73043235370405,1006.1500582725478,1005.2120611095928,-0.17606110959286525,1543.0885266147222,1545.0203402567583,0.6096597432417639,0.16277962160436715,0.0,18.106,1.806522281093091,36.04922037839564,3.5968032602235076,36.212,3.613044562186182,2.39,0.23846173930257855,909.5,90.74516815719464,1006.1786854050363,1005.0504419866724,-0.014441986672409257,1542.9569249206668,1545.7558447084127,-0.12584470841261464,0.1615888889768838,0.15081772427054138,18.106,1.8067920170935365,36.05041111102312,3.5974591300307464,36.212,3.613584034187073,2.39,0.23849734457381816,909.3491822757295,90.74366747411483,1006.1799651952856,1005.043071185809,-0.007071185809081726,1542.9645588197143,1545.714534733997,-0.08453473399686118
310,2026-08-28,11:09:56.924,31,5,90.53,909.5,0.0,0.0,2.39,0.0,0.0,100.0,1005.034,0.002216371,0.01092529,1545.653,0.01238933,0.06188965,25.24018,0.004482643,1498.258,0.001020968,6.884377,3.23833e-05,100,0,1,0,310,2026-08-28 11:09:56.924000+00:00,2,16.000266666666665,,True,0.2666711111111111,0.0,0.0,18.106,1.8062289259990825,36.212,3.612457851998165,36.212,3.612457851998165,2.39,0.23842301630055268,909.5,90.73043235370405,1006.1446061731043,1005.2066090101494,-0.17260901014935826,1543.1158649045697,1545.0476785466058,0.6053214533942537,0.18603385326213384,0.0,18.106,1.8065641967425685,36.02596614673787,3.5945664748567583,36.212,3.613128393485137,2.39,0.2384672721868297,909.5,90.7472736627287,1006.1773258920714,1005.0490824737075,-0.015082473707479949,1542.965487303748,1545.764407091494,-0.11140709149390204,0.1846730159735815,0.17236311345204727,18.106,1.8068724873398831,36.02732698402642,3.5953156920266824,36.212,3.6137449746797663,2.39,0.23850796668189111,909.3276368865479,90.74555887927177,1006.1787889786418,1005.0418949691652,-0.007894969165249677,1542.9742052542708,1545.7241811685535,-0.07118116855349399
311,2026-08-28,11:11:56.926,32,5,90.53,909.5,0.0,0.0,2.39,0.0,0.0,100.0,1005.033,0.002788489,0.01153564,1545.7,0.03013474,0.1097412,25.25892,0.005132464,1498.261,0.0009367566,6.884256,7.88761e-05,100,0,1,0,311,2026-08-28 11:11:56.926000+00:00,2,18.0003,,True,0.300005,0.0,0.0,18.106,1.8062289259990825,36.212,3.612457851998165,36.212,3.612457851998165,2.39,0.23842301630055268,909.5,90.73043235370405,1006.1385099702485,1005.2005128072935,-0.16751280729351947,1543.146410609674,1545.07822425171,0.6217757482900197,0.2092880849199006,0.0,18.106,1.8066061143371783,36.002711915080106,3.5923295856900306,36.212,3.6132122286743567,2.39,0.23847280532783918,909.5,90.7493792659706,1006.1753231477022,1005.0470797293383,-0.014079729338277502,1542.9772665776568,1545.7761863654027,-0.07618636540269108,0.2077571429702792,0.19390850263355322,18.106,1.8069529647544582,36.00424285702972,3.5931720630867874,36.212,3.6139059295089164,2.39,0.23851858973617335,909.3060914973664,90.74745045291367,1006.1769696264275,1005.040075616951,-0.007075616950942276,1542.9870665119065,1545.7370424261892,-0.03704242618914577
312,2026-08-28,11:13:56.928,33,5,90.53,909.5,0.0,0.0,2.39,0.0,0.0,100.0,1005.025,0.004053538,0.02032471,1545.768,0.01927193,0.09228516,25.27788,0.004381686,1498.263,0.0009962891,6.88408,5.054508e-05,100,0,1,0,312,2026-08-28 11:13:56.928000+00:00,2,20.000333333333334,,True,0.3333388888888889,0.0,0.0,18.106,1.8062289259990825,36.212,3.612457851998165,36.212,3.612457851998165,2.39,0.23842301630055268,909.5,90.73043235370405,1006.1323421993977,1005.1943450364428,-0.16934503644279175,1543.1772909440251,1545.1091045860612,0.6588954139388079,0.23254231657766736,0.0,18.106,1.8066480338770559,35.97945768342234,3.590092592716099,36.212,3.6132960677541117,2.39,0.23847833872562482,909.5,90.75148496692711,1006.173249624489,1005.0450062061251,-0.020006206125117387,1542.9893876887456,1545.7883074764916,-0.020307476491552734,0.2308412699669769,0.21545389181505914,18.106,1.8070334493382196,35.98115873003302,3.5910282431855496,36.212,3.6140668986764393,2.39,0.23852921373679137,909.2845461081849,90.749342195063,1006.1750796058036,1005.038185596327,-0.013185596327048188,1543.0002678348985,1545.7502437491812,0.017756250818820263
313,2026-08-28,11:15:56.930,34,5,90.53,909.5,0.0,0.0,2.39,0.0,0.0,100.0,1005.022,0.004005397,0.01745605,1545.799,0.01775384,0.1195068,25.29475,0.003889924,1498.266,0.001168119,6.884003,4.721256e-05,100,0,1,0,313,2026-08-28 11:15:56.930000+00:00,2,22.000366666666665,,True,0.36667277777777774,0.0,0.0,18.106,1.8062289259990825,36.212,3.612457851998165,36.212,3.612457851998165,2.39,0.23842301630055268,909.5,90.73043235370405,1006.1268543137965,1005.1888571508415,-0.16685715084145158,1543.2047469939027,1545.1365606359388,0.6624393640611288,0.2557965482354341,0.0,18.106,1.8066899553623366,35.956203451764566,3.5878554959277373,36.212,3.613379910724673,2.39,0.23848387238020458,909.5,90.75359076560504,1006.171856601537,1005.0436131831731,-0.021613183173030848,1542.998086944377,1545.797006732123,0.0019932678769691847,0.25392539696367455,0.236999280996565,18.106,1.8071139410921253,35.95807460303633,3.5888842322974503,36.212,3.6142278821842506,2.39,0.23853983868387157,909.2630007190035,90.7512341057423,1006.1738702265333,1005.0369762170567,-0.014976217056641872,1543.010046153542,1545.7600220678246,0.03897793217538492
314,2026-08-28,11:17:56.932,35,5,90.53,909.5,0.0,0.0,2.39,0.0,0.0,100.0,1005.016,0.004883116,0.0223999,1545.821,0.01892981,0.1071777,25.31048,0.003929927,1498.267,0.001249208,6.88395,5.007778e-05,100,0,1,0,314,2026-08-28 11:17:56.932000+00:00,2,24.0004,,True,0.4000066666666666,0.0,0.0,18.106,1.8062289259990825,36.212,3.612457851998165,36.212,3.612457851998165,2.39,0.23842301630055268,909.5,90.73043235370405,1006.1217372744868,1005.1837401115318,-0.1677401115318844,1543.2303304665938,1545.16214410863,0.6588558913699671,0.27905077989320076,0.0,18.106,1.8067318787931559,35.9329492201068,3.5856182953177185,36.212,3.6134637575863118,2.39,0.23848940629159626,909.5,90.75569666201122,1006.1708350755209,1005.042591657157,-0.02659165715704148,1543.0049170326567,1545.8038368204027,0.017163179597218914,0.2770095239603722,0.2585446701780709,18.106,1.8071944400171336,35.93499047603963,3.5867400303969657,36.212,3.614388880034267,2.39,0.23855046457754053,909.241455329822,90.75312618497409,1006.1730324790927,1005.0361384696162,-0.020138469616199473,1543.017954028168,1545.7679299424508,0.053070057549120975
315,2026-08-28,11:19:56.934,36,5,90.53,909.5,0.0,0.0,2.39,0.0,0.0,100.0,1005.018,0.005439193,0.02557373,1545.839,0.01591908,0.08874512,25.32706,0.003882853,1498.271,0.001896607,6.883905,4.245298e-05,100,0,1,0,315,2026-08-28 11:19:56.934000+00:00,2,26.000433333333334,,True,0.43334055555555556,0.0,0.0,18.106,1.8062289259990825,36.212,3.612457851998165,36.212,3.612457851998165,2.39,0.23842301630055268,909.5,90.73043235370405,1006.1163437255942,1005.1783465626393,-0.16034656263923353,1543.2572783897551,1545.1890920317912,0.6499079682087086,0.30230501155096756,0.0,18.106,1.806773804169649,35.90969498844903,3.583380990878816,36.212,3.613547608339298,2.39,0.2384949404598178,909.5,90.75780265615242,1006.1695378470281,1005.0412944286642,-0.023294428664144107,1543.0131192859117,1545.8120390736576,0.026960926342326275,0.30009365095706997,0.28009005935957687,18.106,1.8072749461142026,35.91190634904294,3.5845956374585697,36.212,3.614549892228405,2.39,0.23856109141792467,909.2199099406404,90.7550184327809,1006.1719191366168,1005.0350251271402,-0.01702512714018667,1543.0272322304759,1545.7772081447586,0.0617918552413812
316,2026-08-28,11:21:56.936,37,5,90.53,909.5,0.0,0.0,2.39,0.0,0.0,100.0,1005.018,0.005237775,0.0246582,1545.853,0.0215256,0.09802246,25.34261,0.003673527,1498.275,0.001448881,6.883872,5.678336e-05,100,0,1,0,316,2026-08-28 11:21:56.936000+00:00,2,28.000466666666668,,True,0.46667444444444445,0.0,0.0,18.106,1.8062289259990825,36.212,3.612457851998165,36.212,3.612457851998165,2.39,0.23842301630055268,909.5,90.73043235370405,1006.1112852396241,1005.1732880766691,-0.1552880766690805,1543.2825354264635,1545.2143490684996,0.6386509315004787,0.3255592432087343,0.0,18.106,1.8068157314919517,35.886440756791266,3.5811435826038,36.212,3.6136314629839035,2.39,0.23850047488488701,909.5,90.75990874803546,1006.1685763217915,1005.0403329034276,-0.022332903427582096,1543.0196337866398,1545.8185535743858,0.034446425614305554,0.3231777779537676,0.30163544854108276,18.106,1.807355459384291,35.88882222204624,3.5824510534567287,36.212,3.614710918768582,2.39,0.23857171920515052,909.1983645514589,90.75691084918525,1006.1711416342174,1005.0342476247408,-0.016247624740799438,1543.034821439804,1545.7847973540868,0.0682026459132885
317,2026-08-28,11:32:52.830,38,5,90.53,909.5,0.0,0.0,2.39,0.0,0.0,100.0,1005.024,0.004063435,0.01403809,1545.916,0.01336237,0.07336426,25.45109,0.001500529,1498.298,0.001829015,6.883733,3.565923e-05,100,0,1,0,317,2026-08-28 11:32:52.830000+00:00,2,38.93203333333334,,True,0.6488672222222223,0.0,0.0,18.106,1.8062289259990825,36.212,3.612457851998165,36.212,3.612457851998165,2.39,0.23842301630055268,909.5,90.73043235370405,1006.0759961808483,1005.1379990178933,-0.11399901789332034,1543.4582803944647,1545.3900940365008,0.525905963499099,0.4526597166920034,0.0,18.106,1.8070449277199494,35.759340283308,3.56891276248555,36.212,3.614089855439899,2.39,0.23853072888825133,909.5,90.77142172546635,1006.1556959738225,1005.0274525554586,-0.003452555458579809,1543.093121986018,1545.892041773764,0.023958226235890834,0.4493485117113053,0.4193959149650977,18.106,1.807795646927274,35.7626514882887,3.5707260401582626,36.212,3.615591293854548,2.39,0.23862982415531783,909.0806040850349,90.76725719490459,1006.1592686964271,1005.0223746869506,0.0016253130494305879,1543.1141449904308,1545.8641209047134,0.0518790952864947
318,2026-08-28,11:34:52.832,39,5,90.53,909.5,0.0,0.0,2.39,0.0,0.0,100.0,1005.033,0.001162051,0.005187988,1545.898,0.007212135,0.03405762,25.4656,0.004943701,1498.304,0.001339966,6.883786,1.935669e-05,100,1,1,1,318,2026-08-28 11:34:52.832000+00:00,2,40.932066666666664,,True,0.6822011111111111,0.0,0.0,18.106,1.8062289259990825,36.212,3.612457851998165,36.212,3.612457851998165,2.39,0.23842301630055268,909.5,90.73043235370405,1006.0712760063839,1005.1332788434289,-0.10027884342889593,1543.4817273353135,1545.4135409773496,0.4844590226502987,0.4759139483497701,0.0,18.106,1.807086867626527,35.73608605165023,3.5666746826636824,36.212,3.614173735253054,2.39,0.2385362649744504,909.5,90.77352844948228,1006.15507745547,1005.026834037106,0.006165962893987853,1543.0978620564547,1545.8967818442006,0.0012181557992789749,0.472432638708003,0.44094130414660365,18.106,1.8078762065990448,35.739567361292,3.5685802201824592,36.212,3.6157524131980896,2.39,0.23864045806758624,909.0590586958534,90.76915070195282,1006.158834989098,1005.0219409796214,0.011059020378638706,1543.1199497485043,1545.869925662787,0.02807433721295638
319,2026-08-28,11:36:52.834,40,5,90.53,909.5,0.0,0.0,2.39,0.0,0.0,100.0,1005.034,0.001035308,0.00604248,1545.901,0.009056441,0.04309082,25.48853,0.00635784,1498.309,0.001229962,6.883784,2.357145e-05,100,1,1,1,319,2026-08-28 11:36:52.834000+00:00,2,42.9321,,True,0.715535,0.0,0.0,18.106,1.8062289259990825,36.212,3.612457851998165,36.212,3.612457851998165,2.39,0.23842301630055268,909.5,90.73043235370405,1006.0638167631944,1005.1258196002394,-0.09181960023943248,1543.5187512471157,1545.4505648891518,0.45043511084827514,0.4991681800075368,0.0,18.106,1.807128809479926,35.712831819992466,3.5644364989517174,36.212,3.614257618959852,2.39,0.23854180131763078,909.5,90.77563527129087,1006.1517218263281,1005.0234784079641,0.010521592035843241,1543.116218596122,1545.915138383868,-0.014138383867930315,0.4955167657047007,0.46248669332810954,18.106,1.8079567734509965,35.7164832342953,3.5664342089524546,36.212,3.615913546901993,2.39,0.23865109292764175,909.0375133066719,90.77104437776691,1006.1556640760978,1005.0187700666212,0.015229933378805072,1543.1393650058353,1545.889340920118,0.01165907988206527
320,2026-08-28,11:38:52.836,41,5,90.53,909.5,0.0,0.0,2.39,0.0,0.0,100.0,1005.034,0.0005940743,0.003417969,1545.902,0.007156111,0.03308105,25.5125,0.005184858,1498.314,0.0009843734,6.883788,1.910536e-05,100,1,1,1,320,2026-08-28 11:38:52.836000+00:00,2,44.93213333333333,,True,0.7488688888888888,0.0,0.0,18.106,1.8062289259990825,36.212,3.612457851998165,36.212,3.612457851998165,2.39,0.23842301630055268,909.5,90.73043235370405,1006.056019201182,1005.1180220382271,-0.08402203822708998,1543.5574163316867,1545.4892299737228,0.4127700262772578,0.5224224116653035,0.0,18.106,1.8071707532802816,35.6895775883347,3.562198211342421,36.212,3.6143415065605633,2.39,0.23854733791781027,909.5,90.77774219089892,1006.1480288602862,1005.0197854419223,0.014214558077696893,1543.1362289212084,1545.9351487089543,-0.03314870895428612,0.5186008927013983,0.4840320825096154,18.106,1.8080373474840892,35.6933991072986,3.5642880064426774,36.212,3.6160746949681783,2.39,0.238661728735611,909.0159679174903,90.77293822236945,1006.1521559032108,1005.0152618937342,0.018738106265800525,1543.1604315775753,1545.910407491858,-0.008407491857951754
321,2026-08-28,11:40:52.838,42,5,90.53,909.5,0.0,0.0,2.39,0.0,0.0,100.0,1005.037,0.001055459,0.004577637,1545.891,0.008296777,0.03942871,25.52825,0.003216523,1498.318,0.0008489068,6.883822,2.253482e-05,100,1,1,1,321,2026-08-28 11:40:52.838000+00:00,2,46.93216666666667,,True,0.7822027777777777,0.0,0.0,18.106,1.8062289259990825,36.212,3.612457851998165,36.212,3.612457851998165,2.39,0.23842301630055268,909.5,90.73043235370405,1006.0508956457535,1005.1128984827985,-0.0758984827984932,1543.582800850722,1545.514614492758,0.37638550724204833,0.5456766433230702,0.0,18.106,1.8072126990277293,35.66632335667693,3.559959819828557,36.212,3.6144253980554586,2.39,0.23855287477500675,909.5,90.77984920831324,1006.1470094030398,1005.0187659846758,0.018234015324196662,1543.1429304695007,1545.9418502572466,-0.05085025724656589,0.541685019698096,0.5055774716911213,18.106,1.808117928699283,35.67031498030191,3.562141612627554,36.212,3.616235857398566,2.39,0.2386723654916208,908.9944225283089,90.774832235783,1006.1513215769562,1005.0144275674796,0.022572432520405528,1543.1681922109512,1545.918168125234,-0.0271681252338567
322,2026-08-28,11:42:52.840,43,5,90.53,909.5,0.0,0.0,2.39,0.0,0.0,100.0,1005.039,0.0009588094,0.004211426,1545.882,0.008122541,0.04003906,25.54063,0.003368303,1498.321,0.0008594794,6.88385,2.204337e-05,100,1,1,1,322,2026-08-28 11:42:52.840000+00:00,2,48.932199999999995,,True,0.8155366666666666,0.0,0.0,18.106,1.8062289259990825,36.212,3.612457851998165,36.212,3.612457851998165,2.39,0.23842301630055268,909.5,90.73043235370405,1006.0468683680248,1005.1088712050698,-0.06987120506983047,1543.60274207844,1545.5345557204762,0.34744427952387014,0.5689308749808369,0.0,18.106,1.8072546467224049,35.64306912501917,3.557721324402892,36.212,3.6145092934448098,2.39,0.2385584118892382,909.5,90.78195632354065,1006.1470863773077,1005.0188429589438,0.020157041056222624,1543.1441784734293,1545.9430982611752,-0.06109826117517514,0.5647691466947937,0.5271228608726272,18.106,1.808198517097538,35.64723085330521,3.5599950274815026,36.212,3.616397034195076,2.39,0.23868300319579785,908.9728771391274,90.77672641803008,1006.1515839053725,1005.0146898958959,0.024310104104074526,1543.1704998015916,1545.9204757158743,-0.03847571587425591
323,2026-08-28,11:44:52.842,44,5,90.53,909.5,0.0,0.0,2.39,0.0,0.0,100.0,1005.042,0.001029537,0.004272461,1545.87,0.00832579,0.04504395,25.5518,0.00281625,1498.324,0.0007878611,6.883883,2.266628e-05,100,1,1,1,323,2026-08-28 11:44:52.842000+00:00,2,50.932233333333336,,True,0.8488705555555556,0.0,0.0,18.106,1.8062289259990825,36.212,3.612457851998165,36.212,3.612457851998165,2.39,0.23842301630055268,909.5,90.73043235370405,1006.0432347091406,1005.1052375461857,-0.06323754618563271,1543.6207253588816,1545.5525390009177,0.3174609990821864,0.5921851066386038,0.0,18.106,1.8072965963644438,35.6198148933614,3.5554827250581895,36.212,3.6145931927288877,2.39,0.23856394926052252,909.5,90.78406353658795,1006.1475574347116,1005.0193140163477,0.022685983652309005,1543.1434668396605,1545.9423866274064,-0.07238662740655855,0.5878532736914914,0.5486682500541332,18.106,1.808279112679815,35.62414672630851,3.5578482509789398,36.212,3.61655822535963,2.39,0.23869364184826897,908.9513317499459,90.77862076913334,1006.1522404854546,1005.015346475978,0.026653524021980957,1543.1708471422266,1545.9208230565093,-0.05082305650944363
324,2026-08-28,11:46:52.844,45,5,90.53,909.5,0.0,0.0,2.39,0.0,0.0,100.0,1005.046,0.001005605,0.005310059,1545.85,0.006785906,0.03308105,25.5606,0.002277022,1498.326,0.000660146,6.883939,1.840103e-05,100,1,1,1,324,2026-08-28 11:46:52.844000+00:00,2,52.93226666666667,,True,0.8822044444444445,0.0,0.0,18.106,1.8062289259990825,36.212,3.612457851998165,36.212,3.612457851998165,2.39,0.23842301630055268,909.5,90.73043235370405,1006.0403720232807,1005.1023748603258,-0.056374860325718146,1543.6348870626125,1545.5667007046486,0.2832992953512985,0.6154393382963705,0.0,18.106,1.8073385479539819,35.596560661703634,3.5532440217872128,36.212,3.6146770959079637,2.39,0.23856948688887752,909.5,90.78617084746197,1006.1487996935805,1005.0205562752166,0.025443724783485777,1543.138925420064,1545.93784520781,-0.08784520781000538,0.6109374006881891,0.5702136392356391,18.106,1.8083597154470747,35.60106259931182,3.5557012830942787,36.212,3.6167194308941495,2.39,0.23870428144916098,908.9297863607644,90.78051528911534,1006.1536684772096,1005.0167744677331,0.02922553226699165,1543.1673649318036,1545.9173408460863,-0.06734084608638113
325,2026-08-28,11:48:52.846,46,5,90.53,909.5,0.0,0.0,2.39,0.0,0.0,100.0,1005.048,0.0007606436,0.003601074,1545.844,0.005651202,0.03173828,25.57199,0.003160551,1498.329,0.0007675982,6.88396,1.51917e-05,100,1,1,1,325,2026-08-28 11:48:52.846000+00:00,2,54.932300000000005,,True,0.9155383333333333,0.0,0.0,18.106,1.8062289259990825,36.212,3.612457851998165,36.212,3.612457851998165,2.39,0.23842301630055268,909.5,90.73043235370405,1006.0366667965872,1005.0986696336322,-0.050669633632196565,1543.6532090031626,1545.5850226451987,0.2589773548013454,0.6386935699541372,0.0,18.106,1.8073805014911544,35.57330643004587,3.551005214582724,36.212,3.6147610029823087,2.39,0.23857502477432113,909.5,90.78827825616949,1006.1492005281456,1005.0209571097816,0.027042890218353932,1543.1385605624077,1545.9374803501537,-0.09348035015364076,0.6340215276848868,0.591759028417145,18.106,1.8084403254002779,35.57797847231512,3.5535541238019235,36.212,3.6168806508005558,2.39,0.2387149219986007,908.9082409715828,90.78240997799864,1006.1542550983149,1005.0173610888384,0.03063891116164541,1543.168056328836,1545.9180322431187,-0.07403224311860868
326,2026-08-28,11:50:52.848,47,5,90.53,909.5,0.0,0.0,2.39,0.0,0.0,100.0,1005.051,0.000704159,0.003173828,1545.838,0.004919784,0.02648926,25.58386,0.003093128,1498.332,0.0007436904,6.883979,1.329568e-05,100,1,1,1,326,2026-08-28 11:50:52.848000+00:00,2,56.93233333333333,,True,0.9488722222222222,0.0,0.0,18.106,1.8062289259990825,36.212,3.612457851998165,36.212,3.612457851998165,2.39,0.23842301630055268,909.5,90.73043235370405,1006.0328054229745,1005.0948082600196,-0.04380826001954574,1543.6722936900821,1545.6041073321182,0.2338926678817188,0.6619478016119039,0.0,18.106,1.8074224569760973,35.5500521983881,3.5487663034374863,36.212,3.6148449139521945,2.39,0.23858056291687132,909.5,90.79038576271735,1006.1494459714859,1005.021202553122,0.02979744687809216,1543.1389648168959,1545.9378846046418,-0.09988460464182936,0.6571056546815844,0.613304417598651,18.106,1.8085209425403856,35.55489434531842,3.5514067730762777,36.212,3.6170418850807713,2.39,0.23872556349671498,908.8866955824013,90.78430483580586,1006.1546864455231,1005.0177924360465,0.033207563953510544,1543.1695151784916,1545.9194910927743,-0.08149109277428579
327,2026-08-28,11:52:52.850,48,5,90.53,909.5,0.0,0.0,2.39,0.0,0.0,100.0,1005.052,0.0006011942,0.002807617,1545.831,0.004671712,0.02307129,25.59562,0.003147927,1498.335,0.0007477353,6.884,1.253731e-05,100,1,1,1,327,2026-08-28 11:52:52.850000+00:00,2,58.93236666666667,,True,0.9822061111111111,0.0,0.0,18.106,1.8062289259990825,36.212,3.612457851998165,36.212,3.612457851998165,2.39,0.23842301630055268,909.5,90.73043235370405,1006.0289798325359,1005.090982669581,-0.038982669580946094,1543.6911920714301,1545.6230057134662,0.20799428653367613,0.6852020332696707,0.0,18.106,1.8074644144089462,35.526797966730335,3.5465272883442607,36.212,3.6149288288178925,2.39,0.23858610131654595,909.5,90.79249336711236,1006.1497278436526,1005.0214844252887,0.030515574711330373,1543.1391860940555,1545.9381058818014,-0.10710588180154446,0.6801897816782821,0.6348498067801568,18.106,1.8086015668683586,35.53181021832172,3.549259230891739,36.212,3.617203133736717,2.39,0.23873620594363065,908.8651501932198,90.78619986255956,1006.1551543583531,1005.0182603488765,0.03373965112348287,1543.1707897861613,1545.920765700444,-0.08976570044410437
328,2026-08-28,11:54:52.852,49,5,90.53,909.5,0.0,0.0,2.39,0.0,0.0,100.0,1005.054,0.001007838,0.003967285,1545.826,0.004922561,0.02233887,25.60689,0.002798665,1498.338,0.0007464429,6.884017,1.340849e-05,100,1,1,1,328,2026-08-28 11:54:52.852000+00:00,2,60.9324,,True,1.0155399999999999,0.0,0.0,18.106,1.8062289259990825,36.212,3.612457851998165,36.212,3.612457851998165,2.39,0.23842301630055268,909.5,90.73043235370405,1006.025313641319,1005.0873164783641,-0.03331647836409957,1543.7092941927222,1545.6411078347583,0.184892165241763,0.7084562649274373,0.0,18.106,1.8075063737898363,35.50354373507257,3.5442881692958066,36.212,3.6150127475796725,2.39,0.23859163997336288,909.5,90.79460106936132,1006.1501696788033,1005.0219262604394,0.032073739560587455,1543.138612176414,1545.93753196416,-0.11153196415989441,0.7032739086749797,0.6563951959616626,18.106,1.8086821983851584,35.50872609132502,3.5471114972226983,36.212,3.617364396770317,2.39,0.23874684933947468,908.8436048040384,90.78809505828234,1006.155782385479,1005.0188883760025,0.035111623997522656,1543.1712682283821,1545.9212441426648,-0.09524414266479653
329,2026-08-28,11:56:52.854,50,5,90.53,909.5,0.0,0.0,2.39,0.0,0.0,100.0,1005.058,0.000887409,0.00390625,1545.814,0.005046059,0.02880859,25.61628,0.002342357,1498.341,0.0006611405,6.884051,1.369216e-05,100,1,1,1,329,2026-08-28 11:56:52.854000+00:00,2,62.93243333333333,,True,1.0488738888888889,0.0,0.0,18.106,1.8062289259990825,36.212,3.612457851998165,36.212,3.612457851998165,2.39,0.23842301630055268,909.5,90.73043235370405,1006.0222590238636,1005.0842618609087,-0.02626186090867577,1543.7243700156941,1545.6561836577303,0.15781634226982533,0.7317104965852042,0.0,18.106,1.807548335118904,35.4802895034148,3.542048946284886,36.212,3.615096670237808,2.39,0.2385971788873401,909.5,90.79670886947106,1006.1512233422771,1005.0229799239132,0.035020076086766494,1543.1350044682383,1545.9339242559843,-0.11992425598418777,0.7263580356716776,0.6779405851431687,18.106,1.808762837091747,35.48564196432832,3.5449635720435464,36.212,3.617525674183494,2.39,0.238757493684374,908.8220594148569,90.78999042299684,1006.1570224469027,1005.0201284374261,0.037871562573855044,1543.1687130208509,1545.9186889351336,-0.10468893513348121
330,2026-08-28,11:58:52.856,51,5,90.53,909.5,0.0,0.0,2.39,0.0,0.0,100.0,1005.062,0.001188007,0.004638672,1545.803,0.007009277,0.03369141,25.62479,0.001900322,1498.343,0.0006104489,6.884081,1.899977e-05,100,1,1,1,330,2026-08-28 11:58:52.856000+00:00,2,64.93246666666667,,True,1.0822077777777777,0.0,0.0,18.106,1.8062289259990825,36.212,3.612457851998165,36.212,3.612457851998165,2.39,0.23842301630055268,909.5,90.73043235370405,1006.0194906749142,1005.0814935119593,-0.019493511959240095,1543.7380277966236,1545.6698414386597,0.13315856134045134,0.7549647282429708,0.0,18.106,1.8075902983962846,35.457035271757036,3.539809619304257,36.212,3.615180596792569,2.39,0.2386027180584955,909.5,90.7988167674484,1006.1525637130178,1005.0243202946539,0.03767970534613596,1543.1299763166064,1545.9288961043524,-0.1258961043522504,0.7494421626683752,0.6994859743246745,18.106,1.808843482989086,35.46255783733163,3.542815455328667,36.212,3.617686965978172,2.39,0.23876813897845547,908.8005140256753,90.79188595672561,1006.1585493891458,1005.0216553796693,0.0403446203307567,1543.1647368489118,1545.9147127631945,-0.11171276319441859
331,2026-08-28,12:00:52.858,52,5,90.53,909.5,0.0,0.0,2.39,0.0,0.0,100.0,1005.064,0.0007369505,0.003662109,1545.791,0.005137174,0.02844238,25.63198,0.002085764,1498.345,0.0004000819,6.884118,1.397703e-05,100,1,1,1,331,2026-08-28 12:00:52.858000+00:00,2,66.93249999999999,,True,1.1155416666666667,0.0,0.0,18.106,1.8062289259990825,36.212,3.612457851998165,36.212,3.612457851998165,2.39,0.23842301630055268,909.5,90.73043235370405,1006.0171517289272,1005.0791545659722,-0.015154565972238743,1543.7495632528862,1545.6813768949223,0.10962310507761686,0.7782189599007376,0.0,18.106,1.8076322636221136,35.43378104009926,3.537570188346678,36.212,3.615264527244227,2.39,0.23860825748684697,909.5,90.80092476330013,1006.1543338073759,1005.026090389012,0.03790961098798107,1543.1228201640965,1545.9217399518425,-0.13073995184254272,0.7725262896650729,0.7210313635061805,18.106,1.8089241360781367,35.43947371033493,3.5406671470524382,36.212,3.6178482721562735,2.39,0.23877878522184617,908.7789686364938,90.7937816594913,1006.1605062495051,1005.0236122400286,0.0403877599713951,1543.1586325800884,1545.908608494371,-0.11760849437109755
332,2026-08-28,12:02:52.860,53,5,90.53,909.5,0.0,0.0,2.39,0.0,0.0,100.0,1005.067,0.001100907,0.004577637,1545.779,0.005067661,0.02612305,25.63885,0.001849376,1498.347,0.0006063632,6.88415,1.3703e-05,100,1,1,1,332,2026-08-28 12:02:52.860000+00:00,2,68.93253333333334,,True,1.1488755555555556,0.0,0.0,18.106,1.8062289259990825,36.212,3.612457851998165,36.212,3.612457851998165,2.39,0.23842301630055268,909.5,90.73043235370405,1006.0149168805336,1005.0769197175787,-0.009919717578668497,1543.7605820188883,1545.6923956609244,0.08660433907562037,0.8014731915585044,0.0,18.106,1.807674230796527,35.410526808441496,3.5353306534049085,36.212,3.615348461593054,2.39,0.23861379717241243,909.5,90.8030328570331,1006.1562085285975,1005.0279651102336,0.03903488976641256,1543.1151474180347,1545.9140672057806,-0.13506720578061504,0.7956104166617707,0.7425767526876864,18.106,1.8090047963598617,35.41638958333823,3.5385186471892354,36.212,3.6180095927197233,2.39,0.238789432414673,908.7574232473123,90.7956775313165,1006.1625678944697,1005.0256738849931,0.04132611500688199,1543.1520108717054,1545.9019867859881,-0.1229867859881324
333,2026-08-28,12:04:52.862,54,5,90.53,909.5,0.0,0.0,2.39,0.0,0.0,100.0,1005.069,0.0007146341,0.003112793,1545.771,0.004832407,0.02368164,25.64665,0.002078291,1498.35,0.0005741501,6.884173,1.309126e-05,100,1,1,1,333,2026-08-28 12:04:52.862000+00:00,2,70.93256666666666,,True,1.1822094444444444,0.0,0.0,18.106,1.8062289259990825,36.212,3.612457851998165,36.212,3.612457851998165,2.39,0.23842301630055268,909.5,90.73043235370405,1006.012379497911,1005.074382334956,-0.005382334956038903,1543.7730885092976,1545.7049021513337,0.06609784866623158,0.8247274232162711,0.0,18.106,1.8077161999196607,35.38727257678373,3.5330910144717054,36.212,3.6154323998393214,2.39,0.2386193371152098,909.5,90.80514104865411,1006.1577815400575,1005.0295381216936,0.03946187830638337,1543.1089706743226,1545.9078904620685,-0.13689046206854982,0.8186945436584683,0.7641221418691923,18.106,1.809085463835223,35.39330545634154,3.536369955713429,36.212,3.618170927670446,2.39,0.23880008055706298,908.7358778581308,90.79757357222384,1006.1643279353208,1005.0274339258442,0.041566074155753086,1543.1468832574587,1545.8968591717414,-0.12585917174146743
334,2026-08-28,12:06:52.865,55,5,90.53,909.5,0.0,0.0,2.39,0.0,0.0,100.0,1005.072,0.0008482449,0.003417969,1545.762,0.004962006,0.0255127,25.6547,0.001906848,1498.352,0.0005770957,6.8842,1.347696e-05,100,1,1,1,334,2026-08-28 12:06:52.865000+00:00,2,72.93261666666668,,True,1.2155436111111113,0.0,0.0,18.106,1.8062289259990825,36.212,3.612457851998165,36.212,3.612457851998165,2.39,0.23842301630055268,909.5,90.73043235370405,1006.0097607887358,1005.0717636257808,0.00023637421918465407,1543.7859914997962,1545.7178051418323,0.044194858167657,0.8479818486560721,0.0,18.106,1.807758171341411,35.364018151343934,3.5308512528751783,36.212,3.615516342682822,2.39,0.2386248773614256,909.5,90.80724935573916,1006.1592739330754,1005.0310305147115,0.04096948528854227,1543.103194384905,1545.902114172651,-0.14011417265101045,0.8417788630196851,0.7856677105926159,18.106,1.8091661391774905,35.37022113698032,3.5342210546915243,36.212,3.618332278354981,2.39,0.23881072973788808,908.7143322894074,90.7994697980381,1006.1660074916008,1005.0291134821242,0.04288651787578601,1543.1421547393268,1545.8921306536095,-0.1301306536095126
335,2026-08-28,12:08:52.867,56,5,90.53,909.5,0.0,0.0,2.39,0.0,0.0,100.0,1005.075,0.000750478,0.003051758,1545.756,0.003818199,0.02282715,25.66302,0.002446544,1498.354,0.0006401527,6.884218,1.039063e-05,100,1,1,1,335,2026-08-28 12:08:52.867000+00:00,2,74.93265,,True,1.2488774999999999,0.0,0.0,18.106,1.8062289259990825,36.212,3.612457851998165,36.212,3.612457851998165,2.39,0.23842301630055268,909.5,90.73043235370405,1006.0070542468793,1005.0690570839243,0.005942916075696303,1543.799322617534,1545.7311362595701,0.02486374042996431,0.8712360803138386,0.0,18.106,1.807800144362408,35.34076391968617,3.5286114059365095,36.212,3.615600288724816,2.39,0.2386304178187427,909.5,90.80935774315752,1006.1606791427371,1005.0324357243732,0.04256427562688714,1543.097850761717,1545.8967705494629,-0.14077054946278622,0.8648629900163824,0.8072130997741215,18.106,1.8092468210430717,35.34713700998362,3.532071979912005,36.212,3.6184936420861433,2.39,0.23882137977979348,908.6927869002259,90.80136617717899,1006.1675999936126,1005.030705984136,0.04429401586401127,1543.1378574763582,1545.887833390641,-0.13183339064084976
336,2026-08-28,12:10:52.870,57,5,90.53,909.5,0.0,0.0,2.39,0.0,0.0,100.0,1005.077,0.001014733,0.004333496,1545.749,0.004536958,0.01953125,25.67109,0.002091517,1498.356,0.000610005,6.884239,1.234753e-05,100,1,1,1,336,2026-08-28 12:10:52.870000+00:00,2,76.93270000000001,,True,1.2822116666666667,0.0,0.0,18.106,1.8062289259990825,36.212,3.612457851998165,36.212,3.612457851998165,2.39,0.23842301630055268,909.5,90.73043235370405,1006.0044290312076,1005.0664318682526,0.010568131747390908,1543.8122486494367,1545.7440622914728,0.0049377085272226395,0.8944905057536395,0.0,18.106,1.8078421196823262,35.317509494246366,3.5263714363182936,36.212,3.6156842393646524,2.39,0.23863595857951836,909.5,90.8114662460552,1006.1621662657312,1005.0339228473673,0.04307715263269074,1543.0921026576,1545.891022445346,-0.14202244534590136,0.8879473093775992,0.8287586684975451,18.106,1.8093275107776041,35.3240526906224,3.52992269553191,36.212,3.6186550215552082,2.39,0.23883203086040394,908.6712413315024,90.80326274127486,1006.1692745643367,1005.0323805548601,0.044619445139915115,1543.1331548090166,1545.8831307232992,-0.13413072329922215
337,2026-08-28,12:12:52.872,58,5,90.53,909.5,0.0,0.0,2.39,0.0,0.0,100.0,1005.08,0.001041628,0.004211426,1545.741,0.004967978,0.02416992,25.67885,0.002126761,1498.359,0.0006113064,6.884261,1.361389e-05,100,1,1,1,337,2026-08-28 12:12:52.872000+00:00,2,78.93273333333333,,True,1.3155455555555555,0.0,0.0,18.106,1.8062289259990825,36.212,3.612457851998165,36.212,3.612457851998165,2.39,0.23842301630055268,909.5,90.73043235370405,1006.0019046600723,1005.0639074971174,0.016092502882656845,1543.8246739510334,1545.7564875930696,-0.015487593069565264,0.9177447374114063,0.0,18.106,1.80788409660173,35.2942552625886,3.5241313813451804,36.212,3.61576819320346,2.39,0.23864149955142683,909.5,90.8135748292982,1006.1637547307316,1005.0355113123677,0.04448868763233804,1543.0858541523646,1545.8847739401106,-0.14377394011057731,0.9110314363742968,0.8503040576790509,18.106,1.8094082070372561,35.30096856362571,3.527773237346103,36.212,3.6188164140745123,2.39,0.23884268280233303,908.6496959423209,90.80515945873981,1006.1710506331341,1005.0341566236575,0.04584337634253188,1543.1279508757204,1545.8779267900031,-0.13692679000314456
338,2026-08-28,12:20:30.996,59,5,90.53,909.5,0.0,0.0,2.39,0.0,0.0,100.0,1005.061,0.003752827,0.01525879,1545.92,0.01354154,0.06750488,25.7397,0.01421583,1498.363,0.0008141719,6.883801,3.779314e-05,100,0,1,0,338,2026-08-28 12:20:30.996000+00:00,2,86.56813333333334,,True,1.442802222222222,0.0,0.0,18.106,1.8062289259990825,36.212,3.612457851998165,36.212,3.612457851998165,2.39,0.23842301630055268,909.5,90.73043235370405,1005.9821098107222,1005.0441126477673,0.01688735223274307,1543.921964289196,1545.8537779312321,0.06622206876795644,1.006520938007919,0.0,18.106,1.8080443671438895,35.20547906199209,3.5155787093028237,36.212,3.616088734287779,2.39,0.23866265533380623,909.5,90.8216255339317,1006.15967591742,1005.0314324990561,0.02956750094392646,1543.1121296169858,1545.9110494047318,0.008950595268288453,0.999158239229542,0.9325565190829292,18.106,1.8097163422184541,35.21284176077046,3.519565624125635,36.212,3.6194326844369082,2.39,0.2388833567823984,908.5674434809171,90.8124019924366,1006.1676877328533,1005.0307937233767,0.03020627662328934,1543.1581708164963,1545.908146730779,0.011853269221091978
339,2026-08-28,12:22:30.998,60,5,90.53,909.5,0.0,0.0,2.39,0.0,0.0,100.0,1005.064,0.000901219,0.004150391,1545.969,0.01721108,0.0838623,25.72339,0.001860938,1498.363,0.0005842705,6.883667,4.548316e-05,100,1,1,1,339,2026-08-28 12:22:30.998000+00:00,2,88.56816666666667,,True,1.476136111111111,0.0,0.0,18.106,1.8062289259990825,36.212,3.612457851998165,36.212,3.612457851998165,2.39,0.23842301630055268,909.5,90.73043235370405,1005.9874155470827,1005.0494183841278,0.014581615872202747,1543.8959117921413,1545.8277254341774,0.1412745658226413,1.0297751696656858,0.0,18.106,1.808086353456037,35.18222483033432,3.5133381530956376,36.212,3.616172706912074,2.39,0.238668197545561,909.5,90.82373458899069,1006.1690904486509,1005.040847030287,0.023152969713009952,1543.0672206239417,1545.8661404116876,0.1028595883124126,1.0222423662262397,0.9541019082644352,18.106,1.8097970731664799,35.189757633773766,3.5174152419662845,36.212,3.6195941463329597,2.39,0.23889401330320814,908.5458980917356,90.81429952523108,1006.1772917971851,1005.0403977877086,0.023602212291393698,1543.114326068673,1545.8643019829558,0.10469801704425663
340,2026-08-28,12:24:31.000,61,5,90.53,909.5,0.0,0.0,2.39,0.0,0.0,100.0,1005.061,0.001347792,0.005371094,1546.006,0.01353708,0.07092285,25.73298,0.002127378,1498.365,0.0003028389,6.883572,3.572309e-05,100,1,1,1,340,2026-08-28 12:24:31+00:00,2,90.56819999999999,,True,1.5094699999999999,0.0,0.0,18.106,1.8062289259990825,36.212,3.612457851998165,36.212,3.612457851998165,2.39,0.23842301630055268,909.5,90.73043235370405,1005.9842958652827,1005.0462987023277,0.014701297672331748,1543.911232417648,1545.8430460596842,0.1629539403159015,1.0530294013234525,0.0,18.106,1.8081283417182377,35.158970598676554,3.5110974928258756,36.212,3.6162566834364753,2.39,0.23867374001472372,909.5,90.8258437420047,1006.1700877529158,1005.0418443345519,0.019155665448124637,1543.063897862051,1545.8628176497969,0.143182350203233,1.0453264932229374,0.975647297445941,18.106,1.8098778113175975,35.166673506777066,3.5152646679424615,36.212,3.619755622635195,2.39,0.23890467077482921,908.5243527025541,90.81619722732991,1006.1784774364772,1005.0415834270007,0.019416572999375603,1543.1120390841368,1545.8620149984195,0.14398500158063143
341,2026-08-28,12:26:31.002,62,5,90.53,909.5,0.0,0.0,2.39,0.0,0.0,100.0,1005.056,0.001713589,0.008422852,1546.026,0.01106873,0.05908203,25.74219,0.002248323,1498.366,0.0002616851,6.88352,2.931518e-05,100,1,1,1,341,2026-08-28 12:26:31.002000+00:00,2,92.56823333333334,,True,1.5428038888888889,0.0,0.0,18.106,1.8062289259990825,36.212,3.612457851998165,36.212,3.612457851998165,2.39,0.23842301630055268,909.5,90.73043235370405,1005.9812997994006,1005.0433026364457,0.012697363554366348,1543.925940046203,1545.8577536882392,0.16824631176086768,1.0762836329812193,0.0,18.106,1.808170331930627,35.13571636701879,3.5088567284862875,36.212,3.616340663861254,2.39,0.23867928274131217,909.5,90.82795299298051,1006.1712091868682,1005.0429657685042,0.013034231495794302,1543.059961794137,1545.858881581883,0.16711841811707018,1.068410620219635,0.997192686627447,18.106,1.8099585566727714,35.143589379780366,3.513113902028488,36.212,3.619917113345543,2.39,0.2389153291973889,908.5028073133725,90.8180950987558,1006.1797873666851,1005.0428933572085,0.013106642791512968,1543.109138000024,1545.8591139143066,0.16688608569347707
342,2026-08-28,12:28:31.004,63,5,90.53,909.5,0.0,0.0,2.39,0.0,0.0,100.0,1005.049,0.003204098,0.01373291,1546.036,0.01116911,0.05822754,25.75011,0.001594862,1498.365,0.0005153643,6.883496,2.968196e-05,100,0,1,0,342,2026-08-28 12:28:31.004000+00:00,2,94.56826666666666,,True,1.5761377777777776,0.0,0.0,18.106,1.8062289259990825,36.212,3.612457851998165,36.212,3.612457851998165,2.39,0.23842301630055268,909.5,90.73043235370405,1005.9787233777273,1005.0407262147723,0.00827378522762956,1543.9385830057997,1545.8703966478358,0.16560335216422573,1.099537864638986,0.0,18.106,1.8082123240933416,35.112462135361014,3.506615860069623,36.212,3.6164246481866833,2.39,0.23868482572534444,909.5,90.830062341925,1006.1727504824725,1005.0445070641085,0.004492935891448724,1543.0539524972867,1545.8528722850326,0.18312771496744062,1.0914947472163328,1.0187380758089528,18.106,1.8100393092329659,35.12050525278367,3.5109629441986803,36.212,3.6200786184659317,2.39,0.23892598857101446,908.481261924191,90.81999313953142,1006.1815173723612,1005.0446233628846,0.004376637115342419,1543.1041639625703,1545.854139876853,0.18186012314708933
343,2026-08-28,12:30:31.006,64,5,90.53,909.5,0.0,0.0,2.39,0.0,0.0,100.0,1005.037,0.003574759,0.01580811,1546.046,0.01303141,0.06286621,25.7563,0.001789926,1498.364,0.0006832359,6.883472,3.456356e-05,100,0,1,0,343,2026-08-28 12:30:31.006000+00:00,2,96.5683,,True,1.6094716666666666,0.0,0.0,18.106,1.8062289259990825,36.212,3.612457851998165,36.212,3.612457851998165,2.39,0.23842301630055268,909.5,90.73043235370405,1005.9767097349028,1005.0387125719478,-0.00171257194779173,1543.94846131891,1545.880274960946,0.16572503905399572,1.1227920962967526,0.0,18.106,1.8082543182065172,35.08920790370325,3.5043748875686314,36.212,3.6165086364130343,2.39,0.23869036896683837,909.5,90.83217178884499,1006.1748546071667,1005.0466111888028,-0.009611188802750803,1543.0451653266584,1545.8440851144044,0.20191488559567006,1.1145788742130305,1.0402834649904589,18.106,1.8101200689991448,35.09742112578697,3.5088117944273476,36.212,3.6202401379982896,2.39,0.2389366488958332,908.4597165350095,90.82189134967938,1006.1838104506949,1005.0469164412183,-0.009916441218251748,1543.0964129311203,1545.846388845403,0.1996111545970507
344,2026-08-28,12:32:31.008,65,5,90.53,909.5,0.0,0.0,2.39,0.0,0.0,100.0,1005.03,0.002800859,0.01275635,1546.05,0.01223082,0.07250977,25.76324,0.001454654,1498.364,0.0005973387,6.883463,3.25243e-05,100,0,1,0,344,2026-08-28 12:32:31.008000+00:00,2,98.56833333333334,,True,1.6428055555555556,0.0,0.0,18.106,1.8062289259990825,36.212,3.612457851998165,36.212,3.612457851998165,2.39,0.23842301630055268,909.5,90.73043235370405,1005.9744521126044,1005.0364549496494,-0.006454949649423725,1543.9595333994444,1545.8913470414805,0.15865295851949668,1.1460463279545194,0.0,18.106,1.808296314270289,35.06595367204548,3.5021338109760602,36.212,3.616592628540578,2.39,0.23869591246581193,909.5,90.83428133374726,1006.1767155878647,1005.0484721695008,-0.018472169500796554,1543.0375805578672,1545.836500345613,0.21349965438685103,1.1376630012097282,1.0618288541719647,18.106,1.8102008359722734,35.07433699879027,3.5066604526887986,36.212,3.620401671944547,2.39,0.23894731017197246,908.438171145828,90.82378972922241,1006.1858604895166,1005.04896648004,-0.018966480040035094,1543.0898623478893,1545.839838262172,0.21016173782800252
345,2026-08-28,12:34:31.010,66,5,90.53,909.5,0.0,0.0,2.39,0.0,0.0,100.0,1005.024,0.003248648,0.01708984,1546.056,0.01372472,0.07336426,25.77018,0.001637017,1498.364,0.0005671338,6.883448,3.655965e-05,100,0,1,0,345,2026-08-28 12:34:31.010000+00:00,2,100.56836666666666,,True,1.6761394444444444,0.0,0.0,18.106,1.8062289259990825,36.212,3.612457851998165,36.212,3.612457851998165,2.39,0.23842301630055268,909.5,90.73043235370405,1005.9721944901652,1005.0341973272102,-0.010197327210221374,1543.9706021805462,1545.9024158225823,0.15358417741776975,1.169300559612286,0.0,18.106,1.8083383122847938,35.042699440387715,3.4998926302846574,36.212,3.6166766245695876,2.39,0.23870145622228306,909.5,90.83639097663868,1006.1785771656972,1005.0503337473333,-0.026333747333296742,1543.029994493918,1545.8289142816639,0.22708571833618407,1.160747128206426,1.0833742433534705,18.106,1.810281610153316,35.05125287179358,3.5045089189573355,36.212,3.620563220306632,2.39,0.23895797239955952,908.4166257566466,90.82568827818315,1006.1879112722354,1005.0510172627588,-0.027017262758818106,1543.0833093750991,1545.8332852893818,0.22271471061822012
346,2026-08-28,12:36:31.012,67,5,90.53,909.5,0.0,0.0,2.39,0.0,0.0,100.0,1005.017,0.002911563,0.01391602,1546.056,0.01393132,0.07824707,25.77654,0.00148731,1498.363,0.0006076019,6.88345,3.704991e-05,100,0,1,0,346,2026-08-28 12:36:31.012000+00:00,2,102.56840000000001,,True,1.7094733333333334,0.0,0.0,18.106,1.8062289259990825,36.212,3.612457851998165,36.212,3.612457851998165,2.39,0.23842301630055268,909.5,90.73043235370405,1005.970125544982,1005.032128382027,-0.015128382027000953,1543.9807430068586,1545.9125566488947,0.14344335110536122,1.192554791270053,0.0,18.106,1.8083803122501672,35.01944520872995,3.497651345487169,36.212,3.6167606245003343,2.39,0.2387070002362697,909.5,90.83850071752606,1006.1806278191847,1005.0523844008208,-0.03538440082070338,1543.021476935683,1545.820396723429,0.23560327657105518,1.1838312552031236,1.1049196325349766,18.106,1.8103623915432376,35.02816874479688,3.5023571932072555,36.212,3.6207247830864753,2.39,0.23896863557872186,908.395080367465,90.8275869965843,1006.1901513127136,1005.053257303237,-0.03625730323699372,1543.0758245316567,1545.8258004459394,0.23019955406061854
347,2026-08-28,12:38:31.014,68,5,90.53,909.5,0.0,0.0,2.39,0.0,0.0,100.0,1005.012,0.002008473,0.00994873,1546.053,0.01300698,0.06494141,25.78128,0.0007049057,1498.363,0.0004300972,6.88346,3.460244e-05,100,1,1,1,347,2026-08-28 12:38:31.014000+00:00,2,104.56843333333333,,True,1.7428072222222222,0.0,0.0,18.106,1.8062289259990825,36.212,3.612457851998165,36.212,3.612457851998165,2.39,0.23842301630055268,909.5,90.73043235370405,1005.9685835951931,1005.0305864322381,-0.01858643223818035,1543.9882989893877,1545.9201126314238,0.1328873685763483,1.2158090229278196,0.0,18.106,1.808422314166545,34.99619097707218,3.495409956576341,36.212,3.61684462833309,2.39,0.23871254450778978,909.5,90.84061055641624,1006.1832054926343,1005.0549620742704,-0.042962074270462836,1543.0103605617514,1545.8092803494974,0.24371965050272593,1.206915382199821,1.1264650217164824,18.106,1.8104431801430036,35.00508461780018,3.500205275412852,36.212,3.6208863602860073,2.39,0.2389792997095868,908.3735349782835,90.82948588444854,1006.1929186216769,1005.0560246122003,-0.044024612200360025,1543.0657418469464,1545.815717761229,0.23728223877105847
348,2026-08-28,12:40:31.016,69,5,90.53,909.5,0.0,0.0,2.39,0.0,0.0,100.0,1005.008,0.002194639,0.01068115,1546.045,0.01414564,0.0592041,25.78273,0.0003097506,1498.362,0.0005249712,6.883482,3.764889e-05,100,0,1,0,348,2026-08-28 12:40:31.016000+00:00,2,106.56846666666667,,True,1.7761411111111112,0.0,0.0,18.106,1.8062289259990825,36.212,3.612457851998165,36.212,3.612457851998165,2.39,0.23842301630055268,909.5,90.73043235370405,1005.9681119016792,1005.0301147387243,-0.022114738724212657,1543.9906101109918,1545.922423753028,0.12257624697213032,1.2390632545855864,0.0,18.106,1.808464318034063,34.972936745414415,3.4931684635449187,36.212,3.616928636068126,2.39,0.23871808903686126,909.5,90.84272049331602,1006.1868528235187,1005.0586094051548,-0.05060940515477341,1542.9939679421323,1545.7928877298782,0.2521122701218701,1.229999509196519,1.1480104108979885,18.106,1.810523975953579,34.982000490803486,3.4980531655484133,36.212,3.621047951907158,2.39,0.23898996479228174,908.351989589102,90.83138494179856,1006.1967559473761,1005.0598619378995,-0.051861937899502664,1543.0503861449956,1545.8003620592783,0.24463794072175915
349,2026-08-28,12:42:31.018,70,5,90.53,909.5,0.0,0.0,2.39,0.0,0.0,100.0,1004.999,0.003688811,0.0133667,1546.042,0.01402622,0.06347656,25.78538,0.0009774868,1498.361,0.000755019,6.88349,3.729409e-05,100,0,1,0,349,2026-08-28 12:42:31.018000+00:00,2,108.5685,,True,1.809475,0.0,0.0,18.106,1.8062289259990825,36.212,3.612457851998165,36.212,3.612457851998165,2.39,0.23842301630055268,909.5,90.73043235370405,1005.9672498411032,1005.0292526781483,-0.030252678148258383,1543.9948335124961,1545.9266471545322,0.11535284546766889,1.262317486243353,0.0,18.106,1.8085063238528574,34.94968251375665,3.4909268663856468,36.212,3.6170126477057147,2.39,0.2387236338235021,909.5,90.84483052823228,1006.1901107488684,1005.0618673305045,-0.06286733050444582,1542.9794997380304,1545.7784195257764,0.263580474223545,1.2530836361932165,1.1695558000794943,18.106,1.8106047789759294,34.958916363806786,3.4959008635882234,36.212,3.621209557951859,2.39,0.2390006308269342,908.3304441999205,90.83328416865704,1006.2002039500784,1005.0633099406018,-0.06430994060178818,1543.036952450235,1545.7869283645177,0.2550716354821816
350,2026-08-28,12:44:31.020,71,5,90.53,909.5,0.0,0.0,2.39,0.0,0.0,100.0,1004.994,0.003618272,0.01477051,1546.033,0.01510162,0.0847168,25.78932,0.0009234902,1498.361,0.000729798,6.883515,4.019887e-05,100,0,1,0,350,2026-08-28 12:44:31.020000+00:00,2,110.56853333333333,,True,1.842808888888889,0.0,0.0,18.106,1.8062289259990825,36.212,3.612457851998165,36.212,3.612457851998165,2.39,0.23842301630055268,909.5,90.73043235370405,1005.965968135907,1005.0279709729521,-0.03397097295203366,1544.0011119437866,1545.9329255858227,0.10007441417724294,1.28557171790112,0.0,18.106,1.8085483316230642,34.92642828209888,3.48868516509127,36.212,3.6170966632461283,2.39,0.2387291788677302,909.5,90.84694066117181,1006.1929500465993,1005.0647066282354,-0.07070662823537077,1542.9671002616967,1545.7660200494427,0.2669799505572428,1.2761677631899144,1.1911011892610002,18.106,1.81068558921102,34.935832236810086,3.493748369506562,36.212,3.62137117842204,2.39,0.23901129781367156,908.308898810739,90.8351835650467,1006.2032333978692,1005.0663393883926,-0.07233938839260645,1543.0255848731213,1545.775560787404,0.2574392125959548
351,2026-08-28,12:46:31.022,72,5,90.53,909.5,0.0,0.0,2.39,0.0,0.0,100.0,1004.99,0.003565602,0.01483154,1546.025,0.0126134,0.06542969,25.79142,0.0005312429,1498.36,0.0008032757,6.883536,3.352909e-05,100,0,1,0,351,2026-08-28 12:46:31.022000+00:00,2,112.56856666666665,,True,1.8761427777777777,0.0,0.0,18.106,1.8062289259990825,36.212,3.612457851998165,36.212,3.612457851998165,2.39,0.23842301630055268,909.5,90.73043235370405,1005.965284993525,1005.02728783057,-0.037287830569994185,1544.0044578808734,1545.9362715229095,0.08872847709062626,1.3088259495588865,0.0,18.106,1.8085903413448192,34.903174050441116,3.4864433596545306,36.212,3.6171806826896384,2.39,0.23873472416956357,909.5,90.84905089214145,1006.1963877785962,1005.0681443602323,-0.07814436023227245,1542.951750001052,1545.750669788798,0.27433021120214107,1.299251890186612,1.212646578442506,18.106,1.8107664066598175,34.91274810981339,3.491595683277705,36.212,3.621532813319635,2.39,0.2390219657526214,908.2873534215574,90.83708313099024,1006.206861556093,1005.0699675466165,-0.07996754661644445,1543.011268042826,1545.7612439571087,0.263756042891373
352,2026-08-28,12:48:31.024,73,5,90.53,909.5,0.0,0.0,2.39,0.0,0.0,100.0,1004.986,0.002155142,0.01153564,1546.014,0.01441113,0.06811523,25.79284,0.0006431143,1498.359,0.0005133232,6.883567,3.835947e-05,100,0,1,0,352,2026-08-28 12:48:31.024000+00:00,2,114.5686,,True,1.9094766666666667,0.0,0.0,18.106,1.8062289259990825,36.212,3.612457851998165,36.212,3.612457851998165,2.39,0.23842301630055268,909.5,90.73043235370405,1005.9648230591451,1005.0268258961902,-0.04082589619019927,1544.0067202002574,1545.9385338422935,0.0754661577063871,1.3320801812166534,0.0,18.106,1.8086323530182589,34.87991981878335,3.484201450068172,36.212,3.6172647060365177,2.39,0.23874026972902013,909.5,90.85116122114803,1006.2000469964496,1005.0718035780857,-0.08580357808568806,1542.9353091682954,1545.7342289560413,0.27977104395858987,1.3223360171833096,1.234191967624012,18.106,1.8108472313232866,34.88966398281669,3.489442804875919,36.212,3.6216944626465732,2.39,0.2390326346439111,908.265808032376,90.8389828665103,1006.2107114043096,1005.073817394833,-0.08781739483299589,1542.9958607032977,1545.7458366175804,0.268163382419516
353,2026-08-28,12:50:31.026,74,5,90.53,909.5,0.0,0.0,2.39,0.0,0.0,100.0,1004.982,0.002859887,0.01422119,1545.998,0.01287197,0.05969238,25.79568,0.0007763177,1498.359,0.0007008369,6.883609,3.428546e-05,100,0,1,0,353,2026-08-28 12:50:31.026000+00:00,2,116.56863333333334,,True,1.9428105555555557,0.0,0.0,18.106,1.8062289259990825,36.212,3.612457851998165,36.212,3.612457851998165,2.39,0.23842301630055268,909.5,90.73043235370405,1005.9638991903677,1005.0259020274127,-0.04390202741274152,1544.011244424104,1545.94305806614,0.0549419338599364,1.3553344128744202,0.0,18.106,1.8086743666435188,34.85666558712558,3.4819594363249364,36.212,3.6173487332870375,2.39,0.23874581554611782,909.5,90.8532716481984,1006.2032453557725,1005.0750019374086,-0.09300193740864415,1542.9211455879827,1545.7200653757286,0.2779346242714382,1.3454201441800075,1.2557373568055181,18.106,1.8109280632023943,34.86657985581999,3.487289734275473,36.212,3.6218561264047886,2.39,0.2390433044876683,908.2442626431945,90.84088277162968,1006.2141004564415,1005.077206446965,-0.09520644696499403,1542.9827277924107,1545.7327037066934,0.2652962933066192
354,2026-08-28,12:52:31.028,75,5,90.53,909.5,0.0,0.0,2.39,0.0,0.0,100.0,1004.978,0.002516789,0.01342773,1545.996,0.01565283,0.08325195,25.79884,0.00107057,1498.359,0.0006193784,6.883616,4.148107e-05,100,0,1,0,354,2026-08-28 12:52:31.028000+00:00,2,118.56866666666666,,True,1.9761444444444445,0.0,0.0,18.106,1.8062289259990825,36.212,3.612457851998165,36.212,3.612457851998165,2.39,0.23842301630055268,909.5,90.73043235370405,1005.9628712236721,1005.0248740607171,-0.046874060717186694,1544.0162777693395,1545.9480914113756,0.04790858862452296,1.3785886445321869,0.0,18.106,1.8087163822207348,34.83341135546782,3.4797173184175634,36.212,3.6174327644414697,2.39,0.2387513616208746,909.5,90.85538217329936,1006.2063402879246,1005.0780968695607,-0.10009686956072983,1542.9074951630225,1545.7064149507685,0.28958504923161854,1.368504271176705,1.277282745987024,18.106,1.811008902298107,34.8434957288233,3.485136471450627,36.212,3.622017804596214,2.39,0.2390539752840205,908.222717254013,90.84278284637104,1006.2173862158552,1005.0804922063786,-0.10249220637865619,1542.9701066776659,1545.7200825919485,0.27591740805155496
355,2026-08-28,12:54:31.030,76,5,90.53,909.5,0.0,0.0,2.39,0.0,0.0,100.0,1004.935,0.03595435,0.1109619,1546.123,0.04714227,0.1905518,25.80366,0.001204215,1498.349,0.008341204,6.883279,0.0001251222,100,0,1,0,355,2026-08-28 12:54:31.030000+00:00,2,120.5687,,True,2.0094783333333335,0.0,0.0,18.106,1.8062289259990825,36.212,3.612457851998165,36.212,3.612457851998165,2.39,0.23842301630055268,909.5,90.73043235370405,1005.961303249099,1005.0233060861441,-0.08830608614414359,1544.023953894187,1545.955767536223,0.16723246377705436,1.4018428761899535,0.0,18.106,1.8087583997500434,34.81015712381005,3.4774750963387957,36.212,3.6175167995000868,2.39,0.23875690795330848,909.5,90.85749279645776,1006.2088964224887,1005.0806530041248,-0.1456530041248243,1542.8965066523933,1545.6954264401393,0.4275735598607753,1.3915883981734027,1.2988281351685298,18.106,1.8110897486113906,34.8204116018266,3.482983016375637,36.212,3.622179497222781,2.39,0.2390646470330953,908.2011718648315,90.8446830907571,1006.2201332162699,1005.0832392067933,-0.14823920679339153,1542.960144164394,1545.7101200786767,0.41287992132333784
356,2026-08-28,13:04:03.379,77,5,90.53,909.5,0.0,0.0,2.39,0.0,0.0,100.0,1005.038,0.006943153,0.02624512,1545.995,0.04422731,0.1912842,25.81736,0.004157808,1498.375,0.001323939,6.883625,0.0001166902,100,0,1,0,356,2026-08-28 13:04:03.379000+00:00,2,130.10784999999998,,True,2.1684641666666664,0.0,0.0,18.106,1.8062289259990825,36.212,3.612457851998165,36.212,3.612457851998165,2.39,0.23842301630055268,909.5,90.73043235370405,1005.9568465575148,1005.0188493945599,0.019150605440131585,1544.0457632189236,1545.9775768609597,0.017423139040147362,1.5127538296331553,0.0,18.106,1.8089588290300114,34.69924617036685,3.46677939470733,36.212,3.6179176580600227,2.39,0.23878336470682243,909.5,90.86756075349581,1006.2241135141978,1005.0958700958339,-0.057870095833891355,1542.8292005098676,1545.6281202976136,0.3668797023863135,1.5016880381996764,1.4015887720966285,18.106,1.8114754440745424,34.71031196180033,3.472709476138747,36.212,3.622950888149085,2.39,0.23911555900464798,908.0984112279034,90.85374863263299,1006.236263448566,1005.0993694390894,-0.06136943908938974,1542.89773222399,1545.6477081382727,0.34729186172717164
357,2026-08-28,13:06:03.381,78,5,90.53,909.5,0.0,0.0,2.39,0.0,0.0,100.0,1005.06,0.006020199,0.02484131,1545.881,0.03131517,0.1311035,25.81133,0.0005239681,1498.38,0.001581738,6.883926,8.332483e-05,100,0,1,0,357,2026-08-28 13:06:03.381000+00:00,2,132.10788333333332,,True,2.2017980555555554,0.0,0.0,18.106,1.8062289259990825,36.212,3.612457851998165,36.212,3.612457851998165,2.39,0.23842301630055268,909.5,90.73043235370405,1005.9588081524915,1005.0208109895366,0.03918901046336032,1544.0361655195325,1545.9679791615686,-0.08697916156847896,1.5360080612909222,0.0,18.106,1.8090008578245653,34.67599193870908,3.4645365714703655,36.212,3.6180017156491306,2.39,0.23878891252627366,909.5,90.86967194252966,1006.2301977440711,1005.1019543257072,-0.04195432570725188,1542.800811678842,1545.5997314665879,0.2812685334122307,1.5247721651963742,1.4231341612781345,18.106,1.8115563320484533,34.68722783480363,3.4705549113744545,36.212,3.6231126640969067,2.39,0.23912623625294394,908.0768658387219,90.85564985622723,1006.2425402728759,1005.1056462633993,-0.0456462633993624,1542.87038091253,1545.6203568268127,0.26064317318741814
358,2026-08-28,13:08:03.383,79,5,90.53,909.5,0.0,0.0,2.39,0.0,0.0,100.0,1005.081,0.004650342,0.019104,1545.804,0.021249,0.09643555,25.81446,0.0009081893,1498.386,0.001267126,6.884131,5.671373e-05,100,0,1,0,358,2026-08-28 13:08:03.383000+00:00,2,134.10791666666668,,True,2.2351319444444444,0.0,0.0,18.106,1.8062289259990825,36.212,3.612457851998165,36.212,3.612457851998165,2.39,0.23842301630055268,909.5,90.73043235370405,1005.9577899448302,1005.0197927818753,0.06120721812476404,1544.0411477215057,1545.9729613635418,-0.16896136354171176,1.559262292948689,0.0,18.106,1.8090428885721332,34.652737707051315,3.4622936440128456,36.212,3.6180857771442665,2.39,0.23879446060352358,909.5,90.87178322966723,1006.2333066340121,1005.1050632156482,-0.02406321564819791,1542.787113095327,1545.586032883073,0.21796711692718418,1.547856292193072,1.4446795504596406,18.106,1.811637227246483,34.66414370780693,3.4684001541856264,36.212,3.623274454492966,2.39,0.23913691445482677,908.0553204495403,90.8575512496201,1006.2458412172812,1005.1089472078046,-0.027947207804572827,1542.8577047428018,1545.6076806570845,0.19631934291555808
359,2026-08-28,13:10:03.385,80,5,90.53,909.5,0.0,0.0,2.39,0.0,0.0,100.0,1005.097,0.004126018,0.01446533,1545.732,0.01820726,0.08825684,25.81217,0.001300797,1498.39,0.0007576589,6.884322,4.821052e-05,100,0,1,0,359,2026-08-28 13:10:03.385000+00:00,2,136.10795,,True,2.2684658333333334,0.0,0.0,18.106,1.8062289259990825,36.212,3.612457851998165,36.212,3.612457851998165,2.39,0.23842301630055268,909.5,90.73043235370405,1005.9585348954863,1005.0205377325314,0.07646226746862794,1544.0375026621252,1545.9693163041613,-0.23731630416136795,1.5825165246064559,0.0,18.106,1.8090849212728504,34.62948347539355,3.460050612327505,36.212,3.6181698425457007,2.39,0.2388000089385901,909.5,90.87389461491534,1006.2381768169595,1005.1099333985956,-0.012933398595578183,1542.7647201134703,1545.5636399012162,0.1683600987837508,1.5709404191897698,1.4662249396411464,18.106,1.811718129669598,34.641059580810236,3.466245204546483,36.212,3.623436259339196,2.39,0.23914759361042412,908.0337750603588,90.8594528128343,1006.2509040414933,1005.1140100320167,-0.017010032016742116,1542.8363420138078,1545.5863179280905,0.14568207190950488
360,2026-08-28,13:12:03.387,81,5,90.53,909.5,0.0,0.0,2.39,0.0,0.0,100.0,1005.109,0.003669155,0.01519775,1545.666,0.02039392,0.09301758,25.80706,0.00139214,1498.392,0.0007227767,6.884496,5.398913e-05,100,0,1,0,360,2026-08-28 13:12:03.387000+00:00,2,138.10798333333332,,True,2.301799722222222,0.0,0.0,18.106,1.8062289259990825,36.212,3.612457851998165,36.212,3.612457851998165,2.39,0.23842301630055268,909.5,90.73043235370405,1005.9601972089032,1005.0222000459482,0.08679995405179852,1544.0293676291726,1545.9611812712087,-0.2951812712087758,1.6057707562642223,0.0,18.106,1.809126955926854,34.60622924373578,3.4578074764070794,36.212,3.618253911853708,2.39,0.23880555753149124,909.5,90.87600609828087,1006.2439635734257,1005.1157201550618,-0.006720155061771038,1542.7378001538546,1545.5367199416005,0.1292800583994449,1.5940245461864673,1.4877703288226523,18.106,1.8117990393187677,34.617975453813536,3.4640900624312407,36.212,3.6235980786375355,2.39,0.23915827371986384,908.0122296711774,90.8613545458926,1006.2568838346995,1005.1199898252229,-0.010989825222850413,1542.8104562485623,1545.560432162845,0.10556783715492202
361,2026-08-28,13:14:03.389,82,5,90.53,909.5,0.0,0.0,2.39,0.0,0.0,100.0,1005.11,0.005956835,0.03070068,1545.583,0.04465628,0.1652832,25.80281,0.0009382368,1498.391,0.001440795,6.884716,0.0001186578,100,0,1,0,361,2026-08-28 13:14:03.389000+00:00,2,140.10801666666666,,True,2.335133611111111,0.0,0.0,18.106,1.8062289259990825,36.212,3.612457851998165,36.212,3.612457851998165,2.39,0.23842301630055268,909.5,90.73043235370405,1005.961579759143,1005.023582596188,0.0864174038119927,1544.0226003364892,1545.9544139785253,-0.3714139785251973,1.6290249879219891,0.0,18.106,1.8091689925342793,34.582975012078016,3.455564236244302,36.212,3.6183379850685586,2.39,0.23881110638224495,909.5,90.87811767977063,1006.2494714101422,1005.1212279917783,-0.01122799177824163,1542.7122567473782,1545.5111765351242,0.0718234648759335,1.617108673183165,1.509315718004158,18.106,1.8118799561949597,34.594891326816835,3.4619347278141097,36.212,3.6237599123899193,2.39,0.23916895478327369,907.9906842819959,90.86325644881774,1006.2625848129047,1005.1256908034281,-0.015690803428128675,1542.7859450556823,1545.535920969965,0.04707903003509273
364,2026-08-28,13:20:03.395,85,5,90.53,909.5,0.0,0.0,2.39,0.0,0.0,100.0,1005.111,0.04990106,0.2405396,1545.438,0.0219442,0.09570313,25.78573,0.001700763,1498.388,0.01211422,6.885099,5.806618e-05,100,0,1,0,364,2026-08-28 13:20:03.395000+00:00,2,146.10811666666666,,True,2.4351352777777775,0.0,0.0,18.106,1.8062289259990825,36.212,3.612457851998165,36.212,3.612457851998165,2.39,0.23842301630055268,909.5,90.73043235370405,1005.9671359840445,1005.0291388210895,0.08186117891045797,1543.9953912842448,1545.9272049262809,-0.4892049262807632,1.6987876828952893,0.0,18.106,1.8092951140784495,34.51321231710472,3.4488338902291904,36.212,3.618590228156899,2.39,0.23882775448180127,909.5,90.88445301305366,1006.2674042025112,1005.1391607841473,-0.028160784147303275,1542.6286499097166,1545.4275696974626,0.010430302537542957,1.6863610541732579,1.5739518855486758,18.106,1.8121227501953538,34.52563894582674,3.4554675686934364,36.212,3.6242455003907077,2.39,0.2392010036986024,907.9260481144513,90.8689631770219,1006.2810984349369,1005.1442044254603,-0.03320442546032609,1542.705438777274,1545.4554146915566,-0.01741469155649611
365,2026-08-28,13:22:03.397,86,5,90.53,909.5,0.0,0.0,2.39,0.0,0.0,100.0,1005.161,0.01059556,0.04968262,1545.388,0.01994911,0.07116699,25.77891,0.001775878,1498.398,0.002485176,6.885229,5.271347e-05,100,0,1,0,365,2026-08-28 13:22:03.397000+00:00,2,148.10815,,True,2.4684691666666665,0.0,0.0,18.106,1.8062289259990825,36.212,3.612457851998165,36.212,3.612457851998165,2.39,0.23842301630055268,909.5,90.73043235370405,1005.9693545700957,1005.0313574071407,0.12964259285922708,1543.9845211906418,1545.9163348326779,-0.528334832677956,1.722041914553056,0.0,18.106,1.8093371585009248,34.48995808544695,3.446590233024333,36.212,3.6186743170018496,2.39,0.23883330436414502,909.5,90.88656498710874,1006.2737486577713,1005.1455052394074,0.015494760592559942,1542.598960469569,1545.397880257315,-0.009880257314989649,1.7094451811699558,1.5954972747301819,18.106,1.8122036959893202,34.50255481883005,3.4533114638107776,36.212,3.6244073919786404,2.39,0.23921168857917127,907.9045027252698,90.8708657596421,1006.2876369491867,1005.1507429397101,0.01025706028985951,1542.6767837651357,1545.4267596794184,-0.03875967941849012
366,2026-08-28,13:24:03.399,87,5,90.53,909.5,0.0,0.0,2.39,0.0,0.0,100.0,1005.153,0.03095129,0.1362305,1545.323,0.01663794,0.06311035,25.77173,0.001695542,1498.395,0.007532858,6.8854,4.394384e-05,100,0,1,0,366,2026-08-28 13:24:03.399000+00:00,2,150.10818333333333,,True,2.5018030555555555,0.0,0.0,18.106,1.8062289259990825,36.212,3.612457851998165,36.212,3.612457851998165,2.39,0.23842301630055268,909.5,90.73043235370405,1005.9716902661145,1005.0336931031595,0.11930689684049867,1543.9730738638136,1545.9048875058497,-0.581887505849636,1.745296146210823,0.0,18.106,1.8093792048775033,34.46670385378918,3.444346471540784,36.212,3.6187584097550065,2.39,0.23883885450443126,909.5,90.88867705932228,1006.2802104794007,1005.1519670610368,0.0010329389632488528,1542.5686860685016,1545.3676058562476,-0.04460585624747182,1.7325293081666535,1.6170426639116877,18.106,1.8122846490151523,34.47947069183335,3.4511551662972177,36.212,3.6245692980303046,2.39,0.2392223744143496,907.8829573360883,90.87276851224297,1006.2942930397525,1005.1573990302759,-0.00439903027586297,1542.6475439462988,1545.3975198605815,-0.07451986058140392
367,2026-08-28,13:26:03.401,88,5,90.53,909.5,0.0,0.0,2.39,0.0,0.0,100.0,1005.181,0.009782459,0.04394531,1545.286,0.01279271,0.06091309,25.76564,0.001777432,1498.4,0.00233513,6.885498,3.369102e-05,100,0,1,0,367,2026-08-28 13:26:03.401000+00:00,2,152.10821666666666,,True,2.5351369444444445,0.0,0.0,18.106,1.8062289259990825,36.212,3.612457851998165,36.212,3.612457851998165,2.39,0.23842301630055268,909.5,90.73043235370405,1005.9736713786356,1005.0356742156806,0.1453257843194251,1543.9633615932605,1545.8951752352966,-0.6091752352965614,1.7685503778685896,0.0,18.106,1.8094212532083211,34.44344962213141,3.442102605771274,36.212,3.6188425064166423,2.39,0.23884440490267794,909.5,90.89078922970108,1006.2863186826696,1005.1580752643057,0.022924735694346055,1542.540158943635,1545.339078731381,-0.053078731380992394,1.7556134351633512,1.6385880530931938,18.106,1.8123656092738196,34.45638656483665,3.4489986761269424,36.212,3.6247312185476392,2.39,0.23923306120426535,907.8614119469069,90.87467143484734,1006.3005955955049,1005.1637015860283,0.017298413971730042,1542.620048981711,1545.3700248959938,-0.0840248959937071
368,2026-08-28,13:28:03.403,89,5,90.53,909.5,0.0,0.0,2.39,0.0,0.0,100.0,1005.177,0.04247353,0.2043457,1545.239,0.01711027,0.06298828,25.7568,0.002778592,1498.397,0.01034855,6.885619,4.488917e-05,100,0,1,0,368,2026-08-28 13:28:03.403000+00:00,2,154.10825000000003,,True,2.5684708333333335,0.0,0.0,18.106,1.8062289259990825,36.212,3.612457851998165,36.212,3.612457851998165,2.39,0.23842301630055268,909.5,90.73043235370405,1005.9765470820043,1005.0385499190494,0.1384500809506335,1543.9492591295086,1545.8810727715447,-0.6420727715446901,1.7918046095263565,0.0,18.106,1.8094633034935144,34.420195390473644,3.4398586357085317,36.212,3.6189266069870287,2.39,0.23884995555890307,909.5,90.89290149825203,1006.2933205464258,1005.1650771280619,0.0119228719381681,1542.5072004585309,1545.3061202462768,-0.06712024627677238,1.778697562160049,1.6601334422746998,18.106,1.8124465767662914,34.433302437839956,3.446841993274131,36.212,3.624893153532583,2.39,0.23924374894904651,907.8398665577253,90.87657452747796,1006.307792233772,1005.1708982242955,0.006101775704564716,1542.5881271280223,1545.338103042305,-0.09910304230493239
369,2026-08-28,13:30:03.405,90,5,90.53,909.5,0.0,0.0,2.39,0.0,0.0,100.0,1005.189,0.03169972,0.1256714,1545.186,0.01594904,0.06872559,25.74635,0.002423292,1498.398,0.00770321,6.885758,4.195081e-05,100,0,1,0,369,2026-08-28 13:30:03.405000+00:00,2,156.10828333333333,,True,2.601804722222222,0.0,0.0,18.106,1.8062289259990825,36.212,3.612457851998165,36.212,3.612457851998165,2.39,0.23842301630055268,909.5,90.73043235370405,1005.9799465274335,1005.0419493644786,0.14705063552139563,1543.9325813280363,1545.8643949700725,-0.6783949700725316,1.815058841184123,0.0,18.106,1.8095053557332192,34.39694115881588,3.4376145613452853,36.212,3.6190107114664385,2.39,0.2388555064731246,909.5,90.89501386498193,1006.300845749245,1005.1726023308811,0.016397669118873637,1542.471640279044,1545.27056006679,-0.08456006679011807,1.8017816891567464,1.6816788314562054,18.106,1.8125275514935366,34.410218310843256,3.444685117712956,36.212,3.6250551029870732,2.39,0.23925443764882096,907.8183211685438,90.8784777901576,1006.3155125392285,1005.1786185297519,0.01038147024803493,1542.553606137162,1545.3035820514447,-0.11758205144474232
370,2026-08-28,13:32:03.407,91,5,90.53,909.5,0.0,0.0,2.39,0.0,0.0,100.0,1005.197,0.03268224,0.1209717,1545.134,0.01868056,0.07592773,25.73853,0.001896827,1498.399,0.007733035,6.885894,4.929146e-05,100,0,1,0,370,2026-08-28 13:32:03.407000+00:00,2,158.10831666666667,,True,2.635138611111111,0.0,0.0,18.106,1.8062289259990825,36.212,3.612457851998165,36.212,3.612457851998165,2.39,0.23842301630055268,909.5,90.73043235370405,1005.9824904184453,1005.0444932554904,0.15250674450965107,1543.9200960158762,1545.8519096579123,-0.717909657912287,1.8383130728418897,0.0,18.106,1.8095474099275726,34.37368692715811,3.435370382674263,36.212,3.619094819855145,2.39,0.23886105764536053,909.5,90.89712632989766,1006.3075171311531,1005.1792737127892,0.017726287210848568,1542.4403064388885,1545.2392262266344,-0.10522622663438597,1.8248658161534443,1.7032242206377115,18.106,1.812608533456526,34.387134183846555,3.4425280494175894,36.212,3.625217066913052,2.39,0.23926512730371682,907.7967757793623,90.88038122290912,1006.3223789704087,1005.1854849609322,0.011515039067830912,1542.5233062702619,1545.2732821845445,-0.1392821845445269
371,2026-08-28,13:34:03.409,92,5,90.53,909.5,0.0,0.0,2.39,0.0,0.0,100.0,1005.219,0.01506926,0.06787109,1545.082,0.009085338,0.04711914,25.72878,0.002813428,1498.402,0.003509876,6.88603,2.366271e-05,100,0,1,0,371,2026-08-28 13:34:03.409000+00:00,2,160.10835,,True,2.6684725,0.0,0.0,18.106,1.8062289259990825,36.212,3.612457851998165,36.212,3.612457851998165,2.39,0.23842301630055268,909.5,90.73043235370405,1005.9856621493158,1005.0476649863608,0.17133501363923642,1543.9045234289217,1545.8363370709578,-0.7543370709577175,1.8615673044996566,0.0,18.106,1.80958946607671,34.350432695500345,3.433126099688193,36.212,3.61917893215342,2.39,0.23886660907562887,909.5,90.89923889300606,1006.3148157789191,1005.1865723605551,0.032427639444904344,1542.4058541249813,1545.2047739127272,-0.12277391272709792,1.847949943150142,1.7247696098192173,18.106,1.8126895226562285,34.36405005684986,3.440370788362196,36.212,3.625379045312457,2.39,0.23927581791386204,907.7752303901808,90.88228482575525,1006.3298730263588,1005.1929790168822,0.02602098311785994,1542.4898911109747,1545.2398670252574,-0.1578670252572465
372,2026-08-28,13:36:03.411,93,5,90.53,909.5,0.0,0.0,2.39,0.0,0.0,100.0,1005.225,0.03136409,0.1624756,1545.031,0.01938874,0.06494141,25.72014,0.002263668,1498.401,0.00753135,6.886165,5.113649e-05,100,0,1,0,372,2026-08-28 13:36:03.411000+00:00,2,162.10838333333334,,True,2.701806388888889,0.0,0.0,18.106,1.8062289259990825,36.212,3.612457851998165,36.212,3.612457851998165,2.39,0.23842301630055268,909.5,90.73043235370405,1005.9884727905933,1005.0504756276383,0.17452437236170226,1543.8907182865478,1545.8225319285839,-0.791531928583936,1.8848215361574234,0.0,18.106,1.809631524180768,34.32717846384258,3.4308817123798008,36.212,3.619263048361536,2.39,0.23887216076394757,909.5,90.90135155431395,1006.3217543169571,1005.1935108985932,0.031489101406805275,1542.3731818658448,1545.1721016535907,-0.14110165359079474,1.8710340701468398,1.7463149990007234,18.106,1.812770519093615,34.34096592985316,3.4382133345209356,36.212,3.62554103818723,2.39,0.2392865094793847,907.7536850009993,90.88418859871885,1006.3370070539681,1005.2001130444916,0.02488695550846387,1542.458253532898,1545.2082294471807,-0.1772294471807072
373,2026-08-28,13:38:03.413,94,5,90.53,909.5,0.0,0.0,2.39,0.0,0.0,100.0,1005.244,0.002201158,0.008361816,1544.996,0.01079422,0.046875,25.71253,0.001397742,1498.405,0.0002850315,6.886256,2.844483e-05,100,1,1,1,373,2026-08-28 13:38:03.413000+00:00,2,164.10841666666664,,True,2.7351402777777776,0.0,0.0,18.106,1.8062289259990825,36.212,3.612457851998165,36.212,3.612457851998165,2.39,0.23842301630055268,909.5,90.73043235370405,1005.9909483668152,1005.0529512038603,0.19104879613973935,1543.8785546679753,1545.8103683100114,-0.8143683100113321,1.9080757678151898,0.0,18.106,1.809673584239883,34.30392423218481,3.428637220741813,36.212,3.619347168479766,2.39,0.2388777127103347,909.5,90.90346431382821,1006.328358747415,1005.2001153290511,0.04388467094895532,1542.3421631231804,1545.1410829109263,-0.1450829109262486,1.8941181971435372,1.767860388182229,18.106,1.8128515227696553,34.31788180285647,3.436055687867966,36.212,3.6257030455393107,2.39,0.2392972020004129,907.7321396118177,90.88609254182265,1006.3438070594019,1005.2069130499253,0.03708695007469487,1542.428267077882,1545.1782429921648,-0.18224299216467443
374,2026-08-28,13:40:03.415,95,5,90.53,909.5,0.0,0.0,2.39,0.0,0.0,100.0,1005.251,0.002617538,0.01367188,1544.962,0.01013741,0.04699707,25.70763,0.001102506,1498.405,0.000410677,6.886345,2.675242e-05,100,0,1,0,374,2026-08-28 13:40:03.415000+00:00,2,166.10845,,True,2.7684741666666666,0.0,0.0,18.106,1.8062289259990825,36.212,3.612457851998165,36.212,3.612457851998165,2.39,0.23842301630055268,909.5,90.73043235370405,1005.9925423645559,1005.054545201601,0.19645479839903146,1543.8707205450046,1545.8025341870407,-0.8405341870407028,1.9313299994729567,0.0,18.106,1.8097156462541915,34.280670000527046,3.426392624766954,36.212,3.619431292508383,2.39,0.23888326491480819,909.5,90.90557717155566,1006.3340834716365,1005.2058400532726,0.045159946727380884,1542.315511719304,1545.1144315070499,-0.15243150704986874,1.917202324140235,1.789405777363735,18.106,1.8129325336853197,34.29479767585977,3.4338978483774363,36.212,3.6258650673706394,2.39,0.23930789547707465,907.7105942226362,90.88799665508952,1006.3497272804083,1005.2128332709317,0.03816672906827989,1542.4026422335571,1545.1526181478398,-0.1906181478398139
377,2026-08-28,13:46:03.421,98,5,90.53,909.5,0.0,0.0,2.39,0.0,0.0,100.0,1005.273,0.002626776,0.01037598,1544.839,0.00858958,0.03430176,25.6857,0.002301951,1498.406,0.0006719514,6.886665,2.239764e-05,100,0,1,0,377,2026-08-28 13:46:03.421000+00:00,2,172.10855,,True,2.8684758333333336,0.0,0.0,18.106,1.8062289259990825,36.212,3.612457851998165,36.212,3.612457851998165,2.39,0.23842301630055268,909.5,90.73043235370405,1005.9996763168491,1005.0616791538941,0.21132084610587754,1543.8356387461179,1545.767452388154,-0.9284523881540281,2.0010926944462573,0.0,18.106,1.8098418440296393,34.21090730555375,3.4196582107483953,36.212,3.6196836880592786,2.39,0.23889992307692687,909.5,90.91191633408576,1006.3536083697236,1005.2253649513597,0.047635048640358946,1542.2238530366703,1545.0227728244163,-0.18377282441633724,1.9864547051303283,1.854041944908253,18.106,1.813175609879766,34.225545294869676,3.4274231726219417,36.212,3.626351219759532,2.39,0.23933998164214296,907.6459580550918,90.89371001609662,1006.3698404301986,1005.232946420722,0.04005357927803743,1542.3140742874878,1545.0640502017704,-0.22505020177050028
378,2026-08-28,13:48:03.423,99,5,90.53,909.5,0.0,0.0,2.39,0.0,0.0,100.0,1005.283,0.005446029,0.02435303,1544.815,0.008812963,0.04467773,25.67759,0.001821336,1498.407,0.001029658,6.886727,2.312421e-05,100,0,1,0,378,2026-08-28 13:48:03.423000+00:00,2,174.1085833333333,,True,2.901809722222222,0.0,0.0,18.106,1.8062289259990825,36.212,3.612457851998165,36.212,3.612457851998165,2.39,0.23842301630055268,909.5,90.73043235370405,1006.0023145450884,1005.0643173821335,0.2186826178665342,1543.8226567202198,1545.754470362256,-0.9394703622558609,2.0243469261040237,0.0,18.106,1.809883913866084,34.18765307389598,3.417413197353292,36.212,3.619767827732168,2.39,0.2389054763139258,909.5,90.91402958473452,1006.3603773303566,1005.2321339119927,0.05086608800729664,1542.191993711295,1544.990913499041,-0.17591349904091658,2.0095388321270256,1.8755873340897586,18.106,1.8132566497636355,34.202461167872976,3.4252645615225994,36.212,3.626513299527271,2.39,0.2393506789426206,907.6244126659102,90.89561481024387,1006.3768059141634,1005.2399119046868,0.04308809531323732,1542.283245880028,1545.0332217943107,-0.21822179431069344
379,2026-08-28,13:57:43.139,100,5,90.53,909.5,0.0,0.0,2.39,0.0,0.0,100.0,1005.27,0.004611318,0.02124023,1544.83,0.0148504,0.06872559,25.69677,0.005559029,1498.407,0.001029547,6.886693,3.841159e-05,100,0,1,0,379,2026-08-28 13:57:43.139000+00:00,2,183.77051666666665,,True,3.0628419444444446,0.0,0.0,18.106,1.8062289259990825,36.212,3.612457851998165,36.212,3.612457851998165,2.39,0.23842301630055268,909.5,90.73043235370405,1005.996075183788,1005.058078020833,0.21192197916695932,1543.8533517221886,1545.7851653642247,-0.9551653642247402,2.136685471792545,0.0,18.106,1.8100871760057156,34.07531452820746,3.4065663230901118,36.212,3.620174352011431,2.39,0.23893230700616702,909.5,90.92423984188657,1006.3741331031963,1005.2458896848324,0.024110315167604313,1542.132416725823,1544.931336513569,-0.10133651356909468,2.121055621564015,1.9796706563239372,18.106,1.8136482462663455,34.090944378435985,3.4148338388111092,36.212,3.627296492532691,2.39,0.2394023698540023,907.520329343676,90.90481905253584,1006.391507516716,1005.2546135072395,0.015386492760512738,1542.2285183661365,1544.9784942804192,-0.14849428041929968
380,2026-08-28,13:59:43.141,101,5,90.53,909.5,0.0,0.0,2.39,0.0,0.0,100.0,1005.285,0.003314579,0.01318359,1544.793,0.009757817,0.04846191,25.6894,0.0005887411,1498.41,0.0008694873,6.886789,2.603524e-05,100,0,1,0,380,2026-08-28 13:59:43.141000+00:00,2,185.77055000000001,,True,3.0961758333333336,0.0,0.0,18.106,1.8062289259990825,36.212,3.612457851998165,36.212,3.612457851998165,2.39,0.23842301630055268,909.5,90.73043235370405,1005.9984726861458,1005.0604755231908,0.2245244768091652,1543.8415600035355,1545.7733736455716,-0.9803736455717171,2.159939703450312,0.0,18.106,1.8101292572485668,34.05206029654969,3.4043207010039156,36.212,3.6202585144971335,2.39,0.23893786174881665,909.5,90.92635366550157,1006.3806645740403,1005.2524211556764,0.0325788443235524,1542.1017516778231,1544.900671465569,-0.10767146556918306,2.144139748560713,2.0012160455054433,18.106,1.8137293284056324,34.06786025143929,3.4126741021793836,36.212,3.627458656811265,2.39,0.23941307273221368,907.4987839544946,90.9067248398715,1006.3982364309063,1005.2613424214297,0.023657578570237092,1542.1988787977853,1544.948854712068,-0.15585471206804868
381,2026-08-28,14:01:43.143,102,5,90.53,909.5,0.0,0.0,2.39,0.0,0.0,100.0,1005.295,0.003297294,0.02044678,1544.773,0.0095679,0.05383301,25.69311,0.001476682,1498.414,0.001008339,6.886845,2.5641e-05,100,0,1,0,381,2026-08-28 14:01:43.143000+00:00,2,187.77058333333335,,True,3.1295097222222226,0.0,0.0,18.106,1.8062289259990825,36.212,3.612457851998165,36.212,3.612457851998165,2.39,0.23842301630055268,909.5,90.73043235370405,1005.9972658023469,1005.0592686393919,0.23573136060804245,1543.8474963256365,1545.7793099676726,-1.0063099676726779,2.1831939351080782,0.0,18.106,1.8101713404480886,34.028806064891924,3.4020749745020136,36.212,3.620342680896177,2.39,0.23894341674974767,909.5,90.92846758740397,1006.3835986849818,1005.2553552666179,0.03964473338203334,1542.088998906805,1544.887918694551,-0.11491869455107917,2.167223875557411,2.022761434686949,18.106,1.8138104177950656,34.04477612444259,3.4105141724298402,36.212,3.627620835590131,2.39,0.23942377656744762,907.4772385653131,90.9086307976175,1006.4013669825107,1005.2644729730341,0.030527026965842197,1542.1871269187525,1544.9371028330352,-0.1641028330352583
382,2026-08-28,14:03:43.145,103,5,90.53,909.5,0.0,0.0,2.39,0.0,0.0,100.0,1005.296,0.02261775,0.1121826,1544.761,0.01074965,0.0526123,25.69817,0.0009673203,1498.415,0.005499321,6.886878,2.876896e-05,100,0,1,0,382,2026-08-28 14:03:43.145000+00:00,2,189.77061666666665,,True,3.1628436111111107,0.0,0.0,18.106,1.8062289259990825,36.212,3.612457851998165,36.212,3.612457851998165,2.39,0.23842301630055268,909.5,90.73043235370405,1005.9956197559139,1005.057622592959,0.2383774070410709,1543.8555912494028,1545.7874048914389,-1.026404891438915,2.2064481667658447,0.0,18.106,1.8102134256044171,34.00555183323416,3.3998291435771217,36.212,3.6204268512088342,2.39,0.23894897200897805,909.5,90.93058160760064,1006.3860950013235,1005.2578515829596,0.03814841704047467,1542.0784285888797,1544.8773483766256,-0.11634837662563768,2.190308002554108,2.0443068238684545,18.106,1.8138915144356171,34.0216919974459,3.4083540495365767,36.212,3.6277830288712343,2.39,0.23943448135983236,907.4556931761315,90.91053692579673,1006.4040597513304,1005.2671657418538,0.028834258146275715,1542.1775535773493,1544.927529491632,-0.16652949163199082
383,2026-08-28,14:05:43.147,104,5,90.53,909.5,0.0,0.0,2.39,0.0,0.0,100.0,1005.304,0.003049586,0.012146,1544.749,0.008901481,0.04589844,25.70342,0.001942087,1498.418,0.0007569791,6.886911,2.371845e-05,100,0,1,0,383,2026-08-28 14:05:43.147000+00:00,2,191.77065,,True,3.1961774999999997,0.0,0.0,18.106,1.8062289259990825,36.212,3.612457851998165,36.212,3.612457851998165,2.39,0.23842301630055268,909.5,90.73043235370405,1005.9939119013344,1005.0559147383794,0.24808526162053113,1543.8639882838243,1545.7958019258604,-1.0468019258603363,2.2297023984236115,0.0,18.106,1.8102555127176896,33.98229760157639,3.3975832082219584,36.212,3.620511025435379,2.39,0.23895452752652588,909.5,90.93269572609844,1006.3885301968223,1005.2602867784584,0.04371322154156587,1542.0681649305832,1544.8670847183291,-0.11808471832910072,2.213392129550806,2.065852213049961,18.106,1.8139726183282596,33.9986078704492,3.406193733473683,36.212,3.6279452366565192,2.39,0.2394451871094963,907.43414778695,90.91244322443204,1006.4066915332681,1005.2697975237916,0.03420247620840655,1542.1682854676892,1544.918261381972,-0.16926138197186447
384,2026-08-28,14:07:43.149,105,5,90.53,909.5,0.0,0.0,2.39,0.0,0.0,100.0,1005.309,0.002051466,0.01239014,1544.738,0.007508379,0.04101562,25.71,0.001584894,1498.42,0.000739957,6.886942,2.00936e-05,100,0,1,0,384,2026-08-28 14:07:43.149000+00:00,2,193.77068333333332,,True,3.2295113888888887,0.0,0.0,18.106,1.8062289259990825,36.212,3.612457851998165,36.212,3.612457851998165,2.39,0.23842301630055268,909.5,90.73043235370405,1005.9917713901476,1005.0537742271927,0.2552257728073073,1543.8745099073633,1545.8063235493994,-1.068323549399338,2.2529566300813784,0.0,18.106,1.8102976017880419,33.959043369918625,3.3953371684292386,36.212,3.6205952035760838,2.39,0.23896008330240914,909.5,90.93480994290424,1006.3905341234412,1005.2622907050772,0.0467092949227208,1542.0600503161577,1544.8589701039036,-0.12097010390357354,2.2364762565475034,2.0873976022314666,18.106,1.814053729473966,33.9755237434525,3.4040332242152487,36.212,3.628107458947932,2.39,0.23945589381656793,907.4126023977685,90.91434969354628,1006.4088920545651,1005.2719980450885,0.03700195491148861,1542.1611624098953,1544.911138324178,-0.17313832417789854
