Experiment_Key,Source_File,ProbeNr,Phase,N_Selected,Selection_Method,Al_wt_pct,IPA_wt_pct,PG_wt_pct,MG_wt_pct,Water_wt_pct,Temperature_Mean_C,Temperature_Min_C,Temperature_Max_C,IPA_Loss_Mean_g,A_Rho_kg_m3,A_Rho_Robust_SD_kg_m3,A_Rho_SE_kg_m3,A_C_m_s,A_C_Robust_SD_m_s,A_C_SE_m_s
C:\dev\masterarbeit\sim_par_ink_prop\laboratory_measurement_L-Com\measurement_data\Kennfeld_v2 (14)_korrigiert.csv|Probe=3,Kennfeld_v2 (14)_korrigiert.csv,3,1,8,automatic low-noise fallback,1.8113994294892657,3.5654977759195505,3.6227988589785314,0.0,91.00030393561266,22.65525875,22.55394,22.821,0.5725445109983003,-1.260632130959678,0.004434492780586086,0.001567829958137605,2.5158237078879564,0.008412241424841068,0.0029741764782417516
C:\dev\masterarbeit\sim_par_ink_prop\laboratory_measurement_L-Com\measurement_data\Kennfeld_v2 (14)_korrigiert.csv|Probe=3,Kennfeld_v2 (14)_korrigiert.csv,3,2,12,quality flags,2.195923369526701,4.127973054063926,4.391846739053402,0.0,89.28425683735598,22.22952083333333,22.18006,22.27102,2.68733904242257,-1.5280842121936196,0.00216079612249282,0.0006237681114925647,3.6398295274162584,0.022641315650824487,0.0065359848429054025
C:\dev\masterarbeit\sim_par_ink_prop\laboratory_measurement_L-Com\measurement_data\Kennfeld_v2 (14)_korrigiert.csv|Probe=3,Kennfeld_v2 (14)_korrigiert.csv,3,3,10,quality flags,1.810910023436485,3.3310576820340265,3.62182004687297,0.0,91.23621224765654,22.294864999999998,22.24244,22.33696,3.5907803802337335,-1.2990797926500022,0.008886620401196069,0.002810196116909889,3.1662603698867087,0.065631680216535,0.020754559614806357
C:\dev\masterarbeit\sim_par_ink_prop\laboratory_measurement_L-Com\measurement_data\Kennfeld_v2 (14)_korrigiert.csv|Probe=3,Kennfeld_v2 (14)_korrigiert.csv,3,4,5,automatic low-noise fallback,1.7767647619512332,3.1993706498772565,5.507938983033226,0.0,89.51592560513829,22.61696,22.5917,22.65433,4.457759899159291,-1.6844776125386258,0.0032786263079303676,0.0014662462594702919,5.363035909381722,0.016083141698630118,0.007192599625979675
C:\dev\masterarbeit\sim_par_ink_prop\laboratory_measurement_L-Com\measurement_data\Kennfeld_v2 (14)_korrigiert.csv|Probe=3,Kennfeld_v2 (14)_korrigiert.csv,3,5,6,automatic low-noise fallback,1.7501500645482502,4.649376589742099,5.425433897111478,0.0,88.17503944859818,22.801328333333334,22.7458,22.86873,5.396708010754089,-1.595318768018011,0.006120429973486534,0.002498655073579664,5.560670529283828,0.02206909713785708,0.009009671178611086
C:\dev\masterarbeit\sim_par_ink_prop\laboratory_measurement_L-Com\measurement_data\Kennfeld_v2 (14)_korrigiert.csv|Probe=3,Kennfeld_v2 (14)_korrigiert.csv,3,6,6,quality flags,1.5968295721741603,4.192938937469495,4.95014311302496,0.0,89.2600883773314,22.605334999999997,22.59798,22.61215,6.08482997727936,-1.483759683034729,0.0025844799770951454,0.0010551095323871771,5.060319305130831,0.01373457439734168,0.0056071165179634825
C:\dev\masterarbeit\sim_par_ink_prop\laboratory_measurement_L-Com\measurement_data\Kennfeld_v2 (14)_korrigiert.csv|Probe=4,Kennfeld_v2 (14)_korrigiert.csv,4,1,16,quality flags,1.811027449386113,3.5803463423620188,3.622054898772226,0.0,90.98657130947964,22.760874375,22.71082,22.81611,0.4168540663171668,-0.7917258655650053,0.010000582670584322,0.0025001456676460804,2.1580033188271512,0.02706418588347949,0.006766046470869872
C:\dev\masterarbeit\sim_par_ink_prop\laboratory_measurement_L-Com\measurement_data\Kennfeld_v2 (14)_korrigiert.csv|Probe=4,Kennfeld_v2 (14)_korrigiert.csv,4,2,6,quality flags,1.7775068667505496,5.364992383601661,3.555013733501099,0.0,89.30248701614669,23.304415000000002,23.2947,23.31269,1.5973042176371,-0.7389003972770071,0.0012621035419334134,0.0005152516133827025,2.5102387889792226,0.018187290758426136,0.0074249303602966854
C:\dev\masterarbeit\sim_par_ink_prop\laboratory_measurement_L-Com\measurement_data\Kennfeld_v2 (14)_korrigiert.csv|Probe=4,Kennfeld_v2 (14)_korrigiert.csv,4,3,5,automatic low-noise fallback,1.5770000747775785,4.699085526357004,3.154000149555157,0.0,90.56991424931027,23.230914,23.20985,23.24759,2.2943320592385783,-0.6984224193248337,0.001492217397063042,0.0006673399074081514,2.4668127133530557,0.028479964116140698,0.012736627152089062
C:\dev\masterarbeit\sim_par_ink_prop\laboratory_measurement_L-Com\measurement_data\Kennfeld_v2 (14)_korrigiert.csv|Probe=4,Kennfeld_v2 (14)_korrigiert.csv,4,4,15,quality flags,1.5366881444160052,4.513787877061445,5.694795463484882,0.0,88.25472851503768,23.714244000000004,23.7044,23.73244,3.0620956469002283,-1.1127779679208363,0.010401284360435031,0.002685600073808836,5.364910719348039,0.017038190601755786,0.004399241896673859
C:\dev\masterarbeit\sim_par_ink_prop\laboratory_measurement_L-Com\measurement_data\Kennfeld_v2 (14)_korrigiert.csv|Probe=4,Kennfeld_v2 (14)_korrigiert.csv,4,5,7,automatic low-noise fallback,2.282364318665162,5.7925728487012025,7.084730430822181,0.0,84.84033240181147,24.133621428571427,24.08165,24.18428,4.984040436305496,-1.0177905544121262,0.019812144161307495,0.0074882866271114255,7.7829354460642275,0.078959883736851,0.029844030845468744
C:\dev\masterarbeit\sim_par_ink_prop\laboratory_measurement_L-Com\measurement_data\Kennfeld_v2 (14)_korrigiert.csv|Probe=4,Kennfeld_v2 (14)_korrigiert.csv,4,6,12,quality flags,2.033854786416239,5.111453218726868,6.3133272717932,0.0,86.5413647230637,24.292518333333334,24.14592,24.43066,5.677226921588826,-0.9522762725658275,0.010638577985292113,0.0030710929318016143,6.242442154961736,0.010538858309486818,0.0030423063409667694
C:\dev\masterarbeit\sim_par_ink_prop\laboratory_measurement_L-Com\measurement_data\Kennfeld_v2 (14)_korrigiert.csv|Probe=4,Kennfeld_v2 (14)_korrigiert.csv,4,7,8,quality flags,1.8952890083738558,4.714833021655301,5.883202608373308,0.0,87.50667536159754,24.510577500000004,24.41445,24.60681,6.391142366217469,-0.9107793728411065,0.002871057140416491,0.0010150719865812793,5.7188904582096995,0.03689981245501181,0.013046053805725337
C:\dev\masterarbeit\sim_par_ink_prop\laboratory_measurement_L-Com\measurement_data\Kennfeld_v2 (14)_korrigiert.csv|Probe=4,Kennfeld_v2 (14)_korrigiert.csv,4,8,5,automatic low-noise fallback,1.8708645940439452,5.942764164341871,5.807386319955634,0.0,86.37898492165856,25.151332000000004,25.11826,25.18564,7.146201814369377,-0.9191319104734416,0.029179911794360004,0.013233987922206121,6.6179262207494505,0.07381551906160945,0.03301130368323804
C:\dev\masterarbeit\sim_par_ink_prop\laboratory_measurement_L-Com\measurement_data\Kennfeld_v2 (14)_korrigiert.csv|Probe=4,Kennfeld_v2 (14)_korrigiert.csv,4,9,8,quality flags,1.867527052164111,5.885530828771648,5.797026192816056,0.22502739437189123,86.2248885318763,25.2734775,25.1976,25.3471,7.844551856783057,-0.8307065312494895,0.00706741096254645,0.00249870710852437,6.515077296063083,0.023885940714764846,0.008444955327215035
C:\dev\masterarbeit\sim_par_ink_prop\laboratory_measurement_L-Com\measurement_data\Kennfeld_v2 (14)_korrigiert.csv|Probe=5,Kennfeld_v2 (14)_korrigiert.csv,5,1,14,quality flags,1.8108898991432396,3.602768098285723,3.6217797982864792,0.0,90.96456220428456,25.05436642857143,24.96773,25.13546,0.1900761259115034,-1.253369988494555,0.001437791315004415,0.00038426589245897777,2.4400527437820076,0.01290462281751911,0.0034489055206215666
C:\dev\masterarbeit\sim_par_ink_prop\laboratory_measurement_L-Com\measurement_data\Kennfeld_v2 (14)_korrigiert.csv|Probe=5,Kennfeld_v2 (14)_korrigiert.csv,5,2,30,quality flags,1.8085580959817336,3.4881641001701897,3.617116191963467,0.23873046776738885,90.84743114411724,25.542655666666672,25.08747,25.78128,1.290800755327305,-1.2140574348267135,0.020535118959321426,0.003749182625024119,3.1879219269609806,0.04388431268333168,0.008012142659090274
