Punkt,Methode,Festkoerper_gemessen_pct,Festkoerper_berechnet_pct,Differenz_gemessen_minus_berechnet_Prozentpunkte
P1,Calculator_mit_P1_Offset,1.7066666666666668,2.0408163265306123,-0.3341496598639455
P2,Calculator_mit_P1_Offset,2.06,1.8942645253006387,0.16573547469936134
P3,Calculator_mit_P1_Offset,2.1500000000000004,2.0526117140092586,0.09738828599074179
P4,Calculator_mit_P1_Offset,2.3933333333333335,2.445816277398156,-0.05248294406482268
P1,Kalibrierfeld_mit_P1_Offset,1.7066666666666668,2.0408163265306123,-0.3341496598639455
P2,Kalibrierfeld_mit_P1_Offset,2.06,1.8945582061488984,0.1654417938511017
P3,Kalibrierfeld_mit_P1_Offset,2.1500000000000004,2.0523649849184085,0.09763501508159189
P4,Kalibrierfeld_mit_P1_Offset,2.3933333333333335,2.425165839708572,-0.03183250637523827
P1,Kalibrierfeld_ohne_Offset_Plot6,1.7066666666666668,2.220466286584257,-0.51379961991759
P2,Kalibrierfeld_ohne_Offset_Plot6,2.06,2.0729785844378332,-0.012978584437833174
P3,Kalibrierfeld_ohne_Offset_Plot6,2.1500000000000004,2.234299979297232,-0.08429997929723143
P4,Kalibrierfeld_ohne_Offset_Plot6,2.3933333333333335,2.6100672934160642,-0.21673396008273071
