SeqNo,Date,UTC Time,Nr,ProbeNr,m_SL120,m_Wasser,m_IPA,m_PG,m_MG,m_vorher,m_nachher,Pumpe_pct,Rho_M,Rho_S,Rho_Sp,C_M,C_S,C_Sp,T_M,T_S,Per_M,Per_S,RunT_M,RunT_S,N,Stabil,SensOK,Gueltig,Source_File,Source_Path,Source_Row,Measurement_Time_UTC,Experiment_Key,Phase,Experiment_Elapsed_h,Phase_Elapsed_h,m_Al_nom_g,m_IPA_nom_g,m_PG_nom_g,m_Water_nom_g,m_MG_nom_g,m_Total_nom_g,Selected_For_Calibration,Selection_Method,IPA_Evaporation_Rate_g_h,IPA_Loss_g,m_IPA_eff_g,m_Total_eff_g,Al_wt_pct_eff,IPA_wt_pct_eff,PG_wt_pct_eff,MG_wt_pct_eff,Water_wt_pct_eff,Composition_Sum_wt_pct,Rho_Physics_kg_m3,C_Physics_m_s,Simulation_Status,A_Rho_kg_m3,A_C_m_s
87,2026-08-21,09:35:18.227,22,3,90.5,909.3,0.0,0.0,0.0,0.0,0.0,100.0,1004.825,0.00965446,0.03692627,1542.249,0.04472328,0.1865234,23.03746,0.005983352,1497.754,0.0009524195,6.892856,0.0001180896,100,0,1,0,Kennfeld_v2 (13).csv,C:\Users\nikla\OneDrive\Documents\01_Uni\01_Master\00_Masterarbeit\sim_par_ink_prop\laboratory_measurement_L-Com\measurement_data\Kennfeld_v2 (13).csv,88,2026-08-21 09:35:18.227000+00:00,Kennfeld_v2 (13).csv|Probe=3,1,0.0,0.0,18.1,36.2,36.2,909.3,0.0,999.8,False,not selected,1.6386345729364258,0.0,36.2,999.8,1.810362072414483,3.620724144828966,3.620724144828966,0.0,90.94818963792758,100.0,1006.1139350674122,1539.434523844535,ok,-1.288935067412126,2.814476155464945
88,2026-08-21,09:37:18.230,23,3,90.5,909.3,0.0,0.0,0.0,0.0,0.0,100.0,1004.849,0.005016189,0.01696777,1542.107,0.03962072,0.1787109,23.01571,0.005516862,1497.755,0.0004018463,6.893231,0.0001046074,100,0,1,0,Kennfeld_v2 (13).csv,C:\Users\nikla\OneDrive\Documents\01_Uni\01_Master\00_Masterarbeit\sim_par_ink_prop\laboratory_measurement_L-Com\measurement_data\Kennfeld_v2 (13).csv,89,2026-08-21 09:37:18.230000+00:00,Kennfeld_v2 (13).csv|Probe=3,1,0.033334166666666665,0.033334166666666665,18.1,36.2,36.2,909.3,0.0,999.8,False,not selected,1.6386345729364258,0.05462251796002497,36.145377482039976,999.7453774820399,1.810460984134449,3.615458325306367,3.620921968268898,0.0,90.9531587222903,100.00000000000001,1006.1302288303764,1539.3498648192806,ok,-1.2812288303763353,2.757135180719388
89,2026-08-21,09:39:18.232,24,3,90.5,909.3,0.0,0.0,0.0,0.0,0.0,100.0,1004.877,0.01009229,0.0345459,1541.944,0.05414213,0.2143555,22.98473,0.01242856,1497.754,0.0009254171,6.893659,0.0001416167,100,0,1,0,Kennfeld_v2 (13).csv,C:\Users\nikla\OneDrive\Documents\01_Uni\01_Master\00_Masterarbeit\sim_par_ink_prop\laboratory_measurement_L-Com\measurement_data\Kennfeld_v2 (13).csv,90,2026-08-21 09:39:18.232000+00:00,Kennfeld_v2 (13).csv|Probe=3,1,0.06666805555555555,0.06666805555555555,18.1,36.2,36.2,909.3,0.0,999.8,False,not selected,1.6386345729364258,0.10924458074377967,36.090755419256226,999.6907554192562,1.810559905838993,3.6101919742290973,3.621119811677986,0.0,90.95812830825392,100.0,1006.1494129793193,1539.248408679212,ok,-1.2724129793193697,2.6955913207880258
90,2026-08-21,09:41:18.234,25,3,90.5,909.3,0.0,0.0,0.0,0.0,0.0,100.0,1004.915,0.009593928,0.03015137,1541.721,0.05724676,0.2277832,22.92246,0.01789627,1497.749,0.001646254,6.894238,0.0001485698,100,0,1,0,Kennfeld_v2 (13).csv,C:\Users\nikla\OneDrive\Documents\01_Uni\01_Master\00_Masterarbeit\sim_par_ink_prop\laboratory_measurement_L-Com\measurement_data\Kennfeld_v2 (13).csv,91,2026-08-21 09:41:18.234000+00:00,Kennfeld_v2 (13).csv|Probe=3,1,0.10000194444444445,0.10000194444444445,18.1,36.2,36.2,909.3,0.0,999.8,False,not selected,1.6386345729364258,0.1638666435275344,36.03613335647247,999.6361333564724,1.8106588383540856,3.6049250476244943,3.621317676708171,0.0,90.96309843731325,100.0,1006.1783909795636,1539.089952423912,ok,-1.26339097956361,2.6310475760878944
91,2026-08-21,09:43:18.236,26,3,90.5,909.3,0.0,0.0,0.0,0.0,0.0,100.0,1004.942,0.005729487,0.02191162,1541.556,0.03550616,0.1622314,22.87024,0.0105288,1497.745,0.0008337185,6.894664,9.243513e-05,100,0,1,0,Kennfeld_v2 (13).csv,C:\Users\nikla\OneDrive\Documents\01_Uni\01_Master\00_Masterarbeit\sim_par_ink_prop\laboratory_measurement_L-Com\measurement_data\Kennfeld_v2 (13).csv,92,2026-08-21 09:43:18.236000+00:00,Kennfeld_v2 (13).csv|Probe=3,1,0.13333583333333335,0.13333583333333335,18.1,36.2,36.2,909.3,0.0,999.8,False,not selected,1.6386345729364258,0.21848870631128914,35.98151129368871,999.5815112936887,1.8107577816814993,3.599657545398209,3.6215155633629985,0.0,90.9680691095573,100.00000000000001,1006.2042216362719,1538.9494658246826,ok,-1.2622216362718746,2.6065341753173925
92,2026-08-21,09:45:18.238,27,3,90.5,909.3,0.0,0.0,0.0,0.0,0.0,100.0,1004.962,0.004276433,0.01800537,1541.441,0.02920001,0.1343994,22.83823,0.005514212,1497.744,0.0002025274,6.894963,7.68127e-05,100,0,1,0,Kennfeld_v2 (13).csv,C:\Users\nikla\OneDrive\Documents\01_Uni\01_Master\00_Masterarbeit\sim_par_ink_prop\laboratory_measurement_L-Com\measurement_data\Kennfeld_v2 (13).csv,93,2026-08-21 09:45:18.238000+00:00,Kennfeld_v2 (13).csv|Probe=3,1,0.1666697222222222,0.1666697222222222,18.1,36.2,36.2,909.3,0.0,999.8,False,not selected,1.6386345729364258,0.2731107690950438,35.92688923090496,999.5268892309049,1.8108567358230065,3.594389467455872,3.621713471646013,0.0,90.97304032507512,100.00000000000001,1006.223727123358,1538.8456599514686,ok,-1.261727123358014,2.5953400485313978
93,2026-08-21,09:47:18.240,28,3,90.5,909.3,0.0,0.0,0.0,0.0,0.0,100.0,1004.976,0.003633458,0.01135254,1541.354,0.0237383,0.1071777,22.821,0.003436239,1497.744,0.0003818233,6.895192,6.276666e-05,100,0,1,0,Kennfeld_v2 (13).csv,C:\Users\nikla\OneDrive\Documents\01_Uni\01_Master\00_Masterarbeit\sim_par_ink_prop\laboratory_measurement_L-Com\measurement_data\Kennfeld_v2 (13).csv,94,2026-08-21 09:47:18.240000+00:00,Kennfeld_v2 (13).csv|Probe=3,1,0.20000361111111112,0.20000361111111112,18.1,36.2,36.2,909.3,0.0,999.8,True,automatic low-noise fallback,1.6386345729364258,0.32773283187879854,35.872267168121205,999.4722671681211,1.8109557007803803,3.589120813703092,3.6219114015607605,0.0,90.97801208395578,100.0,1006.2386088504862,1538.7687880082142,ok,-1.262608850486231,2.5852119917858545
94,2026-08-21,09:49:18.242,29,3,90.5,909.3,0.0,0.0,0.0,0.0,0.0,100.0,1004.994,0.005740904,0.0189209,1541.248,0.03594041,0.1450195,22.80038,0.008786435,1497.743,0.0007952013,6.895471,9.401724e-05,100,0,1,0,Kennfeld_v2 (13).csv,C:\Users\nikla\OneDrive\Documents\01_Uni\01_Master\00_Masterarbeit\sim_par_ink_prop\laboratory_measurement_L-Com\measurement_data\Kennfeld_v2 (13).csv,95,2026-08-21 09:49:18.242000+00:00,Kennfeld_v2 (13).csv|Probe=3,1,0.2333375,0.2333375,18.1,36.2,36.2,909.3,0.0,999.8,False,not selected,1.6386345729364258,0.38235489466255324,35.81764510533745,999.4176451053374,1.8110546765553939,3.583851584045458,3.6221093531107877,0.0,90.98298438628836,100.0,1006.2545526479673,1538.6856711411217,ok,-1.2605526479673017,2.5623288588783453
95,2026-08-21,09:51:18.244,30,3,90.5,909.3,0.0,0.0,0.0,0.0,0.0,100.0,1005.018,0.005696333,0.019104,1541.097,0.03832928,0.151001,22.75437,0.01299034,1497.739,0.001383548,6.895862,9.936278e-05,100,0,1,0,Kennfeld_v2 (13).csv,C:\Users\nikla\OneDrive\Documents\01_Uni\01_Master\00_Masterarbeit\sim_par_ink_prop\laboratory_measurement_L-Com\measurement_data\Kennfeld_v2 (13).csv,96,2026-08-21 09:51:18.244000+00:00,Kennfeld_v2 (13).csv|Probe=3,1,0.2666713888888889,0.2666713888888889,18.1,36.2,36.2,909.3,0.0,999.8,False,not selected,1.6386345729364258,0.436976957446308,35.7630230425537,999.3630230425537,1.8111536631498213,3.5785817783885405,3.6223073262996426,0.0,90.987957232162,100.0,1006.2784392454822,1538.5559287245262,ok,-1.260439245482189,2.5410712754737688
96,2026-08-21,09:53:18.246,31,3,90.5,909.3,0.0,0.0,0.0,0.0,0.0,100.0,1005.036,0.003411736,0.0135498,1540.989,0.02571304,0.1124268,22.71111,0.007560941,1497.734,0.0005963009,6.896141,6.698331e-05,100,0,1,0,Kennfeld_v2 (13).csv,C:\Users\nikla\OneDrive\Documents\01_Uni\01_Master\00_Masterarbeit\sim_par_ink_prop\laboratory_measurement_L-Com\measurement_data\Kennfeld_v2 (13).csv,97,2026-08-21 09:53:18.246000+00:00,Kennfeld_v2 (13).csv|Probe=3,1,0.3000052777777778,0.3000052777777778,18.1,36.2,36.2,909.3,0.0,999.8,True,automatic low-noise fallback,1.6386345729364258,0.4915990202300627,35.70840097976994,999.3084009797699,1.8112526605654364,3.573311396637886,3.622505321130873,0.0,90.9929306216658,100.0,1006.3014650316409,1538.4310356771643,ok,-1.2654650316409288,2.557964322835687
97,2026-08-21,09:55:18.248,32,3,90.5,909.3,0.0,0.0,0.0,0.0,0.0,100.0,1005.051,0.003407008,0.01330566,1540.904,0.02060314,0.09277344,22.68682,0.004492071,1497.734,0.0002519652,6.896361,5.423128e-05,100,0,1,0,Kennfeld_v2 (13).csv,C:\Users\nikla\OneDrive\Documents\01_Uni\01_Master\00_Masterarbeit\sim_par_ink_prop\laboratory_measurement_L-Com\measurement_data\Kennfeld_v2 (13).csv,98,2026-08-21 09:55:18.248000+00:00,Kennfeld_v2 (13).csv|Probe=3,1,0.33333916666666663,0.33333916666666663,18.1,36.2,36.2,909.3,0.0,999.8,True,automatic low-noise fallback,1.6386345729364258,0.5462210830138173,35.653778916986184,999.2537789169861,1.811351668804014,3.568040438699022,3.622703337608028,0.0,90.99790455488895,100.00000000000001,1006.318558436466,1538.3409078086584,ok,-1.2675584364659471,2.5630921913416387
98,2026-08-21,09:57:18.250,33,3,90.5,909.3,0.0,0.0,0.0,0.0,0.0,100.0,1005.063,0.003733715,0.01361084,1540.843,0.01837182,0.07446289,22.67401,0.002298339,1497.734,0.0004445391,6.896521,4.8741e-05,100,0,1,0,Kennfeld_v2 (13).csv,C:\Users\nikla\OneDrive\Documents\01_Uni\01_Master\00_Masterarbeit\sim_par_ink_prop\laboratory_measurement_L-Com\measurement_data\Kennfeld_v2 (13).csv,99,2026-08-21 09:57:18.250000+00:00,Kennfeld_v2 (13).csv|Probe=3,1,0.3666730555555555,0.3666730555555555,18.1,36.2,36.2,909.3,0.0,999.8,True,automatic low-noise fallback,1.6386345729364258,0.600843145797572,35.599156854202434,999.1991568542023,1.8114506878673293,3.5627689044774553,3.6229013757346586,0.0,91.00287903192057,100.00000000000001,1006.3320636199749,1538.271878310265,ok,-1.2690636199748724,2.571121689735037
99,2026-08-21,09:59:18.252,34,3,90.5,909.3,0.0,0.0,0.0,0.0,0.0,100.0,1005.076,0.004120194,0.01605225,1540.762,0.02954434,0.1239014,22.65845,0.007101177,1497.734,0.000960408,6.896732,7.738303e-05,100,0,1,0,Kennfeld_v2 (13).csv,C:\Users\nikla\OneDrive\Documents\01_Uni\01_Master\00_Masterarbeit\sim_par_ink_prop\laboratory_measurement_L-Com\measurement_data\Kennfeld_v2 (13).csv,100,2026-08-21 09:59:18.252000+00:00,Kennfeld_v2 (13).csv|Probe=3,1,0.40000694444444446,0.40000694444444446,18.1,36.2,36.2,909.3,0.0,999.8,True,automatic low-noise fallback,1.6386345729364258,0.6554652085813268,35.54453479141868,999.1445347914187,1.811549717757157,3.557496793878671,3.623099435514314,0.0,91.00785405284986,100.0,1006.3464305013754,1538.197753574216,ok,-1.2704305013753583,2.5642464257839492
100,2026-08-21,10:01:18.254,35,3,90.5,909.3,0.0,0.0,0.0,0.0,0.0,100.0,1005.097,0.004823477,0.01922607,1540.618,0.0337535,0.1373291,22.61537,0.01114249,1497.729,0.001201802,6.897107,8.754e-05,100,0,1,0,Kennfeld_v2 (13).csv,C:\Users\nikla\OneDrive\Documents\01_Uni\01_Master\00_Masterarbeit\sim_par_ink_prop\laboratory_measurement_L-Com\measurement_data\Kennfeld_v2 (13).csv,101,2026-08-21 10:01:18.254000+00:00,Kennfeld_v2 (13).csv|Probe=3,1,0.43334083333333334,0.43334083333333334,18.1,36.2,36.2,909.3,0.0,999.8,False,not selected,1.6386345729364258,0.7100872713650815,35.48991272863492,999.0899127286349,1.811648758475273,3.552224106808134,3.623297516950546,0.0,91.01282961776604,100.0,1006.3694011460274,1538.072750783889,ok,-1.2724011460273914,2.5452492161109603
101,2026-08-21,10:03:18.256,36,3,90.5,909.3,0.0,0.0,0.0,0.0,0.0,100.0,1005.115,0.003793034,0.01257324,1540.515,0.01966823,0.0880127,22.5771,0.006018104,1497.726,0.0002847885,6.897374,5.134834e-05,100,0,1,0,Kennfeld_v2 (13).csv,C:\Users\nikla\OneDrive\Documents\01_Uni\01_Master\00_Masterarbeit\sim_par_ink_prop\laboratory_measurement_L-Com\measurement_data\Kennfeld_v2 (13).csv,102,2026-08-21 10:03:18.256000+00:00,Kennfeld_v2 (13).csv|Probe=3,1,0.4666747222222222,0.4666747222222222,18.1,36.2,36.2,909.3,0.0,999.8,True,automatic low-noise fallback,1.6386345729364258,0.7647093341488362,35.43529066585117,999.0352906658511,1.8117478100234536,3.5469508431712917,3.6234956200469073,0.0,91.01780572675835,100.0,1006.3908680438558,1537.9564745206899,ok,-1.2758680438557803,2.5585254793102195
102,2026-08-21,10:05:18.258,37,3,90.5,909.3,0.0,0.0,0.0,0.0,0.0,100.0,1005.127,0.0027381,0.01013184,1540.454,0.01861523,0.08459473,22.55964,0.00275189,1497.726,0.0003335122,6.897532,4.935675e-05,100,0,1,0,Kennfeld_v2 (13).csv,C:\Users\nikla\OneDrive\Documents\01_Uni\01_Master\00_Masterarbeit\sim_par_ink_prop\laboratory_measurement_L-Com\measurement_data\Kennfeld_v2 (13).csv,103,2026-08-21 10:05:18.258000+00:00,Kennfeld_v2 (13).csv|Probe=3,1,0.5000086111111111,0.5000086111111111,18.1,36.2,36.2,909.3,0.0,999.8,True,automatic low-noise fallback,1.6386345729364258,0.8193313969325908,35.38066860306741,998.9806686030673,1.8118468724034753,3.5416770028735645,3.6236937448069506,0.0,91.02278237991602,100.00000000000001,1006.4058319780329,1537.8786509108718,ok,-1.2788319780329402,2.575349089128167
103,2026-08-21,10:07:18.260,38,3,90.5,909.3,0.0,0.0,0.0,0.0,0.0,100.0,1005.135,0.002350864,0.01153564,1540.412,0.01347193,0.06665039,22.55394,0.0006820905,1497.727,0.0005001754,6.897643,3.606391e-05,100,0,1,0,Kennfeld_v2 (13).csv,C:\Users\nikla\OneDrive\Documents\01_Uni\01_Master\00_Masterarbeit\sim_par_ink_prop\laboratory_measurement_L-Com\measurement_data\Kennfeld_v2 (13).csv,104,2026-08-21 10:07:18.260000+00:00,Kennfeld_v2 (13).csv|Probe=3,1,0.5333424999999999,0.5333424999999999,18.1,36.2,36.2,909.3,0.0,999.8,True,automatic low-noise fallback,1.6386345729364258,0.8739534597163455,35.326046540283656,998.9260465402837,1.8119459456171148,3.536402585820357,3.6238918912342295,0.0,91.0277595773283,100.0,1006.4171231807675,1537.8226101835828,ok,-1.2821231807674849,2.589389816417224
104,2026-08-21,11:05:46.001,39,3,111.82,909.3,0.0,0.0,0.0,0.0,0.0,100.0,1007.201,0.008499688,0.02874756,1550.118,0.02684178,0.1251221,22.15142,0.00656221,1498.14,0.003745078,6.871685,7.24163e-05,100,0,1,0,Kennfeld_v2 (13).csv,C:\Users\nikla\OneDrive\Documents\01_Uni\01_Master\00_Masterarbeit\sim_par_ink_prop\laboratory_measurement_L-Com\measurement_data\Kennfeld_v2 (13).csv,105,2026-08-21 11:05:46.001000+00:00,Kennfeld_v2 (13).csv|Probe=3,2,1.5077150000000001,0.0,22.364,44.728,44.728,909.3,0.0,1021.1199999999999,False,not selected,1.6386345729364258,2.4705939251348434,42.25740607486516,1018.649406074865,2.1954560486295884,4.14837586149434,4.390912097259177,0.0,89.2652559926169,100.0,1008.8217887056729,1546.076149794136,ok,-1.6207887056729078,4.041850205863966
105,2026-08-21,11:07:46.004,40,3,111.82,909.3,0.0,0.0,0.0,0.0,0.0,100.0,1007.226,0.004667997,0.01776123,1550.054,0.02099051,0.09545898,22.16984,0.002204482,1498.15,0.001482584,6.871858,5.594664e-05,100,0,1,0,Kennfeld_v2 (13).csv,C:\Users\nikla\OneDrive\Documents\01_Uni\01_Master\00_Masterarbeit\sim_par_ink_prop\laboratory_measurement_L-Com\measurement_data\Kennfeld_v2 (13).csv,106,2026-08-21 11:07:46.004000+00:00,Kennfeld_v2 (13).csv|Probe=3,2,1.5410491666666666,0.033334166666666665,22.364,44.728,44.728,909.3,0.0,1021.1199999999999,False,not selected,1.6386345729364258,2.525216443094868,42.20278355690513,1018.594783556905,2.1955737807634876,4.143235783078937,4.391147561526975,0.0,89.27004287463062,100.00000000000001,1008.8248332301904,1546.0602555697092,ok,-1.5988332301903938,3.993744430290917
106,2026-08-21,11:09:46.005,41,3,111.82,909.3,0.0,0.0,0.0,0.0,0.0,100.0,1007.244,0.005011912,0.01617432,1549.979,0.02686486,0.1311035,22.17432,0.001154546,1498.155,0.0009107009,6.872058,7.105092e-05,100,0,1,0,Kennfeld_v2 (13).csv,C:\Users\nikla\OneDrive\Documents\01_Uni\01_Master\00_Masterarbeit\sim_par_ink_prop\laboratory_measurement_L-Com\measurement_data\Kennfeld_v2 (13).csv,107,2026-08-21 11:09:46.005000+00:00,Kennfeld_v2 (13).csv|Probe=3,2,1.574382777777778,0.06666777777777777,22.364,44.728,44.728,909.3,0.0,1021.1199999999999,False,not selected,1.6386345729364258,2.579838050702353,42.148161949297645,1018.5401619492975,2.1956915235624526,4.138095239036413,4.391383047124905,0.0,89.27483019027625,100.00000000000001,1008.8325182159998,1546.0218116380156,ok,-1.588518215999784,3.9571883619844357
107,2026-08-21,11:11:46.007,42,3,111.82,909.3,0.0,0.0,0.0,0.0,0.0,100.0,1007.258,0.001945759,0.007202148,1549.919,0.01705465,0.06848145,22.18006,0.004046079,1498.16,0.00155028,6.872219,4.574356e-05,100,1,1,1,Kennfeld_v2 (13).csv,C:\Users\nikla\OneDrive\Documents\01_Uni\01_Master\00_Masterarbeit\sim_par_ink_prop\laboratory_measurement_L-Com\measurement_data\Kennfeld_v2 (13).csv,108,2026-08-21 11:11:46.007000+00:00,Kennfeld_v2 (13).csv|Probe=3,2,1.6077166666666667,0.10000166666666666,22.364,44.728,44.728,909.3,0.0,1021.1199999999999,True,quality flags,1.6386345729364258,2.6344601134861074,42.093539886513895,1018.4855398865138,2.1958092799719022,4.13295410077243,4.3916185599438045,0.0,89.27961805931187,100.00000000000001,1008.8397872044058,1545.9854081194233,ok,-1.581787204405714,3.9335918805768415
108,2026-08-21,11:13:46.010,43,3,111.82,909.3,0.0,0.0,0.0,0.0,0.0,100.0,1007.264,0.0008476325,0.003662109,1549.901,0.01170695,0.06335449,22.20174,0.006423451,1498.167,0.00149423,6.872272,3.155615e-05,100,1,1,1,Kennfeld_v2 (13).csv,C:\Users\nikla\OneDrive\Documents\01_Uni\01_Master\00_Masterarbeit\sim_par_ink_prop\laboratory_measurement_L-Com\measurement_data\Kennfeld_v2 (13).csv,109,2026-08-21 11:13:46.010000+00:00,Kennfeld_v2 (13).csv|Probe=3,2,1.6410508333333333,0.13333583333333335,22.364,44.728,44.728,909.3,0.0,1021.1199999999999,True,quality flags,1.6386345729364258,2.6890826314461322,42.03891736855387,1018.4309173685538,2.1959270499941854,4.127812368184484,4.391854099988371,0.0,89.28440648183297,100.00000000000001,1008.841759093529,1545.9748054012932,ok,-1.577759093529039,3.926194598706843
109,2026-08-21,11:15:46.012,44,3,111.82,909.3,0.0,0.0,0.0,0.0,0.0,100.0,1007.271,0.002620968,0.008911133,1549.864,0.01899815,0.0859375,22.21679,0.0008671654,1498.171,0.0005993512,6.872375,5.04556e-05,100,1,1,1,Kennfeld_v2 (13).csv,C:\Users\nikla\OneDrive\Documents\01_Uni\01_Master\00_Masterarbeit\sim_par_ink_prop\laboratory_measurement_L-Com\measurement_data\Kennfeld_v2 (13).csv,110,2026-08-21 11:15:46.012000+00:00,Kennfeld_v2 (13).csv|Probe=3,2,1.6743847222222221,0.1666697222222222,22.364,44.728,44.728,909.3,0.0,1021.1199999999999,True,quality flags,1.6386345729364258,2.743704694229887,41.98429530577012,1018.37629530577,2.196044831668549,4.12267012687724,4.392089663337098,0.0,89.28919537811713,100.00000000000001,1008.8459396316402,1545.9534762235455,ok,-1.5749396316402908,3.910523776454511
110,2026-08-21,11:17:46.014,45,3,111.82,909.3,0.0,0.0,0.0,0.0,0.0,100.0,1007.282,0.003547078,0.01257324,1549.79,0.02546176,0.1049805,22.21436,0.002749022,1498.172,0.0002955951,6.87257,6.676916e-05,100,0,1,0,Kennfeld_v2 (13).csv,C:\Users\nikla\OneDrive\Documents\01_Uni\01_Master\00_Masterarbeit\sim_par_ink_prop\laboratory_measurement_L-Com\measurement_data\Kennfeld_v2 (13).csv,111,2026-08-21 11:17:46.014000+00:00,Kennfeld_v2 (13).csv|Probe=3,2,1.7077186111111111,0.20000361111111112,22.364,44.728,44.728,909.3,0.0,1021.1199999999999,False,not selected,1.6386345729364258,2.798326757013642,41.92967324298636,1018.3216732429862,2.1961626259783658,4.117527333917535,4.3923252519567315,0.0,89.29398478814738,100.00000000000001,1008.8559348184343,1545.9038689216375,ok,-1.5739348184342816,3.886131078362496
111,2026-08-21,11:19:46.016,46,3,111.82,909.3,0.0,0.0,0.0,0.0,0.0,100.0,1007.292,0.001831068,0.007446289,1549.726,0.01420558,0.06835937,22.20855,0.001443972,1498.174,0.0009807581,6.872737,3.780618e-05,100,1,1,1,Kennfeld_v2 (13).csv,C:\Users\nikla\OneDrive\Documents\01_Uni\01_Master\00_Masterarbeit\sim_par_ink_prop\laboratory_measurement_L-Com\measurement_data\Kennfeld_v2 (13).csv,112,2026-08-21 11:19:46.016000+00:00,Kennfeld_v2 (13).csv|Probe=3,2,1.7410525,0.2333375,22.364,44.728,44.728,909.3,0.0,1021.1199999999999,True,quality flags,1.6386345729364258,2.8529488197973962,41.875051180202604,1018.2670511802025,2.1962804329256693,4.112383989216596,4.392560865851339,0.0,89.2987747120064,100.00000000000001,1008.867055795676,1545.8487769537774,ok,-1.5750557956760076,3.8772230462227526
112,2026-08-21,11:21:46.018,47,3,111.82,909.3,0.0,0.0,0.0,0.0,0.0,100.0,1007.297,0.0009323555,0.004333496,1549.705,0.0115305,0.05236816,22.22034,0.004595897,1498.179,0.001166527,6.872797,3.104092e-05,100,1,1,1,Kennfeld_v2 (13).csv,C:\Users\nikla\OneDrive\Documents\01_Uni\01_Master\00_Masterarbeit\sim_par_ink_prop\laboratory_measurement_L-Com\measurement_data\Kennfeld_v2 (13).csv,113,2026-08-21 11:21:46.018000+00:00,Kennfeld_v2 (13).csv|Probe=3,2,1.7743863888888889,0.2666713888888889,22.364,44.728,44.728,909.3,0.0,1021.1199999999999,True,quality flags,1.6386345729364258,2.907570882581151,41.820429117418854,1018.2124291174188,2.196398252512494,4.107240092685628,4.392796505024988,0.0,89.3035651497769,100.00000000000001,1008.872329717833,1545.82218937701,ok,-1.5753297178330286,3.8828106229898367
113,2026-08-21,11:23:46.020,48,3,111.82,909.3,0.0,0.0,0.0,0.0,0.0,100.0,1007.303,0.00241025,0.009338379,1549.664,0.01871101,0.07727051,22.23066,0.0008618447,1498.182,0.0003274824,6.872909,4.952858e-05,100,1,1,1,Kennfeld_v2 (13).csv,C:\Users\nikla\OneDrive\Documents\01_Uni\01_Master\00_Masterarbeit\sim_par_ink_prop\laboratory_measurement_L-Com\measurement_data\Kennfeld_v2 (13).csv,114,2026-08-21 11:23:46.020000+00:00,Kennfeld_v2 (13).csv|Probe=3,2,1.8077202777777777,0.3000052777777778,22.364,44.728,44.728,909.3,0.0,1021.1199999999999,True,quality flags,1.6386345729364258,2.962192945364906,41.7658070546351,1018.157807054635,2.196516084740873,4.102095644235817,4.393032169481746,0.0,89.30835610154158,100.00000000000001,1008.8780957112929,1545.793225084225,ok,-1.5750957112928745,3.870774915774973
114,2026-08-21,11:25:46.021,49,3,111.82,909.3,0.0,0.0,0.0,0.0,0.0,100.0,1007.313,0.002003473,0.008361816,1549.603,0.01608135,0.08349609,22.22548,0.000896983,1498.183,0.000512754,6.873067,4.244728e-05,100,1,1,1,Kennfeld_v2 (13).csv,C:\Users\nikla\OneDrive\Documents\01_Uni\01_Master\00_Masterarbeit\sim_par_ink_prop\laboratory_measurement_L-Com\measurement_data\Kennfeld_v2 (13).csv,115,2026-08-21 11:25:46.021000+00:00,Kennfeld_v2 (13).csv|Probe=3,2,1.8410538888888888,0.3333388888888889,22.364,44.728,44.728,909.3,0.0,1021.1199999999999,True,quality flags,1.6386345729364258,3.01681455297239,41.71118544702761,1018.1031854470275,2.196633928630765,4.09695068665492,4.39326785726153,0.0,89.3131475274528,100.00000000000001,1008.8890149459395,1545.7391464598627,ok,-1.5760149459395052,3.86385354013737
115,2026-08-21,11:27:46.024,50,3,111.82,909.3,0.0,0.0,0.0,0.0,0.0,100.0,1007.319,0.0009509423,0.004638672,1549.575,0.009783585,0.05371094,22.23057,0.00308857,1498.186,0.001029314,6.873144,2.627949e-05,100,1,1,1,Kennfeld_v2 (13).csv,C:\Users\nikla\OneDrive\Documents\01_Uni\01_Master\00_Masterarbeit\sim_par_ink_prop\laboratory_measurement_L-Com\measurement_data\Kennfeld_v2 (13).csv,116,2026-08-21 11:27:46.024000+00:00,Kennfeld_v2 (13).csv|Probe=3,2,1.8743880555555554,0.3666730555555555,22.364,44.728,44.728,909.3,0.0,1021.1199999999999,True,quality flags,1.6386345729364258,3.071437070932415,41.65656292906759,1018.0485629290674,2.196751787130435,4.091805091224318,4.39350357426087,0.0,89.3179395473844,100.00000000000003,1008.8965247157739,1545.7017097755504,ok,-1.5775247157739614,3.873290224449647
116,2026-08-21,11:29:46.026,51,3,111.82,909.3,0.0,0.0,0.0,0.0,0.0,100.0,1007.322,0.0006359206,0.003173828,1549.566,0.008845149,0.03967285,22.24629,0.005105913,1498.19,0.00129869,6.873173,2.296626e-05,100,1,1,1,Kennfeld_v2 (13).csv,C:\Users\nikla\OneDrive\Documents\01_Uni\01_Master\00_Masterarbeit\sim_par_ink_prop\laboratory_measurement_L-Com\measurement_data\Kennfeld_v2 (13).csv,117,2026-08-21 11:29:46.026000+00:00,Kennfeld_v2 (13).csv|Probe=3,2,1.9077219444444444,0.40000694444444446,22.364,44.728,44.728,909.3,0.0,1021.1199999999999,True,quality flags,1.6386345729364258,3.12605913371617,41.60194086628383,1017.9939408662838,2.1968696572956885,4.086658986484906,4.393739314591377,0.0,89.32273204162803,100.0,1008.90050656676,1545.6815140010742,ok,-1.5785065667599838,3.884485998925811
117,2026-08-21,11:31:46.027,52,3,111.82,909.3,0.0,0.0,0.0,0.0,0.0,100.0,1007.324,0.001189352,0.006103516,1549.557,0.009893992,0.04589844,22.26478,0.003209091,1498.194,0.0007670568,6.873202,2.679191e-05,100,1,1,1,Kennfeld_v2 (13).csv,C:\Users\nikla\OneDrive\Documents\01_Uni\01_Master\00_Masterarbeit\sim_par_ink_prop\laboratory_measurement_L-Com\measurement_data\Kennfeld_v2 (13).csv,118,2026-08-21 11:31:46.027000+00:00,Kennfeld_v2 (13).csv|Probe=3,2,1.9410555555555555,0.43334055555555556,22.364,44.728,44.728,909.3,0.0,1021.1199999999999,True,quality flags,1.6386345729364258,3.1806807413236546,41.547319258676346,1017.9393192586763,2.196987539128245,4.081512372361602,4.39397507825649,0.0,89.32752501025367,100.0,1008.9035723324813,1545.66581084786,ok,-1.579572332481348,3.8911891521399866
118,2026-08-21,11:33:46.030,53,3,111.82,909.3,0.0,0.0,0.0,0.0,0.0,100.0,1007.33,0.001810388,0.007202148,1549.52,0.01355285,0.06555176,22.27102,0.000729275,1498.197,0.0004692997,6.873302,3.597971e-05,100,1,1,1,Kennfeld_v2 (13).csv,C:\Users\nikla\OneDrive\Documents\01_Uni\01_Master\00_Masterarbeit\sim_par_ink_prop\laboratory_measurement_L-Com\measurement_data\Kennfeld_v2 (13).csv,119,2026-08-21 11:33:46.030000+00:00,Kennfeld_v2 (13).csv|Probe=3,2,1.9743897222222222,0.4666747222222222,22.364,44.728,44.728,909.3,0.0,1021.1199999999999,True,quality flags,1.6386345729364258,3.2353032592836795,41.49269674071632,1017.8846967407162,2.1971054355773205,4.076365120094312,4.394210871154641,0.0,89.33231857317374,100.00000000000001,1008.9107103404186,1545.6302548578312,ok,-1.580710340418591,3.8897451421687492
119,2026-08-21,11:35:46.031,54,3,111.82,909.3,0.0,0.0,0.0,0.0,0.0,100.0,1007.341,0.003122292,0.01202393,1549.443,0.01866777,0.07788086,22.25926,0.00450797,1498.196,0.0004525657,6.873501,4.835844e-05,100,0,1,0,Kennfeld_v2 (13).csv,C:\Users\nikla\OneDrive\Documents\01_Uni\01_Master\00_Masterarbeit\sim_par_ink_prop\laboratory_measurement_L-Com\measurement_data\Kennfeld_v2 (13).csv,120,2026-08-21 11:35:46.031000+00:00,Kennfeld_v2 (13).csv|Probe=3,2,2.0077233333333333,0.5000083333333333,22.364,44.728,44.728,909.3,0.0,1021.1199999999999,False,not selected,1.6386345729364258,3.289924866891164,41.43807513310884,1017.8300751331087,2.1972233427151684,4.071217401164894,4.394446685430337,0.0,89.33711257068961,100.00000000000001,1008.9238278436554,1545.565504299209,ok,-1.5828278436554228,3.877495700791087
120,2026-08-21,11:37:46.033,55,3,111.82,909.3,0.0,0.0,0.0,0.0,0.0,100.0,1007.348,0.0009820411,0.004577637,1549.418,0.008749021,0.04846191,22.25797,0.00274513,1498.198,0.001013535,6.873569,2.333496e-05,100,1,1,1,Kennfeld_v2 (13).csv,C:\Users\nikla\OneDrive\Documents\01_Uni\01_Master\00_Masterarbeit\sim_par_ink_prop\laboratory_measurement_L-Com\measurement_data\Kennfeld_v2 (13).csv,121,2026-08-21 11:37:46.033000+00:00,Kennfeld_v2 (13).csv|Probe=3,2,2.0410572222222223,0.5333422222222222,22.364,44.728,44.728,909.3,0.0,1021.1199999999999,True,quality flags,1.6386345729364258,3.3445469296749186,41.38345307032508,1017.7754530703249,2.1973412634913214,4.0660690867994065,4.394682526982643,0.0,89.34190712272664,100.00000000000001,1008.9334710944051,1545.5177229535739,ok,-1.585471094405193,3.9002770464260266
121,2026-08-21,11:50:07.275,56,3,111.82,1126.73,0.0,0.0,0.0,0.0,0.0,100.0,1005.509,0.003952621,0.01379395,1538.678,0.01420867,0.06323242,22.24277,0.008930723,1497.752,0.0009544284,6.90221,3.738678e-05,100,0,1,0,Kennfeld_v2 (13).csv,C:\Users\nikla\OneDrive\Documents\01_Uni\01_Master\00_Masterarbeit\sim_par_ink_prop\laboratory_measurement_L-Com\measurement_data\Kennfeld_v2 (13).csv,122,2026-08-21 11:50:07.275000+00:00,Kennfeld_v2 (13).csv|Probe=3,3,2.246957777777778,0.0,22.364,44.728,44.728,1126.73,0.0,1238.55,False,not selected,1.6386345729364258,3.681942698595069,41.04605730140493,1234.8680573014049,1.811043687442425,3.3239225080535437,3.62208737488485,0.0,91.24294642961918,100.0,1006.857220825865,1535.368772089688,ok,-1.3482208258650417,3.3092279103120745
122,2026-08-21,11:52:07.277,57,3,111.82,1126.73,0.0,0.0,0.0,0.0,0.0,100.0,1005.52,0.001589973,0.006713867,1538.682,0.01378537,0.07458496,22.24244,0.003231619,1497.757,0.001209928,6.9022,3.654782e-05,100,1,1,1,Kennfeld_v2 (13).csv,C:\Users\nikla\OneDrive\Documents\01_Uni\01_Master\00_Masterarbeit\sim_par_ink_prop\laboratory_measurement_L-Com\measurement_data\Kennfeld_v2 (13).csv,123,2026-08-21 11:52:07.277000+00:00,Kennfeld_v2 (13).csv|Probe=3,3,2.2802916666666664,0.033333888888888885,22.364,44.728,44.728,1126.73,0.0,1238.55,True,quality flags,1.6386345729364258,3.7365647613788235,40.99143523862118,1234.8134352386212,1.8111237990926359,3.319646034682138,3.6222475981852718,0.0,91.24698256803995,100.0,1006.8650933459758,1535.3314518317393,ok,-1.3450933459757834,3.3505481682607297
123,2026-08-21,11:54:07.279,58,3,111.82,1126.73,0.0,0.0,0.0,0.0,0.0,100.0,1005.525,0.001249963,0.00604248,1538.673,0.01248271,0.06164551,22.25328,0.002214938,1497.76,0.0006007822,6.902225,3.367032e-05,100,1,1,1,Kennfeld_v2 (13).csv,C:\Users\nikla\OneDrive\Documents\01_Uni\01_Master\00_Masterarbeit\sim_par_ink_prop\laboratory_measurement_L-Com\measurement_data\Kennfeld_v2 (13).csv,124,2026-08-21 11:54:07.279000+00:00,Kennfeld_v2 (13).csv|Probe=3,3,2.3136255555555554,0.06666777777777777,22.364,44.728,44.728,1126.73,0.0,1238.55,True,quality flags,1.6386345729364258,3.7911868241625784,40.93681317583742,1234.7588131758373,1.81120391783065,3.31536918295377,3.6224078356613,0.0,91.2510190635543,100.00000000000001,1006.8694983614106,1535.3153336148453,ok,-1.344498361410615,3.3576663851547437
124,2026-08-21,11:56:07.281,59,3,111.82,1126.73,0.0,0.0,0.0,0.0,0.0,100.0,1005.527,0.0005959686,0.002685547,1538.676,0.01351688,0.06640625,22.26413,0.004040003,1497.763,0.0009113923,6.90222,3.5937e-05,100,1,1,1,Kennfeld_v2 (13).csv,C:\Users\nikla\OneDrive\Documents\01_Uni\01_Master\00_Masterarbeit\sim_par_ink_prop\laboratory_measurement_L-Com\measurement_data\Kennfeld_v2 (13).csv,125,2026-08-21 11:56:07.281000+00:00,Kennfeld_v2 (13).csv|Probe=3,3,2.3469594444444444,0.10000166666666666,22.364,44.728,44.728,1126.73,0.0,1238.55,True,quality flags,1.6386345729364258,3.845808886946333,40.882191113053665,1234.7041911130536,1.8112840436574074,3.311091952818224,3.6225680873148147,0.0,91.25505591620956,100.0,1006.8739030160832,1535.2992337414905,ok,-1.3469030160831608,3.376766258509406
125,2026-08-21,11:58:07.283,60,3,111.82,1126.73,0.0,0.0,0.0,0.0,0.0,100.0,1005.527,0.000717266,0.003173828,1538.705,0.01429893,0.0760498,22.28354,0.005982817,1497.767,0.001171027,6.902148,3.757009e-05,100,1,1,1,Kennfeld_v2 (13).csv,C:\Users\nikla\OneDrive\Documents\01_Uni\01_Master\00_Masterarbeit\sim_par_ink_prop\laboratory_measurement_L-Com\measurement_data\Kennfeld_v2 (13).csv,126,2026-08-21 11:58:07.283000+00:00,Kennfeld_v2 (13).csv|Probe=3,3,2.3802933333333334,0.13333555555555554,22.364,44.728,44.728,1126.73,0.0,1238.55,True,quality flags,1.6386345729364258,3.900430949730088,40.827569050269915,1234.64956905027,1.8113641765738493,3.3068143442252786,3.6227283531476986,0.0,91.25909312605317,100.0,1006.8756520459334,1535.2993632969242,ok,-1.3486520459333633,3.405636703075743
126,2026-08-21,12:00:07.285,61,3,111.82,1126.73,0.0,0.0,0.0,0.0,0.0,100.0,1005.526,0.0009726001,0.004638672,1538.719,0.01491263,0.07104492,22.30175,0.002227603,1497.77,0.0003094005,6.902115,4.025316e-05,100,1,1,1,Kennfeld_v2 (13).csv,C:\Users\nikla\OneDrive\Documents\01_Uni\01_Master\00_Masterarbeit\sim_par_ink_prop\laboratory_measurement_L-Com\measurement_data\Kennfeld_v2 (13).csv,127,2026-08-21 12:00:07.285000+00:00,Kennfeld_v2 (13).csv|Probe=3,3,2.4136272222222224,0.16666944444444445,22.364,44.728,44.728,1126.73,0.0,1238.55,True,quality flags,1.6386345729364258,3.955053012513843,40.77294698748616,1234.594946987486,1.8114443165809169,3.302536357124701,3.6228886331618337,0.0,91.26313069313255,100.0,1006.8777769578152,1535.2972033021078,ok,-1.3517769578152183,3.421796697892205
127,2026-08-21,12:02:07.287,62,3,111.82,1126.73,0.0,0.0,0.0,0.0,0.0,100.0,1005.531,0.001638052,0.006103516,1538.693,0.01313226,0.05639648,22.30183,0.001312535,1497.771,0.0002170212,6.902187,3.517875e-05,100,1,1,1,Kennfeld_v2 (13).csv,C:\Users\nikla\OneDrive\Documents\01_Uni\01_Master\00_Masterarbeit\sim_par_ink_prop\laboratory_measurement_L-Com\measurement_data\Kennfeld_v2 (13).csv,128,2026-08-21 12:02:07.287000+00:00,Kennfeld_v2 (13).csv|Probe=3,3,2.446961111111111,0.2000033333333333,22.364,44.728,44.728,1126.73,0.0,1238.55,True,quality flags,1.6386345729364258,4.009675075297597,40.7183249247024,1234.5403249247024,1.811524463679551,3.2982579914662495,3.623048927359102,0.0,91.2671686174951,100.0,1006.8855343781031,1535.2606894458713,ok,-1.3545343781031534,3.4323105541286623
128,2026-08-21,12:04:07.289,63,3,111.82,1126.73,0.0,0.0,0.0,0.0,0.0,100.0,1005.533,0.0006492182,0.003112793,1538.694,0.01002952,0.06335449,22.30616,0.00310391,1497.773,0.0007495368,6.902183,2.683043e-05,100,1,1,1,Kennfeld_v2 (13).csv,C:\Users\nikla\OneDrive\Documents\01_Uni\01_Master\00_Masterarbeit\sim_par_ink_prop\laboratory_measurement_L-Com\measurement_data\Kennfeld_v2 (13).csv,129,2026-08-21 12:04:07.289000+00:00,Kennfeld_v2 (13).csv|Probe=3,3,2.480295,0.23333722222222222,22.364,44.728,44.728,1126.73,0.0,1238.55,True,quality flags,1.6386345729364258,4.064297138081352,40.66370286191865,1234.4857028619185,1.8116046178706933,3.2939792471996756,3.6232092357413865,0.0,91.27120689918826,100.00000000000001,1006.8919744129323,1535.2322314152138,ok,-1.358974412932298,3.461768584786114
129,2026-08-21,12:06:07.291,64,3,111.82,1126.73,0.0,0.0,0.0,0.0,0.0,100.0,1005.532,0.0007675263,0.003601074,1538.709,0.01275108,0.0612793,22.32215,0.004509008,1497.776,0.0009008342,6.902149,3.365319e-05,100,1,1,1,Kennfeld_v2 (13).csv,C:\Users\nikla\OneDrive\Documents\01_Uni\01_Master\00_Masterarbeit\sim_par_ink_prop\laboratory_measurement_L-Com\measurement_data\Kennfeld_v2 (13).csv,130,2026-08-21 12:06:07.291000+00:00,Kennfeld_v2 (13).csv|Probe=3,3,2.513628888888889,0.2666711111111111,22.364,44.728,44.728,1126.73,0.0,1238.55,True,quality flags,1.6386345729364258,4.118919200865107,40.609080799134894,1234.4310807991349,1.8116847791552848,3.289700124274719,3.6233695583105696,0.0,91.27524553825943,100.0,1006.8947970811073,1535.225863890801,ok,-1.36279708110726,3.4831361091989947
130,2026-08-21,12:08:07.293,65,3,111.82,1126.73,0.0,0.0,0.0,0.0,0.0,100.0,1005.532,0.00106485,0.00402832,1538.713,0.01350093,0.0625,22.33696,0.001791943,1497.779,0.0003675566,6.902142,3.636668e-05,100,1,1,1,Kennfeld_v2 (13).csv,C:\Users\nikla\OneDrive\Documents\01_Uni\01_Master\00_Masterarbeit\sim_par_ink_prop\laboratory_measurement_L-Com\measurement_data\Kennfeld_v2 (13).csv,131,2026-08-21 12:08:07.293000+00:00,Kennfeld_v2 (13).csv|Probe=3,3,2.546962777777778,0.300005,22.364,44.728,44.728,1126.73,0.0,1238.55,True,quality flags,1.6386345729364258,4.173541263648862,40.55445873635114,1234.3764587363512,1.8117649475342674,3.285420622641112,3.623529895068535,0.0,91.27928453475609,100.0,1006.897989073295,1535.2172539831547,ok,-1.3659890732949407,3.49574601684526
131,2026-08-21,12:10:07.295,66,3,111.82,1126.73,0.0,0.0,0.0,0.0,0.0,100.0,1005.537,0.00110771,0.005310059,1538.686,0.01077992,0.06323242,22.33641,0.001026353,1497.779,0.0003549381,6.902214,2.889271e-05,100,1,1,1,Kennfeld_v2 (13).csv,C:\Users\nikla\OneDrive\Documents\01_Uni\01_Master\00_Masterarbeit\sim_par_ink_prop\laboratory_measurement_L-Com\measurement_data\Kennfeld_v2 (13).csv,132,2026-08-21 12:10:07.295000+00:00,Kennfeld_v2 (13).csv|Probe=3,3,2.5802966666666665,0.3333388888888889,22.364,44.728,44.728,1126.73,0.0,1238.55,True,quality flags,1.6386345729364258,4.228163326432616,40.49983667356739,1234.3218366735673,1.8118451230085835,3.2811407422485797,3.623690246017167,0.0,91.28332388872568,100.0,1006.9059514876491,1535.1795662125921,ok,-1.368951487649042,3.5064337874077864
132,2026-08-21,12:23:55.698,67,3,111.82,1126.73,0.0,0.0,0.0,0.0,0.0,100.0,1006.885,0.002792635,0.01086426,1550.489,0.01277248,0.05810547,22.70935,0.002799913,1498.183,0.0004738559,6.870854,3.358477e-05,100,0,1,0,Kennfeld_v2 (13).csv,C:\Users\nikla\OneDrive\Documents\01_Uni\01_Master\00_Masterarbeit\sim_par_ink_prop\laboratory_measurement_L-Com\measurement_data\Kennfeld_v2 (13).csv,133,2026-08-21 12:23:55.698000+00:00,Kennfeld_v2 (13).csv|Probe=3,3,2.810408611111111,0.5634508333333333,22.364,44.728,44.728,1126.73,0.0,1238.55,False,not selected,1.6386345729364258,4.6052327142449085,40.122767285755096,1233.944767285755,1.8123987874427268,3.25158535045382,3.6247975748854535,0.0,91.31121828721801,100.00000000000001,1006.8441175798586,1535.6279260745068,ok,0.040882420141429066,14.861073925493201
133,2026-08-21,12:25:55.700,68,3,111.82,1126.73,0.0,0.0,0.0,0.0,0.0,100.0,1006.898,0.003804355,0.01525879,1550.434,0.02293235,0.09265137,22.69895,0.005885815,1498.183,0.0009385633,6.870998,5.933484e-05,100,0,1,0,Kennfeld_v2 (13).csv,C:\Users\nikla\OneDrive\Documents\01_Uni\01_Master\00_Masterarbeit\sim_par_ink_prop\laboratory_measurement_L-Com\measurement_data\Kennfeld_v2 (13).csv,134,2026-08-21 12:25:55.700000+00:00,Kennfeld_v2 (13).csv|Probe=3,3,2.8437425,0.5967847222222222,22.364,44.728,44.728,1126.73,0.0,1238.55,False,not selected,1.6386345729364258,4.659854777028664,40.06814522297134,1233.8901452229713,1.8124790190263407,3.2473024748674675,3.6249580380526814,0.0,91.31526046805351,100.0,1006.8551622233473,1535.5719920759566,ok,0.04283777665273192,14.862007924043382
134,2026-08-21,12:27:55.702,69,3,111.82,1126.73,0.0,0.0,0.0,0.0,0.0,100.0,1006.915,0.005093287,0.02038574,1550.34,0.02352681,0.09606934,22.66914,0.007088593,1498.179,0.0006738661,6.871239,6.059124e-05,100,0,1,0,Kennfeld_v2 (13).csv,C:\Users\nikla\OneDrive\Documents\01_Uni\01_Master\00_Masterarbeit\sim_par_ink_prop\laboratory_measurement_L-Com\measurement_data\Kennfeld_v2 (13).csv,135,2026-08-21 12:27:55.702000+00:00,Kennfeld_v2 (13).csv|Probe=3,3,2.877076388888889,0.6301186111111111,22.364,44.728,44.728,1126.73,0.0,1238.55,False,not selected,1.6386345729364258,4.714476839812418,40.01352316018758,1233.8355231601874,1.8125592577136806,3.243019220074171,3.6251185154273613,0.0,91.31930300678479,100.0,1006.8722278948608,1535.4797771785557,ok,0.04277210513919272,14.860222821444268
135,2026-08-21,12:29:55.704,70,3,111.82,1126.73,0.0,0.0,0.0,0.0,0.0,100.0,1006.927,0.001710357,0.006530762,1550.293,0.01228119,0.06835937,22.65433,0.001684813,1498.179,0.0002289848,6.871359,3.219413e-05,100,1,1,1,Kennfeld_v2 (13).csv,C:\Users\nikla\OneDrive\Documents\01_Uni\01_Master\00_Masterarbeit\sim_par_ink_prop\laboratory_measurement_L-Com\measurement_data\Kennfeld_v2 (13).csv,136,2026-08-21 12:29:55.704000+00:00,Kennfeld_v2 (13).csv|Probe=3,3,2.910410277777778,0.6634525,22.364,44.728,44.728,1126.73,0.0,1238.55,True,quality flags,1.6386345729364258,4.769098902596173,39.958901097403825,1233.7809010974038,1.8126395035056895,3.238735586023565,3.625279007011379,0.0,91.32334590345937,100.0,1006.8846424983598,1535.4155471149381,ok,0.04235750164025376,14.877452885061757
136,2026-08-21,12:31:55.707,71,3,111.82,1126.73,0.0,0.0,0.0,0.0,0.0,100.0,1006.933,0.002131416,0.009521484,1550.268,0.01433383,0.05187988,22.64925,0.001351045,1498.18,0.0005160138,6.871424,3.776592e-05,100,1,1,1,Kennfeld_v2 (13).csv,C:\Users\nikla\OneDrive\Documents\01_Uni\01_Master\00_Masterarbeit\sim_par_ink_prop\laboratory_measurement_L-Com\measurement_data\Kennfeld_v2 (13).csv,137,2026-08-21 12:31:55.707000+00:00,Kennfeld_v2 (13).csv|Probe=3,3,2.9437444444444445,0.6967866666666666,22.364,44.728,44.728,1126.73,0.0,1238.55,True,quality flags,1.6386345729364258,4.823721420556199,39.904278579443805,1233.7262785794437,1.812719757072104,3.23445153696418,3.625439514144208,0.0,91.32738919181952,100.00000000000001,1006.8940414499576,1535.3695059738036,ok,0.03895855004236637,14.898494026196431
137,2026-08-21,12:33:55.709,72,3,111.82,1126.73,0.0,0.0,0.0,0.0,0.0,100.0,1006.944,0.00407205,0.01617432,1550.212,0.01888598,0.08337402,22.63753,0.005440135,1498.179,0.0006053198,6.871567,4.872881e-05,100,0,1,0,Kennfeld_v2 (13).csv,C:\Users\nikla\OneDrive\Documents\01_Uni\01_Master\00_Masterarbeit\sim_par_ink_prop\laboratory_measurement_L-Com\measurement_data\Kennfeld_v2 (13).csv,138,2026-08-21 12:33:55.709000+00:00,Kennfeld_v2 (13).csv|Probe=3,3,2.9770783333333335,0.7301205555555557,22.364,44.728,44.728,1126.73,0.0,1238.55,False,not selected,1.6386345729364258,4.878343483339953,39.84965651666005,1233.67165651666,1.8128000170763416,3.230167144244665,3.6256000341526833,0.0,91.33143280452632,100.0,1006.9055008079974,1535.31102941565,ok,0.03849919200251861,14.900970584350034
138,2026-08-21,12:35:55.711,73,3,111.82,1126.73,0.0,0.0,0.0,0.0,0.0,100.0,1006.956,0.003680891,0.01470947,1550.171,0.0191065,0.09484863,22.62075,0.003666479,1498.178,0.0004242783,6.871671,5.00775e-05,100,0,1,0,Kennfeld_v2 (13).csv,C:\Users\nikla\OneDrive\Documents\01_Uni\01_Master\00_Masterarbeit\sim_par_ink_prop\laboratory_measurement_L-Com\measurement_data\Kennfeld_v2 (13).csv,139,2026-08-21 12:35:55.711000+00:00,Kennfeld_v2 (13).csv|Probe=3,3,3.0104122222222225,0.7634544444444444,22.364,44.728,44.728,1126.73,0.0,1238.55,False,not selected,1.6386345729364258,4.932965546123708,39.79503445387629,1233.6170344538762,1.8128802841880804,3.225882372116692,3.625760568376161,0.0,91.33547677531908,100.00000000000001,1006.9185302569057,1535.243054503655,ok,0.03746974309433426,14.927945496345046
139,2026-08-21,12:37:55.713,74,3,111.82,1126.73,0.0,0.0,0.0,0.0,0.0,100.0,1006.969,0.003979726,0.01409912,1550.093,0.01584499,0.07763672,22.59386,0.006840028,1498.176,0.0005624969,6.871872,4.099772e-05,100,0,1,0,Kennfeld_v2 (13).csv,C:\Users\nikla\OneDrive\Documents\01_Uni\01_Master\00_Masterarbeit\sim_par_ink_prop\laboratory_measurement_L-Com\measurement_data\Kennfeld_v2 (13).csv,140,2026-08-21 12:37:55.713000+00:00,Kennfeld_v2 (13).csv|Probe=3,3,3.0437461111111115,0.7967883333333333,22.364,44.728,44.728,1126.73,0.0,1238.55,False,not selected,1.6386345729364258,4.987587608907463,39.74041239109254,1233.5624123910925,1.8129605584082638,3.221597220529861,3.6259211168165275,0.0,91.33952110424535,100.0,1006.934694786786,1535.1560804478509,ok,0.034305213213997376,14.93691955214922
140,2026-08-21,12:39:55.715,75,3,111.82,1126.73,0.0,0.0,0.0,0.0,0.0,100.0,1006.976,0.001813318,0.008239746,1550.07,0.01124392,0.05249023,22.5917,0.001210053,1498.177,0.0005983974,6.871932,2.967821e-05,100,1,1,1,Kennfeld_v2 (13).csv,C:\Users\nikla\OneDrive\Documents\01_Uni\01_Master\00_Masterarbeit\sim_par_ink_prop\laboratory_measurement_L-Com\measurement_data\Kennfeld_v2 (13).csv,141,2026-08-21 12:39:55.715000+00:00,Kennfeld_v2 (13).csv|Probe=3,3,3.07708,0.8301222222222222,22.364,44.728,44.728,1126.73,0.0,1238.55,True,quality flags,1.6386345729364258,5.042209671691217,39.685790328308784,1233.5077903283088,1.8130408397378364,3.2173116894337626,3.6260816794756727,0.0,91.34356579135273,100.0,1006.9431947096527,1535.1154822930073,ok,0.03280529034725532,14.954517706992647
141,2026-08-21,12:41:55.717,76,3,111.82,1126.73,0.0,0.0,0.0,0.0,0.0,100.0,1006.979,0.002365884,0.0123291,1550.107,0.02115677,0.09606934,22.59566,0.001540057,1498.179,0.0005528888,6.871836,5.619507e-05,100,0,1,0,Kennfeld_v2 (13).csv,C:\Users\nikla\OneDrive\Documents\01_Uni\01_Master\00_Masterarbeit\sim_par_ink_prop\laboratory_measurement_L-Com\measurement_data\Kennfeld_v2 (13).csv,142,2026-08-21 12:41:55.717000+00:00,Kennfeld_v2 (13).csv|Probe=3,3,3.110413888888889,0.8634561111111111,22.364,44.728,44.728,1126.73,0.0,1238.55,False,not selected,1.6386345729364258,5.096831734474972,39.63116826552503,1233.453168265525,1.813121128177743,3.213025778777978,3.626242256355486,0.0,91.3476108366888,100.00000000000001,1006.9497998602408,1535.0863739425859,ok,0.029200139759268495,15.02062605741412
142,2026-08-21,12:43:55.719,77,3,111.82,1126.73,0.0,0.0,0.0,0.0,0.0,100.0,1006.955,0.1121807,0.5703125,1550.044,0.02385793,0.1103516,22.57772,0.009616171,1498.168,0.02748853,6.871995,6.099964e-05,100,0,1,0,Kennfeld_v2 (13).csv,C:\Users\nikla\OneDrive\Documents\01_Uni\01_Master\00_Masterarbeit\sim_par_ink_prop\laboratory_measurement_L-Com\measurement_data\Kennfeld_v2 (13).csv,143,2026-08-21 12:43:55.719000+00:00,Kennfeld_v2 (13).csv|Probe=3,3,3.143747777777778,0.89679,22.364,44.728,44.728,1126.73,0.0,1238.55,False,not selected,1.6386345729364258,5.151453797258727,39.57654620274128,1233.3985462027413,1.8132014237289278,3.2087394885120806,3.6264028474578556,0.0,91.35165624030114,100.0,1006.9631941269292,1535.0161417355218,ok,-0.00819412692919741,15.027858264478255
143,2026-08-21,12:57:07.473,78,3,111.82,1126.73,20.08,24.6,0.0,0.0,0.0,100.0,1004.172,0.01222185,0.04437256,1563.705,0.03809045,0.1635742,22.96848,0.0009297537,1497.583,0.002642595,6.836262,9.893507e-05,100,0,1,0,Kennfeld_v2 (13).csv,C:\Users\nikla\OneDrive\Documents\01_Uni\01_Master\00_Masterarbeit\sim_par_ink_prop\laboratory_measurement_L-Com\measurement_data\Kennfeld_v2 (13).csv,144,2026-08-21 12:57:07.473000+00:00,Kennfeld_v2 (13).csv|Probe=3,4,3.363679444444444,0.0,22.364,64.80799999999999,69.328,1126.73,0.0,1283.2299999999998,False,not selected,1.6386345729364258,5.511841429942256,59.296158570057734,1277.7181585700575,1.7503077537090335,4.640785463706511,5.4259227306894955,0.0,88.18298405189498,100.00000000000001,1005.9778976140243,1557.5258117338628,ok,-1.8058976140242748,6.179188266137089
144,2026-08-21,12:59:07.475,79,3,111.82,1126.73,20.08,24.6,0.0,0.0,0.0,100.0,1004.219,0.01162727,0.04089355,1563.572,0.03938884,0.1640625,22.95503,0.005397672,1497.59,0.001481232,6.836605,0.0001010679,100,0,1,0,Kennfeld_v2 (13).csv,C:\Users\nikla\OneDrive\Documents\01_Uni\01_Master\00_Masterarbeit\sim_par_ink_prop\laboratory_measurement_L-Com\measurement_data\Kennfeld_v2 (13).csv,145,2026-08-21 12:59:07.475000+00:00,Kennfeld_v2 (13).csv|Probe=3,4,3.397013333333333,0.033333888888888885,22.364,64.80799999999999,69.328,1126.73,0.0,1283.2299999999998,False,not selected,1.6386345729364258,5.566463492726011,59.241536507273985,1277.6635365072739,1.7503825820322048,4.636708711999524,5.426154697152955,0.0,88.18675400881533,100.00000000000001,1005.9896783429099,1557.4759503699827,ok,-1.7706783429098323,6.096049630017205
145,2026-08-21,13:01:07.477,80,3,111.82,1126.73,20.08,24.6,0.0,0.0,0.0,100.0,1004.271,0.01457295,0.05474854,1563.416,0.04413768,0.2025146,22.91854,0.01233655,1497.594,0.001169535,6.837001,0.000111789,100,0,1,0,Kennfeld_v2 (13).csv,C:\Users\nikla\OneDrive\Documents\01_Uni\01_Master\00_Masterarbeit\sim_par_ink_prop\laboratory_measurement_L-Com\measurement_data\Kennfeld_v2 (13).csv,146,2026-08-21 13:01:07.477000+00:00,Kennfeld_v2 (13).csv|Probe=3,4,3.430347222222222,0.06666777777777777,22.364,64.80799999999999,69.328,1126.73,0.0,1283.2299999999998,False,not selected,1.6386345729364258,5.621085555509765,59.18691444449023,1277.60891444449,1.7504574167536995,4.632631611702942,5.426386683451103,0.0,88.19052428809228,100.00000000000003,1006.0095437581009,1557.39780974774,ok,-1.7385437581009455,6.018190252259956
146,2026-08-21,13:03:07.479,81,3,111.82,1126.73,20.08,24.6,0.0,0.0,0.0,100.0,1004.312,0.008453555,0.03643799,1563.316,0.02440073,0.1411133,22.88729,0.003060919,1497.598,0.0017642,6.837254,6.290166e-05,100,0,1,0,Kennfeld_v2 (13).csv,C:\Users\nikla\OneDrive\Documents\01_Uni\01_Master\00_Masterarbeit\sim_par_ink_prop\laboratory_measurement_L-Com\measurement_data\Kennfeld_v2 (13).csv,147,2026-08-21 13:03:07.479000+00:00,Kennfeld_v2 (13).csv|Probe=3,4,3.463681111111111,0.10000166666666666,22.364,64.80799999999999,69.328,1126.73,0.0,1283.2299999999998,False,not selected,1.6386345729364258,5.67570761829352,59.13229238170647,1277.5542923817063,1.7505322578743376,4.62855416277205,5.426618689586482,0.0,88.19429488976715,100.00000000000001,1006.0275699140176,1557.3259868620378,ok,-1.7155699140175784,5.990013137962251
147,2026-08-21,13:05:07.481,82,3,111.82,1126.73,20.08,24.6,0.0,0.0,0.0,100.0,1004.34,0.006735558,0.02886963,1563.255,0.01928806,0.09594727,22.87972,0.001868704,1497.603,0.001197549,6.837409,4.984362e-05,100,0,1,0,Kennfeld_v2 (13).csv,C:\Users\nikla\OneDrive\Documents\01_Uni\01_Master\00_Masterarbeit\sim_par_ink_prop\laboratory_measurement_L-Com\measurement_data\Kennfeld_v2 (13).csv,148,2026-08-21 13:05:07.481000+00:00,Kennfeld_v2 (13).csv|Probe=3,4,3.497015,0.13333555555555554,22.364,64.80799999999999,69.328,1126.73,0.0,1283.2299999999998,False,not selected,1.6386345729364258,5.730329681077276,59.07767031892271,1277.4996703189224,1.7506071053949408,4.624476365162131,5.4268507155616375,0.0,88.19806581388131,100.00000000000003,1006.0372881235276,1557.283235387003,ok,-1.6972881235275281,5.971764612997049
148,2026-08-21,13:07:07.483,83,3,111.82,1126.73,20.08,24.6,0.0,0.0,0.0,100.0,1004.364,0.005197046,0.0267334,1563.191,0.01895807,0.1119385,22.86873,0.003362003,1497.606,0.0006198837,6.837573,4.869812e-05,100,0,1,0,Kennfeld_v2 (13).csv,C:\Users\nikla\OneDrive\Documents\01_Uni\01_Master\00_Masterarbeit\sim_par_ink_prop\laboratory_measurement_L-Com\measurement_data\Kennfeld_v2 (13).csv,149,2026-08-21 13:07:07.483000+00:00,Kennfeld_v2 (13).csv|Probe=3,4,3.5303488888888888,0.16666944444444445,22.364,64.80799999999999,69.328,1126.73,0.0,1283.2299999999998,True,automatic low-noise fallback,1.6386345729364258,5.784951743861029,59.02304825613896,1277.4450482561388,1.7506819593163294,4.620398218828457,5.427082761379113,0.0,88.20183706047611,100.00000000000001,1006.0482068594616,1557.236258861399,ok,-1.6842068594615967,5.9547411386010936
149,2026-08-21,13:09:07.485,84,3,111.82,1126.73,20.08,24.6,0.0,0.0,0.0,100.0,1004.386,0.006466268,0.0244751,1563.103,0.02897578,0.1072998,22.84764,0.008400584,1497.606,0.0008516683,6.837796,7.330752e-05,100,0,1,0,Kennfeld_v2 (13).csv,C:\Users\nikla\OneDrive\Documents\01_Uni\01_Master\00_Masterarbeit\sim_par_ink_prop\laboratory_measurement_L-Com\measurement_data\Kennfeld_v2 (13).csv,150,2026-08-21 13:09:07.485000+00:00,Kennfeld_v2 (13).csv|Probe=3,4,3.5636827777777778,0.2000033333333333,22.364,64.80799999999999,69.328,1126.73,0.0,1283.2299999999998,False,not selected,1.6386345729364258,5.839573806644784,58.96842619335521,1277.390426193355,1.7507568196393248,4.616319723726293,5.427314827041456,0.0,88.20560862959293,100.0,1006.0626689384526,1557.1768052295158,ok,-1.6766689384526217,5.926194770484244
150,2026-08-21,13:11:07.487,85,3,111.82,1126.73,20.08,24.6,0.0,0.0,0.0,100.0,1004.406,0.003416182,0.01177979,1563.035,0.01598143,0.07788086,22.81972,0.003616242,1497.606,0.000508391,6.837966,4.094301e-05,100,0,1,0,Kennfeld_v2 (13).csv,C:\Users\nikla\OneDrive\Documents\01_Uni\01_Master\00_Masterarbeit\sim_par_ink_prop\laboratory_measurement_L-Com\measurement_data\Kennfeld_v2 (13).csv,151,2026-08-21 13:11:07.487000+00:00,Kennfeld_v2 (13).csv|Probe=3,4,3.5970166666666668,0.23333722222222222,22.364,64.80799999999999,69.328,1126.73,0.0,1283.2299999999998,True,automatic low-noise fallback,1.6386345729364258,5.89419586942854,58.91380413057145,1277.3358041305712,1.7508316863647486,4.612240879810897,5.427546912551211,0.0,88.20938052127316,100.00000000000001,1006.0795266001599,1557.108859363037,ok,-1.673526600159903,5.926140636963055
151,2026-08-21,13:13:07.489,86,3,111.82,1126.73,20.08,24.6,0.0,0.0,0.0,100.0,1004.417,0.002510926,0.0112915,1562.992,0.01461371,0.07800293,22.81298,0.001014336,1497.608,0.0005056718,6.838074,3.789077e-05,100,0,1,0,Kennfeld_v2 (13).csv,C:\Users\nikla\OneDrive\Documents\01_Uni\01_Master\00_Masterarbeit\sim_par_ink_prop\laboratory_measurement_L-Com\measurement_data\Kennfeld_v2 (13).csv,152,2026-08-21 13:13:07.489000+00:00,Kennfeld_v2 (13).csv|Probe=3,4,3.6303505555555557,0.2666711111111111,22.364,64.80799999999999,69.328,1126.73,0.0,1283.2299999999998,True,automatic low-noise fallback,1.6386345729364258,5.948817932212294,58.8591820677877,1277.2811820677875,1.7509065594934212,4.608161687037517,5.427779017910924,0.0,88.21315273555815,100.00000000000001,1006.0889559429324,1557.067054457345,ok,-1.6719559429324136,5.924945542654996
152,2026-08-21,13:15:07.491,87,3,111.82,1126.73,20.08,24.6,0.0,0.0,0.0,100.0,1004.429,0.003414521,0.0145874,1562.948,0.01699426,0.07397461,22.8079,0.002375339,1497.61,0.0004225275,6.83819,4.376684e-05,100,0,1,0,Kennfeld_v2 (13).csv,C:\Users\nikla\OneDrive\Documents\01_Uni\01_Master\00_Masterarbeit\sim_par_ink_prop\laboratory_measurement_L-Com\measurement_data\Kennfeld_v2 (13).csv,153,2026-08-21 13:15:07.491000+00:00,Kennfeld_v2 (13).csv|Probe=3,4,3.6636844444444443,0.300005,22.364,64.80799999999999,69.328,1126.73,0.0,1283.2299999999998,True,automatic low-noise fallback,1.6386345729364258,6.003439994996048,58.80456000500394,1277.2265600050036,1.7509814390261653,4.604082145361397,5.428011143123143,0.0,88.21692527248932,100.00000000000003,1006.0978040242132,1557.0272935839062,ok,-1.668804024213273,5.920706416093935
153,2026-08-21,13:17:07.493,88,3,111.82,1126.73,20.08,24.6,0.0,0.0,0.0,100.0,1004.447,0.005239546,0.01922607,1562.862,0.02748882,0.1079102,22.78321,0.009217245,1497.608,0.001047603,6.838405,6.919377e-05,100,0,1,0,Kennfeld_v2 (13).csv,C:\Users\nikla\OneDrive\Documents\01_Uni\01_Master\00_Masterarbeit\sim_par_ink_prop\laboratory_measurement_L-Com\measurement_data\Kennfeld_v2 (13).csv,154,2026-08-21 13:17:07.493000+00:00,Kennfeld_v2 (13).csv|Probe=3,4,3.6970183333333333,0.3333388888888889,22.364,64.80799999999999,69.328,1126.73,0.0,1283.2299999999998,False,not selected,1.6386345729364258,6.058062057779803,58.74993794222019,1277.17193794222,1.7510563249638016,4.60000225473777,5.428243288190415,0.0,88.22069813210803,100.00000000000001,1006.1135293392831,1556.9632231601759,ok,-1.6665293392831018,5.898776839824222
154,2026-08-21,13:19:07.495,89,3,111.82,1126.73,20.08,24.6,0.0,0.0,0.0,100.0,1004.464,0.002387488,0.009643555,1562.792,0.01211586,0.0612793,22.75284,0.003825071,1497.606,0.0003983986,6.838581,3.088809e-05,100,1,1,1,Kennfeld_v2 (13).csv,C:\Users\nikla\OneDrive\Documents\01_Uni\01_Master\00_Masterarbeit\sim_par_ink_prop\laboratory_measurement_L-Com\measurement_data\Kennfeld_v2 (13).csv,155,2026-08-21 13:19:07.495000+00:00,Kennfeld_v2 (13).csv|Probe=3,4,3.7303522222222223,0.36667277777777774,22.364,64.80799999999999,69.328,1126.73,0.0,1283.2299999999998,True,automatic low-noise fallback,1.6386345729364258,6.112684120563558,58.695315879436436,1277.1173158794363,1.7511312173071523,4.595922015121863,5.4284754531152855,0.0,88.22447131445571,100.00000000000001,1006.131246047532,1556.8920311027953,ok,-1.6672460475319895,5.899968897204644
155,2026-08-21,13:21:07.497,90,3,111.82,1126.73,20.08,24.6,0.0,0.0,0.0,100.0,1004.472,0.001910751,0.008666992,1562.763,0.01283493,0.06433105,22.7458,0.0007048416,1497.607,0.0005354759,6.838653,3.329713e-05,100,1,1,1,Kennfeld_v2 (13).csv,C:\Users\nikla\OneDrive\Documents\01_Uni\01_Master\00_Masterarbeit\sim_par_ink_prop\laboratory_measurement_L-Com\measurement_data\Kennfeld_v2 (13).csv,156,2026-08-21 13:21:07.497000+00:00,Kennfeld_v2 (13).csv|Probe=3,4,3.7636861111111113,0.4000066666666666,22.364,64.80799999999999,69.328,1126.73,0.0,1283.2299999999998,True,automatic low-noise fallback,1.6386345729364258,6.167306183347313,58.64069381665268,1277.0626938166524,1.7512061160570396,4.591841426468895,5.428707637900305,0.0,88.22824481957377,100.00000000000001,1006.1407829134796,1556.8497789898563,ok,-1.6687829134796175,5.913221010143616
156,2026-08-21,13:23:07.499,91,3,111.82,1126.73,20.08,24.6,0.0,0.0,0.0,100.0,1004.474,0.001439146,0.006347656,1562.755,0.01324338,0.08728027,22.74615,0.001228998,1497.608,0.0006442216,6.838675,3.461014e-05,100,1,0,0,Kennfeld_v2 (13).csv,C:\Users\nikla\OneDrive\Documents\01_Uni\01_Master\00_Masterarbeit\sim_par_ink_prop\laboratory_measurement_L-Com\measurement_data\Kennfeld_v2 (13).csv,157,2026-08-21 13:23:07.499000+00:00,Kennfeld_v2 (13).csv|Probe=3,4,3.7970200000000003,0.43334055555555556,22.364,64.80799999999999,69.328,1126.73,0.0,1283.2299999999998,False,not selected,1.6386345729364258,6.221928246131068,58.58607175386892,1277.0080717538688,1.7512810212142849,4.587760488734078,5.428939842548021,0.0,88.23201864750362,100.0,1006.1477299458359,1556.8167087086058,ok,-1.6737299458358166,5.938291291394307
157,2026-08-21,13:25:07.501,92,3,111.82,1126.73,20.08,24.6,0.0,0.0,0.0,100.0,1004.474,0.001439146,0.006347656,1562.755,0.01324338,0.08728027,22.74615,0.001228998,1497.608,0.0006442216,6.838675,3.461014e-05,100,1,0,0,Kennfeld_v2 (13).csv,C:\Users\nikla\OneDrive\Documents\01_Uni\01_Master\00_Masterarbeit\sim_par_ink_prop\laboratory_measurement_L-Com\measurement_data\Kennfeld_v2 (13).csv,158,2026-08-21 13:25:07.501000+00:00,Kennfeld_v2 (13).csv|Probe=3,4,3.830353888888889,0.46667444444444445,22.364,64.80799999999999,69.328,1126.73,0.0,1283.2299999999998,False,not selected,1.6386345729364258,6.276550308914822,58.53144969108517,1276.9534496910849,1.7513559327797112,4.583679201872617,5.429172067060983,0.0,88.23579279828671,100.00000000000003,1006.1548009383712,1556.7831993380826,ok,-1.680800938371135,5.971800661917541
158,2026-08-21,13:31:24.112,93,3,111.82,1250.11,20.08,24.6,0.0,0.0,0.0,100.0,1003.801,0.002276669,0.009399414,1556.269,0.01216667,0.05358887,22.6501,0.01369018,1497.421,0.0007403363,6.855607,3.175408e-05,100,0,1,0,Kennfeld_v2 (13).csv,C:\Users\nikla\OneDrive\Documents\01_Uni\01_Master\00_Masterarbeit\sim_par_ink_prop\laboratory_measurement_L-Com\measurement_data\Kennfeld_v2 (13).csv,159,2026-08-21 13:31:24.112000+00:00,Kennfeld_v2 (13).csv|Probe=3,5,3.9349680555555557,0.0,22.364,64.80799999999999,69.328,1250.11,0.0,1406.6099999999997,False,not selected,1.6386345729364258,6.447974699233756,58.36002530076624,1400.162025300766,1.597243718647207,4.168090852787558,4.951426959684026,0.0,89.28323846888122,100.00000000000001,1005.3639265465275,1550.876804204314,ok,-1.5629265465274784,5.392195795685893
159,2026-08-21,13:33:24.114,94,3,111.82,1250.11,20.08,24.6,0.0,0.0,0.0,100.0,1003.815,0.00563265,0.02215576,1556.227,0.01889777,0.07299805,22.62869,0.00357158,1497.424,0.0006910689,6.85571,4.87839e-05,100,0,1,0,Kennfeld_v2 (13).csv,C:\Users\nikla\OneDrive\Documents\01_Uni\01_Master\00_Masterarbeit\sim_par_ink_prop\laboratory_measurement_L-Com\measurement_data\Kennfeld_v2 (13).csv,160,2026-08-21 13:33:24.114000+00:00,Kennfeld_v2 (13).csv|Probe=3,5,3.9683019444444447,0.033333888888888885,22.364,64.80799999999999,69.328,1250.11,0.0,1406.6099999999997,False,not selected,1.6386345729364258,6.502596762017511,58.30540323798248,1400.1074032379822,1.5973060315429741,4.164352184921063,4.9516201285463834,0.0,89.28672165498959,100.00000000000001,1005.3776981080034,1550.8135155250068,ok,-1.5626981080033602,5.413484474993311
160,2026-08-21,13:35:24.116,95,3,111.82,1250.11,20.08,24.6,0.0,0.0,0.0,100.0,1003.834,0.003881577,0.01464844,1556.151,0.01745516,0.07006836,22.60593,0.006010377,1497.423,0.0004311476,6.855906,4.449988e-05,100,0,1,0,Kennfeld_v2 (13).csv,C:\Users\nikla\OneDrive\Documents\01_Uni\01_Master\00_Masterarbeit\sim_par_ink_prop\laboratory_measurement_L-Com\measurement_data\Kennfeld_v2 (13).csv,161,2026-08-21 13:35:24.116000+00:00,Kennfeld_v2 (13).csv|Probe=3,5,4.001635833333333,0.06666777777777777,22.364,64.80799999999999,69.328,1250.11,0.0,1406.6099999999997,False,not selected,1.6386345729364258,6.557218824801265,58.250781175198725,1400.0527811751983,1.597368349300928,4.160613225331638,4.951813312481432,0.0,89.29020511288601,100.00000000000001,1005.3919290737034,1550.7482068131094,ok,-1.5579290737034626,5.402793186890676
161,2026-08-21,13:37:24.118,96,3,111.82,1250.11,20.08,24.6,0.0,0.0,0.0,100.0,1003.842,0.001051933,0.004516602,1556.129,0.008862389,0.05908203,22.59798,0.001463149,1497.425,0.0006871022,6.85596,2.336432e-05,100,1,1,1,Kennfeld_v2 (13).csv,C:\Users\nikla\OneDrive\Documents\01_Uni\01_Master\00_Masterarbeit\sim_par_ink_prop\laboratory_measurement_L-Com\measurement_data\Kennfeld_v2 (13).csv,162,2026-08-21 13:37:24.118000+00:00,Kennfeld_v2 (13).csv|Probe=3,5,4.034969722222222,0.10000166666666666,22.364,64.80799999999999,69.328,1250.11,0.0,1406.6099999999997,True,quality flags,1.6386345729364258,6.611840887585019,58.196159112414975,1399.9981591124147,1.5974306719216376,4.156873973985135,4.952006511490936,0.0,89.29368884260231,100.00000000000001,1005.4011201977697,1550.704202928262,ok,-1.5591201977697438,5.424797071737885
162,2026-08-21,13:39:24.120,97,3,111.82,1250.11,20.08,24.6,0.0,0.0,0.0,100.0,1003.844,0.0008635762,0.004455566,1556.129,0.007267382,0.04418945,22.60643,0.003100275,1497.428,0.0009600317,6.855962,1.89226e-05,100,1,1,1,Kennfeld_v2 (13).csv,C:\Users\nikla\OneDrive\Documents\01_Uni\01_Master\00_Masterarbeit\sim_par_ink_prop\laboratory_measurement_L-Com\measurement_data\Kennfeld_v2 (13).csv,163,2026-08-21 13:39:24.120000+00:00,Kennfeld_v2 (13).csv|Probe=3,5,4.068303611111111,0.13333555555555554,22.364,64.80799999999999,69.328,1250.11,0.0,1406.6099999999997,True,quality flags,1.6386345729364258,6.666462950368775,58.14153704963122,1399.943537049631,1.5974929994056717,4.1531344308474045,4.952199725576659,0.0,89.29717284417028,100.00000000000001,1005.4047317621748,1550.6838602726007,ok,-1.5607317621747825,5.445139727399237
163,2026-08-21,13:41:24.122,98,3,111.82,1250.11,20.08,24.6,0.0,0.0,0.0,100.0,1003.85,0.002074857,0.007751465,1556.102,0.01256376,0.05969238,22.60898,0.001757667,1497.429,0.0001102531,6.856034,3.262936e-05,100,1,1,1,Kennfeld_v2 (13).csv,C:\Users\nikla\OneDrive\Documents\01_Uni\01_Master\00_Masterarbeit\sim_par_ink_prop\laboratory_measurement_L-Com\measurement_data\Kennfeld_v2 (13).csv,164,2026-08-21 13:41:24.122000+00:00,Kennfeld_v2 (13).csv|Probe=3,5,4.1016375,0.16666944444444445,22.364,64.80799999999999,69.328,1250.11,0.0,1406.6099999999997,True,quality flags,1.6386345729364258,6.721085013152528,58.08691498684746,1399.888914986847,1.5975553317536002,4.14939459588429,4.952392954740368,0.0,89.30065711762175,100.00000000000001,1005.4103524282334,1550.655001569871,ok,-1.5603524282333865,5.446998430129042
164,2026-08-21,13:43:24.124,99,3,111.82,1250.11,20.08,24.6,0.0,0.0,0.0,100.0,1003.856,0.001410104,0.00567627,1556.071,0.009112238,0.04785156,22.60302,0.0009071778,1497.43,0.000371313,6.856114,2.384065e-05,100,1,1,1,Kennfeld_v2 (13).csv,C:\Users\nikla\OneDrive\Documents\01_Uni\01_Master\00_Masterarbeit\sim_par_ink_prop\laboratory_measurement_L-Com\measurement_data\Kennfeld_v2 (13).csv,165,2026-08-21 13:43:24.124000+00:00,Kennfeld_v2 (13).csv|Probe=3,5,4.134971388888889,0.2000033333333333,22.364,64.80799999999999,69.328,1250.11,0.0,1406.6099999999997,True,quality flags,1.6386345729364258,6.7757070759362845,58.03229292406371,1399.8342929240634,1.5976176689659922,4.145654469061631,4.952586198983827,0.0,89.30414166298856,100.0,1005.4188696148229,1550.6138456343624,ok,-1.5628696148229437,5.457154365637507
165,2026-08-21,13:45:24.126,100,3,111.82,1250.11,20.08,24.6,0.0,0.0,0.0,100.0,1003.86,0.0009513599,0.004455566,1556.054,0.008300888,0.03564453,22.60345,0.001090889,1497.431,0.0005107953,6.85616,2.187016e-05,100,1,1,1,Kennfeld_v2 (13).csv,C:\Users\nikla\OneDrive\Documents\01_Uni\01_Master\00_Masterarbeit\sim_par_ink_prop\laboratory_measurement_L-Com\measurement_data\Kennfeld_v2 (13).csv,166,2026-08-21 13:45:24.126000+00:00,Kennfeld_v2 (13).csv|Probe=3,5,4.168305277777778,0.23333722222222222,22.364,64.80799999999999,69.328,1250.11,0.0,1406.6099999999997,True,quality flags,1.6386345729364258,6.830329138720039,57.977670861279954,1399.7796708612796,1.5976800110434173,4.1419140503452585,4.952779458308801,0.0,89.30762648030255,100.00000000000003,1005.4252139580547,1550.581914061959,ok,-1.5652139580546418,5.472085938041118
166,2026-08-21,13:47:24.128,101,3,111.82,1250.11,20.08,24.6,0.0,0.0,0.0,100.0,1003.862,0.0006600536,0.002929688,1556.055,0.007404523,0.0369873,22.61215,0.003380334,1497.434,0.000740819,6.856159,1.926546e-05,100,1,1,1,Kennfeld_v2 (13).csv,C:\Users\nikla\OneDrive\Documents\01_Uni\01_Master\00_Masterarbeit\sim_par_ink_prop\laboratory_measurement_L-Com\measurement_data\Kennfeld_v2 (13).csv,167,2026-08-21 13:47:24.128000+00:00,Kennfeld_v2 (13).csv|Probe=3,5,4.201639166666666,0.2666711111111111,22.364,64.80799999999999,69.328,1250.11,0.0,1406.6099999999997,True,quality flags,1.6386345729364258,6.884951201503792,57.9230487984962,1399.725048798496,1.5977423579864447,4.138173339701002,4.952972732717056,0.0,89.31111156959551,100.00000000000001,1005.4287465432272,1550.5619388848202,ok,-1.566746543227282,5.4930611151798985
287,2026-08-28,10:11:02.995,8,5,90.53,909.5,0.0,0.0,0.0,0.0,0.0,100.0,1004.247,0.003263978,0.01312256,1545.125,0.01317991,0.06323242,24.95557,0.003110597,1498.007,0.001360134,6.885703,3.508912e-05,100,0,1,0,Kennfeld_v2 (13).csv,C:\Users\nikla\OneDrive\Documents\01_Uni\01_Master\00_Masterarbeit\sim_par_ink_prop\laboratory_measurement_L-Com\measurement_data\Kennfeld_v2 (13).csv,288,2026-08-28 10:11:02.995000+00:00,Kennfeld_v2 (13).csv|Probe=5,1,0.0,0.0,18.106,36.212,36.212,909.5,0.0,1000.03,False,not selected,0.6843629717934785,0.0,36.212,1000.03,1.8105456836294913,3.6210913672589826,3.6210913672589826,0.0,90.94727158185255,100.0,1005.5142643089725,1542.7560664661075,ok,-1.2672643089725852,2.3689335338924593
288,2026-08-28,10:13:02.997,9,5,90.53,909.5,0.0,0.0,0.0,0.0,0.0,100.0,1004.254,0.001395056,0.005981445,1545.125,0.01136028,0.05310059,24.96773,0.003027856,1498.012,0.0008076932,6.885708,3.031487e-05,100,1,1,1,Kennfeld_v2 (13).csv,C:\Users\nikla\OneDrive\Documents\01_Uni\01_Master\00_Masterarbeit\sim_par_ink_prop\laboratory_measurement_L-Com\measurement_data\Kennfeld_v2 (13).csv,289,2026-08-28 10:13:02.997000+00:00,Kennfeld_v2 (13).csv|Probe=5,1,0.033333888888888885,0.033333888888888885,18.106,36.212,36.212,909.5,0.0,1000.03,True,quality flags,0.6843629717934785,0.02281247926143361,36.18918752073857,1000.0071875207385,1.8105869863684867,3.618892741207229,3.6211739727369734,0.0,90.94934629968732,100.00000000000001,1005.5144504275639,1542.7575598295032,ok,-1.2604504275639101,2.3674401704968204
289,2026-08-28,10:15:02.999,10,5,90.53,909.5,0.0,0.0,0.0,0.0,0.0,100.0,1004.257,0.001117127,0.005187988,1545.133,0.01245403,0.06982422,24.98028,0.003771347,1498.015,0.0009243626,6.885691,3.270728e-05,100,1,1,1,Kennfeld_v2 (13).csv,C:\Users\nikla\OneDrive\Documents\01_Uni\01_Master\00_Masterarbeit\sim_par_ink_prop\laboratory_measurement_L-Com\measurement_data\Kennfeld_v2 (13).csv,290,2026-08-28 10:15:02.999000+00:00,Kennfeld_v2 (13).csv|Probe=5,1,0.06666777777777777,0.06666777777777777,18.106,36.212,36.212,909.5,0.0,1000.03,True,quality flags,0.6843629717934785,0.04562495852286722,36.16637504147714,999.984375041477,1.8106282909919473,3.616694014841686,3.6212565819838947,0.0,90.95142111218249,100.00000000000001,1005.5145153639376,1542.7596866758454,ok,-1.257515363937614,2.373313324154651
290,2026-08-28,10:17:03.001,11,5,90.53,909.5,0.0,0.0,0.0,0.0,0.0,100.0,1004.258,0.001036132,0.004882812,1545.173,0.02380729,0.09643555,24.99618,0.004499258,1498.019,0.001078029,6.885589,6.23744e-05,100,1,1,1,Kennfeld_v2 (13).csv,C:\Users\nikla\OneDrive\Documents\01_Uni\01_Master\00_Masterarbeit\sim_par_ink_prop\laboratory_measurement_L-Com\measurement_data\Kennfeld_v2 (13).csv,291,2026-08-28 10:17:03.001000+00:00,Kennfeld_v2 (13).csv|Probe=5,1,0.10000166666666666,0.10000166666666666,18.106,36.212,36.212,909.5,0.0,1000.03,True,quality flags,0.6843629717934785,0.06843743778430084,36.1435625622157,999.9615625622157,1.810669597500002,3.614495188155486,3.621339195000004,0.0,90.95349601934451,100.0,1005.5135324149916,1542.7673149446675,ok,-1.255532414991535,2.4056850553324693
291,2026-08-28,10:19:03.003,12,5,90.53,909.5,0.0,0.0,0.0,0.0,0.0,100.0,1004.26,0.001331343,0.00769043,1545.201,0.01395706,0.07250977,25.01133,0.003429224,1498.022,0.0007736919,6.885518,3.703267e-05,100,1,1,1,Kennfeld_v2 (13).csv,C:\Users\nikla\OneDrive\Documents\01_Uni\01_Master\00_Masterarbeit\sim_par_ink_prop\laboratory_measurement_L-Com\measurement_data\Kennfeld_v2 (13).csv,292,2026-08-28 10:19:03.003000+00:00,Kennfeld_v2 (13).csv|Probe=5,1,0.13333555555555554,0.13333555555555554,18.106,36.212,36.212,909.5,0.0,1000.03,True,quality flags,0.6843629717934785,0.09124991704573444,36.12075008295427,999.9387500829542,1.81071090589278,3.6122962611417666,3.62142181178556,0.0,90.95557102117989,100.0,1005.5126431661479,1542.7736961663534,ok,-1.252643166147891,2.427303833646647
292,2026-08-28,10:21:03.005,13,5,90.53,909.5,0.0,0.0,0.0,0.0,0.0,100.0,1004.262,0.0007749931,0.004760742,1545.2,0.01173072,0.0501709,25.02415,0.00302171,1498.025,0.0006998827,6.885524,3.141189e-05,100,1,1,1,Kennfeld_v2 (13).csv,C:\Users\nikla\OneDrive\Documents\01_Uni\01_Master\00_Masterarbeit\sim_par_ink_prop\laboratory_measurement_L-Com\measurement_data\Kennfeld_v2 (13).csv,293,2026-08-28 10:21:03.005000+00:00,Kennfeld_v2 (13).csv|Probe=5,1,0.16666944444444445,0.16666944444444445,18.106,36.212,36.212,909.5,0.0,1000.03,True,quality flags,0.6843629717934785,0.11406239630716807,36.097937603692834,999.9159376036928,1.81075221617041,3.6100972337936583,3.62150443234082,0.0,90.95764611769512,100.0,1005.5124653961441,1542.7762389745412,ok,-1.2504653961441363,2.423761025458816
293,2026-08-28,10:23:03.007,14,5,90.53,909.5,0.0,0.0,0.0,0.0,0.0,100.0,1004.263,0.0009880165,0.004272461,1545.202,0.01263011,0.06188965,25.03624,0.003199688,1498.028,0.0007485321,6.885522,3.362369e-05,100,1,1,1,Kennfeld_v2 (13).csv,C:\Users\nikla\OneDrive\Documents\01_Uni\01_Master\00_Masterarbeit\sim_par_ink_prop\laboratory_measurement_L-Com\measurement_data\Kennfeld_v2 (13).csv,294,2026-08-28 10:23:03.007000+00:00,Kennfeld_v2 (13).csv|Probe=5,1,0.2000033333333333,0.2000033333333333,18.106,36.212,36.212,909.5,0.0,1000.03,True,quality flags,0.6843629717934785,0.13687487556860167,36.0751251244314,999.8931251244313,1.8107935283330212,3.6078981061042947,3.6215870566660424,0.0,90.95972130889665,100.0,1005.5125259881623,1542.7775763182124,ok,-1.2495259881623042,2.42442368178763
294,2026-08-28,10:25:03.009,15,5,90.53,909.5,0.0,0.0,0.0,0.0,0.0,100.0,1004.262,0.001029109,0.005432129,1545.206,0.01141117,0.05786133,25.05002,0.003411956,1498.031,0.000675977,6.885513,3.03345e-05,100,1,1,1,Kennfeld_v2 (13).csv,C:\Users\nikla\OneDrive\Documents\01_Uni\01_Master\00_Masterarbeit\sim_par_ink_prop\laboratory_measurement_L-Com\measurement_data\Kennfeld_v2 (13).csv,295,2026-08-28 10:25:03.009000+00:00,Kennfeld_v2 (13).csv|Probe=5,1,0.23333722222222222,0.23333722222222222,18.106,36.212,36.212,909.5,0.0,1000.03,True,quality flags,0.6843629717934785,0.1596873548300353,36.05231264516997,999.87031264517,1.8108348423807425,3.605698878066807,3.621669684761485,0.0,90.96179659479097,100.0,1005.5120369972406,1542.7816832770393,ok,-1.2500369972406133,2.4243167229606115
295,2026-08-28,10:27:03.011,16,5,90.53,909.5,0.0,0.0,0.0,0.0,0.0,100.0,1004.263,0.0009137811,0.004638672,1545.215,0.01215453,0.05969238,25.0636,0.003342895,1498.034,0.000656882,6.885495,3.243927e-05,100,1,1,1,Kennfeld_v2 (13).csv,C:\Users\nikla\OneDrive\Documents\01_Uni\01_Master\00_Masterarbeit\sim_par_ink_prop\laboratory_measurement_L-Com\measurement_data\Kennfeld_v2 (13).csv,296,2026-08-28 10:27:03.011000+00:00,Kennfeld_v2 (13).csv|Probe=5,1,0.2666711111111111,0.2666711111111111,18.106,36.212,36.212,909.5,0.0,1000.03,True,quality flags,0.6843629717934785,0.1824998340914689,36.02950016590854,999.8475001659085,1.8108761583137032,3.603499549674328,3.6217523166274064,0.0,90.96387197538456,100.0,1005.5116138111722,1542.785454305654,ok,-1.248613811172163,2.4295456943459612
296,2026-08-28,10:29:03.013,17,5,90.53,909.5,0.0,0.0,0.0,0.0,0.0,100.0,1004.265,0.0009237159,0.005004883,1545.203,0.01077309,0.05224609,25.0743,0.002720046,1498.036,0.0006616548,6.885529,2.874068e-05,100,1,1,1,Kennfeld_v2 (13).csv,C:\Users\nikla\OneDrive\Documents\01_Uni\01_Master\00_Masterarbeit\sim_par_ink_prop\laboratory_measurement_L-Com\measurement_data\Kennfeld_v2 (13).csv,297,2026-08-28 10:29:03.013000+00:00,Kennfeld_v2 (13).csv|Probe=5,1,0.300005,0.300005,18.106,36.212,36.212,909.5,0.0,1000.03,True,quality flags,0.6843629717934785,0.20531231335290254,36.0066876866471,999.824687686647,1.8109174761320321,3.601300120919986,3.6218349522640643,0.0,90.96594745068393,100.00000000000001,1005.5121289711713,1542.7844928845802,ok,-1.2471289711712643,2.418507115419743
297,2026-08-28,10:31:03.015,18,5,90.53,909.5,0.0,0.0,0.0,0.0,0.0,100.0,1004.264,0.0008123144,0.004455566,1545.211,0.01349023,0.06323242,25.08686,0.003406729,1498.039,0.0007367851,6.885511,3.557325e-05,100,1,1,1,Kennfeld_v2 (13).csv,C:\Users\nikla\OneDrive\Documents\01_Uni\01_Master\00_Masterarbeit\sim_par_ink_prop\laboratory_measurement_L-Com\measurement_data\Kennfeld_v2 (13).csv,298,2026-08-28 10:31:03.015000+00:00,Kennfeld_v2 (13).csv|Probe=5,1,0.3333388888888889,0.3333388888888889,18.106,36.212,36.212,909.5,0.0,1000.03,True,quality flags,0.6843629717934785,0.22812479261433613,35.983875207385665,999.8018752073856,1.8109587958358584,3.5991005917969146,3.621917591671717,0.0,90.96802302069551,100.0,1005.5120392157551,1542.7865782719189,ok,-1.2480392157550568,2.4244217280811426
298,2026-08-28,10:33:03.017,19,5,90.53,909.5,0.0,0.0,0.0,0.0,0.0,100.0,1004.264,0.001330817,0.006103516,1545.218,0.01154376,0.05334473,25.09972,0.003459717,1498.041,0.0006237373,6.885496,3.07545e-05,100,1,1,1,Kennfeld_v2 (13).csv,C:\Users\nikla\OneDrive\Documents\01_Uni\01_Master\00_Masterarbeit\sim_par_ink_prop\laboratory_measurement_L-Com\measurement_data\Kennfeld_v2 (13).csv,299,2026-08-28 10:33:03.017000+00:00,Kennfeld_v2 (13).csv|Probe=5,1,0.36667277777777774,0.36667277777777774,18.106,36.212,36.212,909.5,0.0,1000.03,True,quality flags,0.6843629717934785,0.2509372718757697,35.96106272812423,999.7790627281242,1.8110001174253108,3.596900962298241,3.6220002348506215,0.0,90.97009868542582,100.0,1005.5118524612338,1542.789149431734,ok,-1.2478524612338333,2.4288505682661707
299,2026-08-28,10:35:03.019,20,5,90.53,909.5,0.0,0.0,0.0,0.0,0.0,100.0,1004.264,0.0006981351,0.003112793,1545.222,0.01064679,0.0534668,25.11229,0.002675061,1498.044,0.0005662215,6.885489,2.823062e-05,100,1,1,1,Kennfeld_v2 (13).csv,C:\Users\nikla\OneDrive\Documents\01_Uni\01_Master\00_Masterarbeit\sim_par_ink_prop\laboratory_measurement_L-Com\measurement_data\Kennfeld_v2 (13).csv,300,2026-08-28 10:35:03.019000+00:00,Kennfeld_v2 (13).csv|Probe=5,1,0.4000066666666666,0.4000066666666666,18.106,36.212,36.212,909.5,0.0,1000.03,True,quality flags,0.6843629717934785,0.27374975113720335,35.9382502488628,999.7562502488628,1.8110414409005189,3.594701232417094,3.6220828818010378,0.0,90.97217444488135,100.0,1005.5117607914701,1542.7912388826933,ok,-1.2477607914701139,2.4307611173067016
300,2026-08-28,10:37:03.021,21,5,90.53,909.5,0.0,0.0,0.0,0.0,0.0,100.0,1004.265,0.0008900638,0.004211426,1545.23,0.01118492,0.0534668,25.12297,0.003214425,1498.046,0.0008155794,6.885471,2.948482e-05,100,1,1,1,Kennfeld_v2 (13).csv,C:\Users\nikla\OneDrive\Documents\01_Uni\01_Master\00_Masterarbeit\sim_par_ink_prop\laboratory_measurement_L-Com\measurement_data\Kennfeld_v2 (13).csv,301,2026-08-28 10:37:03.021000+00:00,Kennfeld_v2 (13).csv|Probe=5,1,0.43334055555555556,0.43334055555555556,18.106,36.212,36.212,909.5,0.0,1000.03,True,quality flags,0.6843629717934785,0.296562230398637,35.91543776960137,999.7334377696013,1.8110827662616114,3.592501402146603,3.6221655325232227,0.0,90.97425029906857,100.00000000000001,1005.512285079059,1542.7902260552196,ok,-1.2472850790589973,2.439773944780427
301,2026-08-28,10:39:03.023,22,5,90.53,909.5,0.0,0.0,0.0,0.0,0.0,100.0,1004.265,0.00075728,0.003479004,1545.233,0.01201355,0.06311035,25.13546,0.003348095,1498.049,0.0006707419,6.885466,3.169859e-05,100,1,1,1,Kennfeld_v2 (13).csv,C:\Users\nikla\OneDrive\Documents\01_Uni\01_Master\00_Masterarbeit\sim_par_ink_prop\laboratory_measurement_L-Com\measurement_data\Kennfeld_v2 (13).csv,302,2026-08-28 10:39:03.023000+00:00,Kennfeld_v2 (13).csv|Probe=5,1,0.46667444444444445,0.46667444444444445,18.106,36.212,36.212,909.5,0.0,1000.03,True,quality flags,0.6843629717934785,0.3193747096600706,35.892625290339936,999.7106252903399,1.8111240935087176,3.5903014714798958,3.6222481870174352,0.0,90.97632624799395,100.0,1005.5122207773346,1542.7921735059301,ok,-1.2472207773346327,2.4408264940698245
302,2026-08-28,10:53:56.908,23,5,90.53,909.5,0.0,0.0,2.39,0.0,0.0,100.0,1005.051,0.00152948,0.007568359,1545.469,0.0115975,0.05285645,25.08747,0.002813718,1498.228,0.001161256,6.884825,3.063132e-05,100,1,1,1,Kennfeld_v2 (13).csv,C:\Users\nikla\OneDrive\Documents\01_Uni\01_Master\00_Masterarbeit\sim_par_ink_prop\laboratory_measurement_L-Com\measurement_data\Kennfeld_v2 (13).csv,303,2026-08-28 10:53:56.908000+00:00,Kennfeld_v2 (13).csv|Probe=5,2,0.7149758333333334,0.0,18.106,36.212,36.212,909.5,2.39,1002.42,True,quality flags,0.6843629717934785,0.4893029860605188,35.72269701393949,1001.9306970139395,1.8071110161572481,3.5653860212491812,3.6142220323144962,0.23853945259117545,90.7747414776879,100.0,1006.2803904436341,1542.4698902855882,ok,-1.2293904436340881,2.9991097144118157
303,2026-08-28,10:55:56.910,24,5,90.53,909.5,0.0,0.0,2.39,0.0,0.0,100.0,1005.051,0.002276278,0.01049805,1545.493,0.01100849,0.05480957,25.10681,0.006021285,1498.233,0.001464985,6.884765,2.836717e-05,100,0,1,0,Kennfeld_v2 (13).csv,C:\Users\nikla\OneDrive\Documents\01_Uni\01_Master\00_Masterarbeit\sim_par_ink_prop\laboratory_measurement_L-Com\measurement_data\Kennfeld_v2 (13).csv,304,2026-08-28 10:55:56.910000+00:00,Kennfeld_v2 (13).csv|Probe=5,2,0.7483097222222223,0.033333888888888885,18.106,36.212,36.212,909.5,2.39,1002.42,False,not selected,0.6843629717934785,0.5121154653219524,35.69988453467805,1001.907884534678,1.807152162337666,3.5631902978045087,3.614304324675332,0.23854488390517076,90.77680833127732,100.0,1006.2781221124526,1542.4832174691646,ok,-1.2271221124525482,3.0097825308353094
304,2026-08-28,10:57:56.912,25,5,90.53,909.5,0.0,0.0,2.39,0.0,0.0,100.0,1005.049,0.002057339,0.009338379,1545.523,0.01292374,0.07592773,25.1318,0.005969288,1498.238,0.00130355,6.884694,3.348734e-05,100,1,1,1,Kennfeld_v2 (13).csv,C:\Users\nikla\OneDrive\Documents\01_Uni\01_Master\00_Masterarbeit\sim_par_ink_prop\laboratory_measurement_L-Com\measurement_data\Kennfeld_v2 (13).csv,305,2026-08-28 10:57:56.912000+00:00,Kennfeld_v2 (13).csv|Probe=5,2,0.7816436111111111,0.06666777777777777,18.106,36.212,36.212,909.5,2.39,1002.42,True,quality flags,0.6843629717934785,0.534927944583386,35.677072055416616,1001.8850720554166,1.8071933103918447,3.5609944743685364,3.6143866207836894,0.2385503154665033,90.77887527898943,100.0,1006.2740174637694,1542.5058061982631,ok,-1.2250174637694045,3.0171938017367665
305,2026-08-28,10:59:56.914,26,5,90.53,909.5,0.0,0.0,2.39,0.0,0.0,100.0,1005.047,0.001772671,0.009155273,1545.552,0.01248956,0.05480957,25.15436,0.00506271,1498.242,0.00123683,6.88462,3.239745e-05,100,1,1,1,Kennfeld_v2 (13).csv,C:\Users\nikla\OneDrive\Documents\01_Uni\01_Master\00_Masterarbeit\sim_par_ink_prop\laboratory_measurement_L-Com\measurement_data\Kennfeld_v2 (13).csv,306,2026-08-28 10:59:56.914000+00:00,Kennfeld_v2 (13).csv|Probe=5,2,0.8149774999999999,0.10000166666666666,18.106,36.212,36.212,909.5,2.39,1002.42,True,quality flags,0.6843629717934785,0.5577404238448196,35.654259576155184,1001.8622595761551,1.807234460319912,3.5587985509344335,3.614468920639824,0.23855574727518994,90.78094232083065,100.0,1006.2707037271663,1542.524374925647,ok,-1.223703727166253,3.0276250743529545
306,2026-08-28,11:01:56.916,27,5,90.53,909.5,0.0,0.0,2.39,0.0,0.0,100.0,1005.043,0.001451048,0.00793457,1545.575,0.01015994,0.04736328,25.17431,0.00439227,1498.245,0.000859249,6.884567,2.668911e-05,100,1,1,1,Kennfeld_v2 (13).csv,C:\Users\nikla\OneDrive\Documents\01_Uni\01_Master\00_Masterarbeit\sim_par_ink_prop\laboratory_measurement_L-Com\measurement_data\Kennfeld_v2 (13).csv,307,2026-08-28 11:01:56.916000+00:00,Kennfeld_v2 (13).csv|Probe=5,2,0.8483113888888888,0.13333555555555554,18.106,36.212,36.212,909.5,2.39,1002.42,True,quality flags,0.6843629717934785,0.5805529031062532,35.63144709689375,1001.8394470968937,1.8072756121219957,3.5566025274953694,3.6145512242439914,0.23856117933124762,90.7830094568074,100.00000000000001,1006.268239377954,1542.5386380803645,ok,-1.2252393779540398,3.0363619196355103
307,2026-08-28,11:03:56.918,28,5,90.53,909.5,0.0,0.0,2.39,0.0,0.0,100.0,1005.04,0.002557887,0.01104736,1545.592,0.00973182,0.05578613,25.19112,0.003606149,1498.248,0.0005620472,6.884524,2.567186e-05,100,0,1,0,Kennfeld_v2 (13).csv,C:\Users\nikla\OneDrive\Documents\01_Uni\01_Master\00_Masterarbeit\sim_par_ink_prop\laboratory_measurement_L-Com\measurement_data\Kennfeld_v2 (13).csv,308,2026-08-28 11:03:56.918000+00:00,Kennfeld_v2 (13).csv|Probe=5,2,0.8816452777777777,0.16666944444444445,18.106,36.212,36.212,909.5,2.39,1002.42,False,not selected,0.6843629717934785,0.6033653823676868,35.60863461763232,1001.8166346176323,1.8073167657982239,3.554406404044511,3.6146335315964477,0.23856661163469317,90.78507668692613,100.00000000000001,1006.266796680887,1542.5477360574746,ok,-1.2267966808869915,3.044263942525504
308,2026-08-28,11:05:56.920,29,5,90.53,909.5,0.0,0.0,2.39,0.0,0.0,100.0,1005.039,0.002327606,0.009338379,1545.612,0.0112787,0.05822754,25.20688,0.004572446,1498.252,0.0008147956,6.884476,2.926938e-05,100,1,1,1,Kennfeld_v2 (13).csv,C:\Users\nikla\OneDrive\Documents\01_Uni\01_Master\00_Masterarbeit\sim_par_ink_prop\laboratory_measurement_L-Com\measurement_data\Kennfeld_v2 (13).csv,309,2026-08-28 11:05:56.920000+00:00,Kennfeld_v2 (13).csv|Probe=5,2,0.9149791666666667,0.2000033333333333,18.106,36.212,36.212,909.5,2.39,1002.42,True,quality flags,0.6843629717934785,0.6261778616291205,35.58582213837088,1001.7938221383708,1.807357921348725,3.5522101805750266,3.61471584269745,0.2385720441855436,90.78714401119326,100.00000000000001,1006.26569607512,1542.5551011450816,ok,-1.2266960751200031,3.0568988549184724
309,2026-08-28,11:07:56.922,30,5,90.53,909.5,0.0,0.0,2.39,0.0,0.0,100.0,1005.036,0.003631212,0.0201416,1545.63,0.01147116,0.05786133,25.22342,0.003493756,1498.255,0.0008684619,6.884433,3.031245e-05,100,0,1,0,Kennfeld_v2 (13).csv,C:\Users\nikla\OneDrive\Documents\01_Uni\01_Master\00_Masterarbeit\sim_par_ink_prop\laboratory_measurement_L-Com\measurement_data\Kennfeld_v2 (13).csv,310,2026-08-28 11:07:56.922000+00:00,Kennfeld_v2 (13).csv|Probe=5,2,0.9483130555555556,0.23333722222222222,18.106,36.212,36.212,909.5,2.39,1002.42,False,not selected,0.6843629717934785,0.6489903408905541,35.56300965910945,1001.7710096591094,1.8073990787736267,3.5500138570800837,3.6147981575472534,0.2385774769838157,90.78921142961522,100.0,1006.2643425834947,1542.56373192629,ok,-1.2283425834947366,3.0662680737100345
310,2026-08-28,11:09:56.924,31,5,90.53,909.5,0.0,0.0,2.39,0.0,0.0,100.0,1005.034,0.002216371,0.01092529,1545.653,0.01238933,0.06188965,25.24018,0.004482643,1498.258,0.001020968,6.884377,3.23833e-05,100,0,1,0,Kennfeld_v2 (13).csv,C:\Users\nikla\OneDrive\Documents\01_Uni\01_Master\00_Masterarbeit\sim_par_ink_prop\laboratory_measurement_L-Com\measurement_data\Kennfeld_v2 (13).csv,311,2026-08-28 11:09:56.924000+00:00,Kennfeld_v2 (13).csv|Probe=5,2,0.9816469444444444,0.2666711111111111,18.106,36.212,36.212,909.5,2.39,1002.42,False,not selected,0.6843629717934785,0.6718028201519877,35.540197179848015,1001.7481971798479,1.8074402380730572,3.547817433552849,3.6148804761461144,0.23858291002952647,90.79127894219846,100.0,1006.2629182799496,1542.5727100158851,ok,-1.228918279949653,3.08028998411487
311,2026-08-28,11:11:56.926,32,5,90.53,909.5,0.0,0.0,2.39,0.0,0.0,100.0,1005.033,0.002788489,0.01153564,1545.7,0.03013474,0.1097412,25.25892,0.005132464,1498.261,0.0009367566,6.884256,7.88761e-05,100,0,1,0,Kennfeld_v2 (13).csv,C:\Users\nikla\OneDrive\Documents\01_Uni\01_Master\00_Masterarbeit\sim_par_ink_prop\laboratory_measurement_L-Com\measurement_data\Kennfeld_v2 (13).csv,312,2026-08-28 11:11:56.926000+00:00,Kennfeld_v2 (13).csv|Probe=5,2,1.0149808333333334,0.300005,18.106,36.212,36.212,909.5,2.39,1002.42,False,not selected,0.6843629717934785,0.6946152994134214,35.51738470058658,1001.7253847005866,1.8074813992471443,3.5456209099864875,3.6149627984942887,0.23858834332269274,90.79334654894939,100.0,1006.2608509925799,1542.5849124808792,ok,-1.2278509925798744,3.1150875191208343
312,2026-08-28,11:13:56.928,33,5,90.53,909.5,0.0,0.0,2.39,0.0,0.0,100.0,1005.025,0.004053538,0.02032471,1545.768,0.01927193,0.09228516,25.27788,0.004381686,1498.263,0.0009962891,6.88408,5.054508e-05,100,0,1,0,Kennfeld_v2 (13).csv,C:\Users\nikla\OneDrive\Documents\01_Uni\01_Master\00_Masterarbeit\sim_par_ink_prop\laboratory_measurement_L-Com\measurement_data\Kennfeld_v2 (13).csv,313,2026-08-28 11:13:56.928000+00:00,Kennfeld_v2 (13).csv|Probe=5,2,1.0483147222222222,0.3333388888888889,18.106,36.212,36.212,909.5,2.39,1002.42,False,not selected,0.6843629717934785,0.7174277786748549,35.49457222132515,1001.7025722213251,1.8075225622960165,3.5434242863741656,3.615045124592033,0.23859377686333144,90.79541424987445,100.0,1006.2587129230698,1542.59745731648,ok,-1.2337129230697883,3.170542683520125
313,2026-08-28,11:15:56.930,34,5,90.53,909.5,0.0,0.0,2.39,0.0,0.0,100.0,1005.022,0.004005397,0.01745605,1545.799,0.01775384,0.1195068,25.29475,0.003889924,1498.266,0.001168119,6.884003,4.721256e-05,100,0,1,0,Kennfeld_v2 (13).csv,C:\Users\nikla\OneDrive\Documents\01_Uni\01_Master\00_Masterarbeit\sim_par_ink_prop\laboratory_measurement_L-Com\measurement_data\Kennfeld_v2 (13).csv,314,2026-08-28 11:15:56.930000+00:00,Kennfeld_v2 (13).csv|Probe=5,2,1.081648611111111,0.36667277777777774,18.106,36.212,36.212,909.5,2.39,1002.42,False,not selected,0.6843629717934785,0.7402402579362884,35.47175974206372,1001.6797597420637,1.8075637272198017,3.541227562709047,3.6151274544396035,0.2385992106514595,90.7974820449801,100.00000000000001,1006.257255025595,1542.6065718001482,ok,-1.2352550255949382,3.192428199851747
314,2026-08-28,11:17:56.932,35,5,90.53,909.5,0.0,0.0,2.39,0.0,0.0,100.0,1005.016,0.004883116,0.0223999,1545.821,0.01892981,0.1071777,25.31048,0.003929927,1498.267,0.001249208,6.88395,5.007778e-05,100,0,1,0,Kennfeld_v2 (13).csv,C:\Users\nikla\OneDrive\Documents\01_Uni\01_Master\00_Masterarbeit\sim_par_ink_prop\laboratory_measurement_L-Com\measurement_data\Kennfeld_v2 (13).csv,315,2026-08-28 11:17:56.932000+00:00,Kennfeld_v2 (13).csv|Probe=5,2,1.1149825,0.4000066666666666,18.106,36.212,36.212,909.5,2.39,1002.42,False,not selected,0.6843629717934785,0.7630527371977222,35.44894726280228,1001.6569472628022,1.8076048940186282,3.5390307389842945,3.6152097880372565,0.23860464468709383,90.79954993427273,100.0,1006.2561684328144,1542.613812384539,ok,-1.240168432814471,3.2071876154609527
315,2026-08-28,11:19:56.934,36,5,90.53,909.5,0.0,0.0,2.39,0.0,0.0,100.0,1005.018,0.005439193,0.02557373,1545.839,0.01591908,0.08874512,25.32706,0.003882853,1498.271,0.001896607,6.883905,4.245298e-05,100,0,1,0,Kennfeld_v2 (13).csv,C:\Users\nikla\OneDrive\Documents\01_Uni\01_Master\00_Masterarbeit\sim_par_ink_prop\laboratory_measurement_L-Com\measurement_data\Kennfeld_v2 (13).csv,316,2026-08-28 11:19:56.934000+00:00,Kennfeld_v2 (13).csv|Probe=5,2,1.148316388888889,0.43334055555555556,18.106,36.212,36.212,909.5,2.39,1002.42,False,not selected,0.6843629717934785,0.7858652164591559,35.426134783540846,1001.6341347835408,1.8076460626926234,3.536833815193074,3.615292125385247,0.23861007897025127,90.8016179177588,100.0,1006.2548062247621,1542.6224281711513,ok,-1.2368062247620628,3.2165718288486005
316,2026-08-28,11:21:56.936,37,5,90.53,909.5,0.0,0.0,2.39,0.0,0.0,100.0,1005.018,0.005237775,0.0246582,1545.853,0.0215256,0.09802246,25.34261,0.003673527,1498.275,0.001448881,6.883872,5.678336e-05,100,0,1,0,Kennfeld_v2 (13).csv,C:\Users\nikla\OneDrive\Documents\01_Uni\01_Master\00_Masterarbeit\sim_par_ink_prop\laboratory_measurement_L-Com\measurement_data\Kennfeld_v2 (13).csv,317,2026-08-28 11:21:56.936000+00:00,Kennfeld_v2 (13).csv|Probe=5,2,1.1816502777777778,0.46667444444444445,18.106,36.212,36.212,909.5,2.39,1002.42,False,not selected,0.6843629717934785,0.8086776957205893,35.40332230427941,1001.6113223042794,1.8076872332419163,3.534636791328547,3.6153744664838325,0.23861551350094884,90.80368599544475,100.0,1006.2537795443889,1542.6293519292842,ok,-1.2357795443888335,3.2236480707158535
