SeqNo,Date,UTC Time,Nr,ProbeNr,m_SL120,m_Wasser,m_IPA,m_PG,m_MG,m_vorher,m_nachher,Pumpe_pct,Rho_M,Rho_S,Rho_Sp,C_M,C_S,C_Sp,T_M,T_S,Per_M,Per_S,RunT_M,RunT_S,N,Stabil,SensOK,Gueltig,Source_record,Timestamp,Phase,Phase_elapsed_min,Exclusion_reason,Used,Fit_used
629,2026-09-07,09:08:25.839,27,9,90.96,909.63,0.0,0.0,0.0,0.0,0.0,100.0,1005.543,0.0006053919,0.002563477,1540.252,0.007210524,0.03344727,22.3999,0.006397493,1497.794,0.001257914,6.898029,1.81523e-05,100,1,1,1,629,2026-09-07 09:08:25.839000+00:00,1,0.0,,True,True
630,2026-09-07,09:10:25.841,28,9,90.96,909.63,0.0,0.0,0.0,0.0,0.0,100.0,1005.542,0.0009716341,0.004150391,1540.276,0.008652131,0.04467773,22.42177,0.005218286,1497.798,0.0009719462,6.897971,2.212768e-05,100,1,1,1,630,2026-09-07 09:10:25.841000+00:00,1,2.000033333333333,,True,True
631,2026-09-07,09:12:25.843,29,9,90.96,909.63,0.0,0.0,0.0,0.0,0.0,100.0,1005.54,0.0005939396,0.002807617,1540.292,0.006238205,0.03063965,22.44124,0.003730904,1497.802,0.0007123146,6.897932,1.631107e-05,100,1,1,1,631,2026-09-07 09:12:25.843000+00:00,1,4.000066666666666,,True,True
632,2026-09-07,09:14:25.845,30,9,90.96,909.63,0.0,0.0,0.0,0.0,0.0,100.0,1005.54,0.0004779922,0.002075195,1540.302,0.006389807,0.03466797,22.45623,0.00364117,1497.805,0.0007818153,6.897912,1.66553e-05,100,1,1,1,632,2026-09-07 09:14:25.845000+00:00,1,6.0001,,True,True
633,2026-09-07,09:16:25.847,31,9,90.96,909.63,0.0,0.0,0.0,0.0,0.0,100.0,1005.54,0.0004587281,0.00201416,1540.31,0.00615256,0.02770996,22.46985,0.003738742,1497.807,0.000821111,6.897893,1.603653e-05,100,1,1,1,633,2026-09-07 09:16:25.847000+00:00,1,8.000133333333332,,True,True
634,2026-09-07,09:18:25.849,32,9,90.96,909.63,0.0,0.0,0.0,0.0,0.0,100.0,1005.54,0.0004918654,0.002319336,1540.323,0.006105707,0.03259277,22.4846,0.003700477,1497.811,0.0007951776,6.897863,1.592138e-05,100,1,1,1,634,2026-09-07 09:18:25.849000+00:00,1,10.000166666666667,,True,True
635,2026-09-07,09:20:25.851,33,9,90.96,909.63,0.0,0.0,0.0,0.0,0.0,100.0,1005.54,0.0004766836,0.002258301,1540.331,0.005403562,0.02600098,22.49834,0.00328032,1497.813,0.0006347407,6.897844,1.42906e-05,100,1,1,1,635,2026-09-07 09:20:25.851000+00:00,1,12.0002,,True,True
636,2026-09-07,09:22:25.853,34,9,90.96,909.63,0.0,0.0,0.0,0.0,0.0,100.0,1005.54,0.0005686777,0.002563477,1540.339,0.005824553,0.03393555,22.51012,0.003419458,1497.816,0.0007348674,6.897827,1.525553e-05,100,1,1,1,636,2026-09-07 09:22:25.853000+00:00,1,14.000233333333334,,True,True
637,2026-09-07,09:24:25.855,35,9,90.96,909.63,0.0,0.0,0.0,0.0,0.0,100.0,1005.54,0.0005525211,0.002746582,1540.348,0.005709718,0.03283691,22.5228,0.003206155,1497.818,0.0006579363,6.897806,1.500212e-05,100,1,1,1,637,2026-09-07 09:24:25.855000+00:00,1,16.000266666666665,,True,True
638,2026-09-07,09:26:25.857,36,9,90.96,909.63,0.0,0.0,0.0,0.0,0.0,100.0,1005.54,0.0004359952,0.001831055,1540.356,0.005139723,0.02502441,22.53539,0.003130744,1497.821,0.0006396258,6.897788,1.358393e-05,100,1,1,1,638,2026-09-07 09:26:25.857000+00:00,1,18.0003,,True,True
639,2026-09-07,09:28:25.859,37,9,90.96,909.63,0.0,0.0,0.0,0.0,0.0,100.0,1005.54,0.0005531447,0.002746582,1540.367,0.006064904,0.02990723,22.54853,0.003312102,1497.824,0.000643484,6.897762,1.583861e-05,100,1,1,1,639,2026-09-07 09:28:25.859000+00:00,1,20.000333333333334,,True,True
640,2026-09-07,09:30:25.861,38,9,90.96,909.63,0.0,0.0,0.0,0.0,0.0,100.0,1005.539,0.0005358679,0.002502441,1540.375,0.004738953,0.02758789,22.56065,0.002890444,1497.826,0.0005884534,6.897743,1.264562e-05,100,1,1,1,640,2026-09-07 09:30:25.861000+00:00,1,22.000366666666665,,True,True
641,2026-09-07,09:32:25.863,39,9,90.96,909.63,0.0,0.0,0.0,0.0,0.0,100.0,1005.539,0.0005782093,0.002929688,1540.382,0.005838647,0.03063965,22.57117,0.003342358,1497.828,0.000658941,6.897728,1.526594e-05,100,1,1,1,641,2026-09-07 09:32:25.863000+00:00,1,24.0004,,True,True
642,2026-09-07,09:34:25.865,40,9,90.96,909.63,0.0,0.0,0.0,0.0,0.0,100.0,1005.539,0.0005457579,0.002624512,1540.4,0.006204683,0.0279541,22.58609,0.004455169,1497.832,0.0009502084,6.897684,1.580616e-05,100,1,1,1,642,2026-09-07 09:34:25.865000+00:00,1,26.000433333333334,,True,True
643,2026-09-07,09:53:08.224,41,9,90.96,909.63,0.0,15.01,0.0,0.0,0.0,100.0,1006.602,0.001378535,0.005371094,1549.199,0.008559042,0.04272461,22.83602,0.002030174,1498.14,0.0006947616,6.874305,2.279295e-05,100,1,1,1,643,2026-09-07 09:53:08.224000+00:00,2,0.0,,True,True
644,2026-09-07,09:55:08.226,42,9,90.96,909.63,0.0,15.01,0.0,0.0,0.0,100.0,1006.607,0.00109653,0.005187988,1549.182,0.007800825,0.03674316,22.84152,0.001363201,1498.142,0.0005109308,6.874351,2.072876e-05,100,1,1,1,644,2026-09-07 09:55:08.226000+00:00,2,2.000033333333333,,True,True
645,2026-09-07,09:57:08.228,43,9,90.96,909.63,0.0,15.01,0.0,0.0,0.0,100.0,1006.611,0.007874889,0.09051514,1549.171,0.007464656,0.0402832,22.84765,0.001751602,1498.144,0.002536549,6.874383,1.99274e-05,100,0,1,0,645,2026-09-07 09:57:08.228000+00:00,2,4.000066666666666,,True,True
646,2026-09-07,09:59:08.230,44,9,90.96,909.63,0.0,15.01,0.0,0.0,0.0,100.0,1006.614,0.001206118,0.005126953,1549.155,0.009663169,0.04748535,22.85083,0.0008475023,1498.145,0.0002876676,6.874426,2.55942e-05,100,1,1,1,646,2026-09-07 09:59:08.230000+00:00,2,6.0001,,True,True
647,2026-09-07,10:01:08.232,45,9,90.96,909.63,0.0,15.01,0.0,0.0,0.0,100.0,1006.618,0.001175409,0.004821777,1549.136,0.008008055,0.04455566,22.85172,0.001088804,1498.146,0.0003869627,6.874475,2.129457e-05,100,1,1,1,647,2026-09-07 10:01:08.232000+00:00,2,8.000133333333332,,True,True
648,2026-09-07,10:03:08.234,46,9,90.96,909.63,0.0,15.01,0.0,0.0,0.0,100.0,1006.621,0.001120334,0.005004883,1549.124,0.008265975,0.04638672,22.85473,0.001070659,1498.147,0.0002615125,6.874507,2.198423e-05,100,1,1,1,648,2026-09-07 10:03:08.234000+00:00,2,10.000166666666667,,True,True
649,2026-09-07,10:05:08.236,47,9,90.96,909.63,0.0,15.01,0.0,0.0,0.0,100.0,1006.625,0.001309066,0.005493164,1549.111,0.009371948,0.03808594,22.8569,0.001023945,1498.148,0.0003465723,6.874544,2.494501e-05,100,1,1,1,649,2026-09-07 10:05:08.236000+00:00,2,12.0002,,True,True
650,2026-09-07,10:07:08.238,48,9,90.96,909.63,0.0,15.01,0.0,0.0,0.0,100.0,1006.628,0.001172953,0.005371094,1549.096,0.009285718,0.04162598,22.85848,0.00121322,1498.15,0.0003330425,6.874585,2.465874e-05,100,1,1,1,650,2026-09-07 10:07:08.238000+00:00,2,14.000233333333334,,True,True
651,2026-09-07,10:09:08.240,49,9,90.96,909.63,0.0,15.01,0.0,0.0,0.0,100.0,1006.63,0.0007394826,0.003540039,1549.085,0.006034328,0.02868652,22.86169,0.0008870443,1498.151,0.0003879649,6.874615,1.600749e-05,100,1,1,1,651,2026-09-07 10:09:08.240000+00:00,2,16.000266666666665,,True,True
652,2026-09-07,10:11:08.242,50,9,90.96,909.63,0.0,15.01,0.0,0.0,0.0,100.0,1006.633,0.0008939496,0.00402832,1549.079,0.005583167,0.02709961,22.86709,0.001937618,1498.152,0.0004439292,6.87463,1.486264e-05,100,1,1,1,652,2026-09-07 10:11:08.242000+00:00,2,18.0003,,True,True
653,2026-09-07,10:13:08.244,51,9,90.96,909.63,0.0,15.01,0.0,0.0,0.0,100.0,1006.634,0.0009447874,0.004333496,1549.074,0.006465511,0.02661133,22.87236,0.001502582,1498.154,0.0004130396,6.874644,1.72257e-05,100,1,1,1,653,2026-09-07 10:13:08.244000+00:00,2,20.000333333333334,,True,True
654,2026-09-07,10:15:08.246,52,9,90.96,909.63,0.0,15.01,0.0,0.0,0.0,100.0,1006.635,0.0007931145,0.00390625,1549.073,0.005742431,0.02832031,22.87848,0.001871216,1498.156,0.0004680906,6.874649,1.523389e-05,100,1,1,1,654,2026-09-07 10:15:08.246000+00:00,2,22.000366666666665,,True,True
655,2026-09-07,10:17:08.248,53,9,90.96,909.63,0.0,15.01,0.0,0.0,0.0,100.0,1006.637,0.000736035,0.00390625,1549.07,0.006125134,0.03112793,22.885,0.00188583,1498.157,0.0004431827,6.87466,1.615257e-05,100,1,1,1,655,2026-09-07 10:17:08.248000+00:00,2,24.0004,,True,True
656,2026-09-07,10:19:08.250,54,9,90.96,909.63,0.0,15.01,0.0,0.0,0.0,100.0,1006.638,0.0006581065,0.002990723,1549.07,0.006386566,0.03112793,22.89272,0.001557282,1498.159,0.0004179861,6.874661,1.694566e-05,100,1,1,1,656,2026-09-07 10:19:08.250000+00:00,2,26.000433333333334,,True,True
657,2026-09-07,10:21:08.252,55,9,90.96,909.63,0.0,15.01,0.0,0.0,0.0,100.0,1006.639,0.0007396027,0.00378418,1549.072,0.005438694,0.02575684,22.90019,0.002853417,1498.161,0.0006098569,6.874658,1.43973e-05,100,1,1,1,657,2026-09-07 10:21:08.252000+00:00,2,28.000466666666668,,True,True
658,2026-09-07,10:38:16.054,56,9,90.96,1009.71,0.0,15.01,0.0,0.0,0.0,100.0,1005.748,0.005477304,0.01751709,1543.975,0.0110114,0.05419922,22.97371,0.002749398,1497.963,0.001790285,6.888231,2.980093e-05,100,0,1,0,658,2026-09-07 10:38:16.054000+00:00,3,0.0,,True,True
659,2026-09-07,10:40:16.056,57,9,90.96,1009.71,0.0,15.01,0.0,0.0,0.0,100.0,1005.757,0.0007340887,0.00378418,1543.957,0.009543575,0.04577637,22.98405,0.003043793,1497.966,0.000622839,6.888281,2.567214e-05,100,1,1,1,659,2026-09-07 10:40:16.056000+00:00,3,2.000033333333333,,True,True
660,2026-09-07,10:42:16.058,58,9,90.96,1009.71,0.0,15.01,0.0,0.0,0.0,100.0,1005.757,0.0006906429,0.003540039,1543.956,0.00854353,0.03259277,22.99597,0.003414179,1497.969,0.0007319943,6.888286,2.287838e-05,100,1,1,1,660,2026-09-07 10:42:16.058000+00:00,3,4.000066666666666,,True,True
661,2026-09-07,10:44:16.060,59,9,90.96,1009.71,0.0,15.01,0.0,0.0,0.0,100.0,1005.757,0.0006544575,0.003295898,1543.953,0.008548569,0.03820801,23.00769,0.002855695,1497.972,0.0005843941,6.888297,2.280422e-05,100,1,1,1,661,2026-09-07 10:44:16.060000+00:00,3,6.0001,,True,True
662,2026-09-07,10:46:16.062,60,9,90.96,1009.71,0.0,15.01,0.0,0.0,0.0,100.0,1005.757,0.0006895786,0.003112793,1543.955,0.009133289,0.04443359,23.01843,0.002398741,1497.974,0.0005815476,6.888296,2.408954e-05,100,1,1,1,662,2026-09-07 10:46:16.062000+00:00,3,8.000133333333332,,True,True
663,2026-09-07,10:48:16.064,61,9,90.96,1009.71,0.0,15.01,0.0,0.0,0.0,100.0,1005.758,0.0006966566,0.003295898,1543.958,0.008233023,0.04187012,23.02864,0.00261295,1497.976,0.0005048973,6.888289,2.201186e-05,100,1,1,1,663,2026-09-07 10:48:16.064000+00:00,3,10.000166666666667,,True,True
664,2026-09-07,10:50:16.066,62,9,90.96,1009.71,0.0,15.01,0.0,0.0,0.0,100.0,1005.758,0.0007872715,0.00378418,1543.959,0.008065986,0.03649902,23.03769,0.002127988,1497.978,0.0004418101,6.88829,2.156061e-05,100,1,1,1,664,2026-09-07 10:50:16.066000+00:00,3,12.0002,,True,True
665,2026-09-07,10:52:16.068,63,9,90.96,1009.71,0.0,15.01,0.0,0.0,0.0,100.0,1005.759,0.0007485672,0.003356934,1543.959,0.007771019,0.03625488,23.04564,0.002336289,1497.979,0.0004876937,6.888293,2.06988e-05,100,1,1,1,665,2026-09-07 10:52:16.068000+00:00,3,14.000233333333334,,True,True
666,2026-09-07,10:54:16.070,64,9,90.96,1009.71,0.0,15.01,0.0,0.0,0.0,100.0,1005.759,0.0006198715,0.002868652,1543.964,0.00730716,0.03417969,23.05517,0.001904586,1497.981,0.0004018744,6.888281,1.941724e-05,100,1,1,1,666,2026-09-07 10:54:16.070000+00:00,3,16.000266666666665,,True,True
667,2026-09-07,10:56:16.072,65,9,90.96,1009.71,0.0,15.01,0.0,0.0,0.0,100.0,1005.758,0.0006609584,0.002807617,1543.969,0.006886348,0.03442383,23.06432,0.002437817,1497.983,0.0004938765,6.888272,1.822652e-05,100,1,1,1,667,2026-09-07 10:56:16.072000+00:00,3,18.0003,,True,True
668,2026-09-07,10:58:16.074,66,9,90.96,1009.71,0.0,15.01,0.0,0.0,0.0,100.0,1005.758,0.0007609208,0.003295898,1543.976,0.007796004,0.04602051,23.07432,0.002883951,1497.985,0.0005569695,6.888254,2.061246e-05,100,1,1,1,668,2026-09-07 10:58:16.074000+00:00,3,20.000333333333334,,True,True
669,2026-09-07,11:00:16.076,67,9,90.96,1009.71,0.0,15.01,0.0,0.0,0.0,100.0,1005.758,0.0007763904,0.003356934,1543.985,0.008004499,0.04577637,23.08464,0.002529936,1497.987,0.0004817268,6.888233,2.134824e-05,100,1,1,1,669,2026-09-07 11:00:16.076000+00:00,3,22.000366666666665,,True,True
670,2026-09-07,11:02:16.078,68,9,90.96,1009.71,0.0,15.01,0.0,0.0,0.0,100.0,1005.757,0.0006450271,0.003295898,1543.996,0.009533828,0.04223633,23.09585,0.003048921,1497.99,0.0005807823,6.888208,2.499287e-05,100,1,1,1,670,2026-09-07 11:02:16.078000+00:00,3,24.0004,,True,True
671,2026-09-07,11:04:16.081,69,9,90.96,1009.71,0.0,15.01,0.0,0.0,0.0,100.0,1005.756,0.0005657321,0.002746582,1544.007,0.006883822,0.03442383,23.10782,0.002771228,1497.992,0.0005114667,6.888181,1.816299e-05,100,1,1,1,671,2026-09-07 11:04:16.081000+00:00,3,26.00045,,True,True
672,2026-09-07,11:06:16.082,70,9,90.96,1009.71,0.0,15.01,0.0,0.0,0.0,100.0,1005.755,0.0005685824,0.002502441,1544.017,0.007655513,0.03259277,23.11854,0.002714081,1497.994,0.0005191472,6.888157,2.035459e-05,100,1,1,1,672,2026-09-07 11:06:16.082000+00:00,3,28.000466666666668,,True,True
673,2026-09-07,11:08:16.085,71,9,90.96,1009.71,0.0,15.01,0.0,0.0,0.0,100.0,1005.755,0.0006080897,0.002807617,1544.027,0.008424463,0.03833008,23.12827,0.00287115,1497.996,0.0005104931,6.888133,2.232456e-05,100,1,1,1,673,2026-09-07 11:08:16.085000+00:00,3,30.000516666666666,,True,True
674,2026-09-07,11:10:16.087,72,9,90.96,1009.71,0.0,15.01,0.0,0.0,0.0,100.0,1005.755,0.0006282888,0.003051758,1544.037,0.008164421,0.03479004,23.13815,0.002225892,1497.998,0.0005257619,6.88811,2.160646e-05,100,1,1,1,674,2026-09-07 11:10:16.087000+00:00,3,32.00055,,True,True
675,2026-09-07,11:12:16.089,73,9,90.96,1009.71,0.0,15.01,0.0,0.0,0.0,100.0,1005.754,0.0005449419,0.002441406,1544.042,0.007056087,0.03540039,23.14848,0.002417546,1498.0,0.000467653,6.888098,1.879008e-05,100,1,1,1,675,2026-09-07 11:12:16.089000+00:00,3,34.00058333333333,,True,True
676,2026-09-07,11:14:16.091,74,9,90.96,1009.71,0.0,15.01,0.0,0.0,0.0,100.0,1005.754,0.0006459715,0.002929688,1544.052,0.007370114,0.03662109,23.15854,0.002330509,1498.002,0.0005093966,6.888074,1.953429e-05,100,1,1,1,676,2026-09-07 11:14:16.091000+00:00,3,36.000616666666666,,True,True
677,2026-09-07,12:27:11.178,75,9,111.24,1009.71,0.0,15.01,0.0,0.0,0.0,100.0,1007.548,0.001368154,0.00604248,1552.43,0.01688413,0.07507324,23.15479,0.01081536,1498.431,0.002079606,6.865848,4.188006e-05,100,1,1,1,677,2026-09-07 12:27:11.178000+00:00,4,0.0,,True,True
678,2026-09-07,12:29:11.180,76,9,111.24,1009.71,0.0,15.01,0.0,0.0,0.0,100.0,1007.542,0.001629435,0.006652832,1552.49,0.0141874,0.05834961,23.19699,0.009370821,1498.439,0.001707996,6.865701,3.515006e-05,100,1,1,1,678,2026-09-07 12:29:11.180000+00:00,4,2.000033333333333,,True,True
679,2026-09-07,12:31:11.182,77,9,111.24,1009.71,0.0,15.01,0.0,0.0,0.0,100.0,1007.535,0.001711576,0.006835937,1552.546,0.01427069,0.05822754,23.23486,0.009037265,1498.446,0.001618636,6.865563,3.540972e-05,100,1,1,1,679,2026-09-07 12:31:11.182000+00:00,4,4.000066666666666,,True,True
680,2026-09-07,12:33:11.185,78,9,111.24,1009.71,0.0,15.01,0.0,0.0,0.0,100.0,1007.529,0.001599199,0.006713867,1552.594,0.01274314,0.05627441,23.26981,0.00839543,1498.452,0.00147853,6.865446,3.158723e-05,100,1,1,1,680,2026-09-07 12:33:11.185000+00:00,4,6.000116666666667,,True,True
681,2026-09-07,12:35:11.186,79,9,111.24,1009.71,0.0,15.01,0.0,0.0,0.0,100.0,1007.523,0.001695242,0.006164551,1552.638,0.0122727,0.06079102,23.30263,0.007798939,1498.457,0.001319794,6.86534,3.053666e-05,100,1,1,1,681,2026-09-07 12:35:11.186000+00:00,4,8.000133333333332,,True,True
682,2026-09-07,12:37:11.189,80,9,111.24,1009.71,0.0,15.01,0.0,0.0,0.0,100.0,1007.517,0.00151167,0.006164551,1552.681,0.01181198,0.05480957,23.33415,0.007635457,1498.463,0.001310294,6.865234,2.939272e-05,100,1,1,1,682,2026-09-07 12:37:11.189000+00:00,4,10.000183333333332,,True,True
683,2026-09-07,12:39:11.191,81,9,111.24,1009.71,0.0,15.01,0.0,0.0,0.0,100.0,1007.512,0.001325259,0.004882812,1552.718,0.01062244,0.04602051,23.36406,0.007403286,1498.468,0.001221748,6.865147,2.63616e-05,100,1,1,1,683,2026-09-07 12:39:11.191000+00:00,4,12.000216666666667,,True,True
684,2026-09-07,12:41:11.193,82,9,111.24,1009.71,0.0,15.01,0.0,0.0,0.0,100.0,1007.507,0.001214606,0.005310059,1552.752,0.009847776,0.04931641,23.39156,0.006664454,1498.472,0.001109251,6.865063,2.454915e-05,100,1,1,1,684,2026-09-07 12:41:11.193000+00:00,4,14.00025,,True,True
685,2026-09-07,12:43:11.195,83,9,111.24,1009.71,0.0,15.01,0.0,0.0,0.0,100.0,1007.503,0.001124834,0.004638672,1552.784,0.009559827,0.04443359,23.4175,0.006262559,1498.477,0.001018612,6.864985,2.385054e-05,100,1,1,1,685,2026-09-07 12:43:11.195000+00:00,4,16.000283333333336,,True,True
686,2026-09-07,12:45:11.197,84,9,111.24,1009.71,0.0,15.01,0.0,0.0,0.0,100.0,1007.498,0.001288852,0.005432129,1552.816,0.00986784,0.04699707,23.44252,0.006294544,1498.481,0.001026858,6.864908,2.466682e-05,100,1,1,1,686,2026-09-07 12:45:11.197000+00:00,4,18.000316666666667,,True,True
687,2026-09-07,12:47:11.199,85,9,111.24,1009.71,0.0,15.01,0.0,0.0,0.0,100.0,1007.494,0.001194296,0.005493164,1552.845,0.00977997,0.04162598,23.46663,0.006183229,1498.485,0.001017133,6.864837,2.448294e-05,100,1,1,1,687,2026-09-07 12:47:11.199000+00:00,4,20.00035,,True,True
688,2026-09-07,12:49:11.201,86,9,111.24,1009.71,0.0,15.01,0.0,0.0,0.0,100.0,1007.49,0.001050744,0.004150391,1552.876,0.008533659,0.0369873,23.49072,0.005834916,1498.489,0.0009492036,6.864763,2.12462e-05,100,1,1,1,688,2026-09-07 12:49:11.201000+00:00,4,22.000383333333332,,True,True
689,2026-09-07,12:51:11.203,87,9,111.24,1009.71,0.0,15.01,0.0,0.0,0.0,100.0,1007.486,0.000894851,0.00378418,1552.901,0.00850496,0.04223633,23.51378,0.005511552,1498.492,0.0009156334,6.864702,2.132292e-05,100,1,1,1,689,2026-09-07 12:51:11.203000+00:00,4,24.00041666666667,,True,True
690,2026-09-07,12:53:11.205,88,9,111.24,1009.71,0.0,15.01,0.0,0.0,0.0,100.0,1007.483,0.001068507,0.004455566,1552.927,0.007783315,0.03625488,23.53574,0.005555439,1498.496,0.0008989834,6.86464,1.949524e-05,100,1,1,1,690,2026-09-07 12:53:11.205000+00:00,4,26.00045,,True,True
691,2026-09-07,13:05:37.066,89,9,111.24,1009.71,10.33,15.01,0.0,0.0,0.0,100.0,1005.803,0.00536705,0.02642822,1561.29,0.05287433,0.2403564,23.86068,0.002539095,1498.159,0.001297462,6.842795,0.0001384836,100,0,1,0,691,2026-09-07 13:05:37.066000+00:00,5,0.0,,True,True
692,2026-09-07,13:07:37.068,90,9,111.24,1009.71,10.33,15.01,0.0,0.0,0.0,100.0,1005.846,0.006802284,0.02728271,1561.125,0.0333735,0.1401367,23.8654,0.0008928623,1498.169,0.001752011,6.843228,8.713255e-05,100,0,1,0,692,2026-09-07 13:07:37.068000+00:00,5,2.000033333333333,,True,True
693,2026-09-07,13:09:37.070,91,9,111.24,1009.71,10.33,15.01,0.0,0.0,0.0,100.0,1005.86,0.002285671,0.00970459,1561.047,0.02270616,0.1253662,23.87049,0.00186075,1498.174,0.0008057528,6.843431,5.952059e-05,100,1,1,1,693,2026-09-07 13:09:37.070000+00:00,5,4.000066666666666,,True,True
694,2026-09-07,13:11:37.072,92,9,111.24,1009.71,10.33,15.01,0.0,0.0,0.0,100.0,1005.871,0.002946762,0.01177979,1560.993,0.02181024,0.09631348,23.87712,0.001559621,1498.177,0.0009238324,6.843575,5.721608e-05,100,0,1,0,694,2026-09-07 13:11:37.072000+00:00,5,6.0001,,True,True
695,2026-09-07,13:13:37.074,93,9,111.24,1009.71,10.33,15.01,0.0,0.0,0.0,100.0,1005.881,0.002384421,0.009460449,1560.949,0.01733705,0.09082031,23.88328,0.001665,1498.181,0.0008279248,6.843691,4.541693e-05,100,1,1,1,695,2026-09-07 13:13:37.074000+00:00,5,8.000133333333332,,True,True
696,2026-09-07,13:15:37.076,94,9,111.24,1009.71,10.33,15.01,0.0,0.0,0.0,100.0,1005.889,0.002130056,0.00769043,1560.9,0.01581766,0.06518555,23.88878,0.001779996,1498.184,0.0007466798,6.843821,4.154331e-05,100,1,1,1,696,2026-09-07 13:15:37.076000+00:00,5,10.000166666666667,,True,True
697,2026-09-07,13:17:37.078,95,9,111.24,1009.71,10.33,15.01,0.0,0.0,0.0,100.0,1005.896,0.001373562,0.005065918,1560.867,0.01268536,0.05773926,23.89487,0.001902182,1498.186,0.0007283115,6.843909,3.330136e-05,100,1,1,1,697,2026-09-07 13:17:37.078000+00:00,5,12.0002,,True,True
698,2026-09-07,13:19:37.081,96,9,111.24,1009.71,10.33,15.01,0.0,0.0,0.0,100.0,1005.899,0.0009466382,0.004943848,1560.852,0.01432033,0.06628418,23.90435,0.00273167,1498.189,0.0007274099,6.843949,3.762199e-05,100,1,1,1,698,2026-09-07 13:19:37.081000+00:00,5,14.00025,,True,True
699,2026-09-07,13:21:37.083,97,9,111.24,1009.71,10.33,15.01,0.0,0.0,0.0,100.0,1005.901,0.0008502406,0.00390625,1560.84,0.01316219,0.05615234,23.91418,0.002899217,1498.192,0.0006792156,6.843985,3.432944e-05,100,1,1,1,699,2026-09-07 13:21:37.083000+00:00,5,16.000283333333336,,True,True
700,2026-09-07,13:23:37.085,98,9,111.24,1009.71,10.33,15.01,0.0,0.0,0.0,100.0,1005.902,0.0005647719,0.002868652,1560.837,0.01255838,0.05822754,23.92539,0.0028606,1498.194,0.000633953,6.843996,3.300156e-05,100,1,1,1,700,2026-09-07 13:23:37.085000+00:00,5,18.000316666666667,,True,True
701,2026-09-07,13:25:37.087,99,9,111.24,1009.71,10.33,15.01,0.0,0.0,0.0,100.0,1005.903,0.0006466256,0.003173828,1560.828,0.01208191,0.0657959,23.93622,0.002990627,1498.197,0.0006072909,6.844022,3.151174e-05,100,1,1,1,701,2026-09-07 13:25:37.087000+00:00,5,20.00035,,True,True
702,2026-09-07,13:27:37.089,100,9,111.24,1009.71,10.33,15.01,0.0,0.0,0.0,100.0,1005.903,0.0006961501,0.003662109,1560.823,0.01159411,0.05480957,23.94711,0.002973648,1498.199,0.0005611909,6.844038,3.034365e-05,100,1,1,1,702,2026-09-07 13:27:37.089000+00:00,5,22.000383333333332,,True,True
703,2026-09-07,13:29:37.091,101,9,111.24,1009.71,10.33,15.01,0.0,0.0,0.0,100.0,1005.902,0.0005378161,0.002258301,1560.822,0.01067949,0.05322266,23.95828,0.002635257,1498.201,0.0006009375,6.844044,2.808404e-05,100,1,1,1,703,2026-09-07 13:29:37.091000+00:00,5,24.00041666666667,,True,True
704,2026-09-07,13:31:37.093,102,9,111.24,1009.71,10.33,15.01,0.0,0.0,0.0,100.0,1005.902,0.0006270391,0.002929688,1560.824,0.01051346,0.05505371,23.97058,0.002685547,1498.203,0.0005591798,6.844041,2.740446e-05,100,1,1,1,704,2026-09-07 13:31:37.093000+00:00,5,26.00045,,True,True
705,2026-09-07,13:33:37.095,103,9,111.24,1009.71,10.33,15.01,0.0,0.0,0.0,100.0,1005.901,0.0005816253,0.002319336,1560.823,0.01074312,0.05432129,23.98092,0.002476109,1498.206,0.0004586838,6.844047,2.798877e-05,100,1,1,1,705,2026-09-07 13:33:37.095000+00:00,5,28.00048333333333,,True,True
706,2026-09-07,13:45:37.732,104,9,111.24,1059.72,10.33,15.01,0.0,0.0,0.0,100.0,1005.418,0.03044745,0.1004639,1558.371,0.04895413,0.213623,24.0438,0.00370568,1498.103,0.007890556,6.850474,0.0001291441,100,0,1,0,706,2026-09-07 13:45:37.732000+00:00,6,0.0,,True,True
707,2026-09-07,13:47:37.734,105,9,111.24,1059.72,10.33,15.01,0.0,0.0,0.0,100.0,1005.463,0.0353943,0.1865234,1558.267,0.01897588,0.09143066,24.05656,0.002961211,1498.116,0.008529022,6.850749,5.037955e-05,100,0,1,0,707,2026-09-07 13:47:37.734000+00:00,6,2.000033333333333,,True,True
708,2026-09-07,13:49:37.736,106,9,111.24,1059.72,10.33,15.01,0.0,0.0,0.0,100.0,1005.482,0.001375812,0.005187988,1558.222,0.01391225,0.06213379,24.07003,0.003384285,1498.124,0.0008939127,6.850872,3.704608e-05,100,1,1,1,708,2026-09-07 13:49:37.736000+00:00,6,4.000066666666666,,True,True
709,2026-09-07,13:51:37.738,107,9,111.24,1059.72,10.33,15.01,0.0,0.0,0.0,100.0,1005.484,0.00169981,0.008483887,1558.192,0.01044913,0.0534668,24.08376,0.003459433,1498.127,0.0008578948,6.850953,2.795351e-05,100,1,1,1,709,2026-09-07 13:51:37.738000+00:00,6,6.0001,,True,True
710,2026-09-07,13:53:37.740,108,9,111.24,1059.72,10.33,15.01,0.0,0.0,0.0,100.0,1005.489,0.001935651,0.009033203,1558.173,0.01051061,0.05200195,24.09745,0.003996305,1498.13,0.001166656,6.851008,2.814003e-05,100,1,1,1,710,2026-09-07 13:53:37.740000+00:00,6,8.000133333333332,,True,True
711,2026-09-07,13:55:37.742,109,9,111.24,1059.72,10.33,15.01,0.0,0.0,0.0,100.0,1005.492,0.0009397452,0.00402832,1558.158,0.007944296,0.03833008,24.11355,0.003766783,1498.134,0.0008885633,6.851049,2.085429e-05,100,1,1,1,711,2026-09-07 13:55:37.742000+00:00,6,10.000166666666667,,True,True
712,2026-09-07,13:57:37.744,110,9,111.24,1059.72,10.33,15.01,0.0,0.0,0.0,100.0,1005.493,0.0008344854,0.004333496,1558.142,0.008821371,0.03979492,24.12672,0.002929148,1498.137,0.0006728748,6.851096,2.354017e-05,100,1,1,1,712,2026-09-07 13:57:37.744000+00:00,6,12.0002,,True,True
713,2026-09-07,13:59:37.746,111,9,111.24,1059.72,10.33,15.01,0.0,0.0,0.0,100.0,1005.495,0.0007052801,0.003173828,1558.132,0.007824175,0.04077148,24.13769,0.002899524,1498.14,0.000678079,6.851126,2.078093e-05,100,1,1,1,713,2026-09-07 13:59:37.746000+00:00,6,14.000233333333334,,True,True
714,2026-09-07,14:01:37.748,112,9,111.24,1059.72,10.33,15.01,0.0,0.0,0.0,100.0,1005.495,0.0006657483,0.003051758,1558.12,0.006473051,0.0345459,24.14855,0.002613955,1498.142,0.000576045,6.85116,1.715705e-05,100,1,1,1,714,2026-09-07 14:01:37.748000+00:00,6,16.000266666666665,,True,True
715,2026-09-07,14:03:37.750,113,9,111.24,1059.72,10.33,15.01,0.0,0.0,0.0,100.0,1005.496,0.0006367756,0.003417969,1558.109,0.005898509,0.02697754,24.15787,0.00217417,1498.144,0.0005163447,6.85119,1.568935e-05,100,1,1,1,715,2026-09-07 14:03:37.750000+00:00,6,18.0003,,True,True
716,2026-09-07,14:05:37.752,114,9,111.24,1059.72,10.33,15.01,0.0,0.0,0.0,100.0,1005.496,0.0006927132,0.003112793,1558.104,0.006412405,0.0300293,24.16665,0.002454932,1498.146,0.0005337514,6.851206,1.694197e-05,100,1,1,1,716,2026-09-07 14:05:37.752000+00:00,6,20.000333333333334,,True,True
717,2026-09-07,14:07:37.754,115,9,111.24,1059.72,10.33,15.01,0.0,0.0,0.0,100.0,1005.496,0.0006759778,0.003540039,1558.102,0.006541965,0.03369141,24.17607,0.002642279,1498.148,0.0005418455,6.851215,1.722884e-05,100,1,1,1,717,2026-09-07 14:07:37.754000+00:00,6,22.000366666666665,,True,True
718,2026-09-07,14:18:56.831,116,9,111.24,1110.37,10.33,15.01,0.0,0.0,0.0,100.0,1005.1,0.005107095,0.02062988,1555.68,0.01539683,0.0760498,24.21927,0.004498156,1498.063,0.002077999,6.85758,4.091529e-05,100,0,1,0,718,2026-09-07 14:18:56.831000+00:00,7,0.0,,True,True
719,2026-09-07,14:20:56.833,117,9,111.24,1110.37,10.33,15.01,0.0,0.0,0.0,100.0,1005.106,0.0008344175,0.004455566,1555.663,0.01260488,0.05786133,24.2392,0.00506006,1498.068,0.001199182,6.857631,3.316992e-05,100,1,1,1,719,2026-09-07 14:20:56.833000+00:00,7,2.000033333333333,,True,True
720,2026-09-07,14:22:56.835,118,9,111.24,1110.37,10.33,15.01,0.0,0.0,0.0,100.0,1005.107,0.0007377457,0.003479004,1555.659,0.01313184,0.06616211,24.25999,0.004842906,1498.073,0.001037464,6.857646,3.465106e-05,100,1,1,1,720,2026-09-07 14:22:56.835000+00:00,7,4.000066666666666,,True,True
721,2026-09-07,14:24:56.837,119,9,111.24,1110.37,10.33,15.01,0.0,0.0,0.0,100.0,1005.108,0.0007717051,0.003479004,1555.65,0.01221944,0.05249023,24.27826,0.004335861,1498.077,0.0008909443,6.857676,3.235227e-05,100,1,1,1,721,2026-09-07 14:24:56.837000+00:00,7,6.0001,,True,True
722,2026-09-07,14:26:56.839,120,9,111.24,1110.37,10.33,15.01,0.0,0.0,0.0,100.0,1005.109,0.0006528526,0.003112793,1555.642,0.01064695,0.06262207,24.29568,0.004100887,1498.08,0.0008282292,6.8577,2.795473e-05,100,1,1,1,722,2026-09-07 14:26:56.839000+00:00,7,8.000133333333332,,True,True
723,2026-09-07,14:28:56.841,121,9,111.24,1110.37,10.33,15.01,0.0,0.0,0.0,100.0,1005.108,0.0007362188,0.003295898,1555.643,0.01016826,0.04968262,24.31198,0.00454693,1498.084,0.0009414654,6.857702,2.660277e-05,100,1,1,1,723,2026-09-07 14:28:56.841000+00:00,7,10.000166666666667,,True,True
724,2026-09-07,14:30:56.843,122,9,111.24,1110.37,10.33,15.01,0.0,0.0,0.0,100.0,1005.106,0.0007479134,0.003540039,1555.649,0.009122085,0.04492187,24.33092,0.004597835,1498.087,0.0008115601,6.857692,2.364205e-05,100,1,1,1,724,2026-09-07 14:30:56.843000+00:00,7,12.0002,,True,True
725,2026-09-07,14:32:56.845,123,9,111.24,1110.37,10.33,15.01,0.0,0.0,0.0,100.0,1005.104,0.0007779582,0.003723145,1555.653,0.00892448,0.04870605,24.34735,0.004244644,1498.09,0.0007666957,6.857686,2.339362e-05,100,1,1,1,725,2026-09-07 14:32:56.845000+00:00,7,14.000233333333334,,True,True
726,2026-09-07,14:34:56.847,124,9,111.24,1110.37,10.33,15.01,0.0,0.0,0.0,100.0,1005.103,0.0008176024,0.003723145,1555.657,0.008990126,0.04406738,24.36276,0.004100649,1498.093,0.0007537071,6.857679,2.33776e-05,100,1,1,1,726,2026-09-07 14:34:56.847000+00:00,7,16.000266666666665,,True,True
727,2026-09-07,14:36:56.849,125,9,111.24,1110.37,10.33,15.01,0.0,0.0,0.0,100.0,1005.102,0.0008060721,0.004333496,1555.655,0.005951197,0.03063965,24.37618,0.003255278,1498.096,0.0006595073,6.857688,1.556377e-05,100,1,1,1,727,2026-09-07 14:36:56.849000+00:00,7,18.0003,,True,True
728,2026-09-07,14:38:56.851,126,9,111.24,1110.37,10.33,15.01,0.0,0.0,0.0,100.0,1005.102,0.0005852988,0.002502441,1555.656,0.007173308,0.04528809,24.38786,0.002910144,1498.098,0.000626296,6.85769,1.888906e-05,100,1,1,1,728,2026-09-07 14:38:56.851000+00:00,7,20.000333333333334,,True,True
729,2026-09-07,14:40:56.853,127,9,111.24,1110.37,10.33,15.01,0.0,0.0,0.0,100.0,1005.102,0.0005766861,0.002868652,1555.655,0.007450027,0.03894043,24.39916,0.002873649,1498.1,0.0005351948,6.857695,1.96172e-05,100,1,1,1,729,2026-09-07 14:40:56.853000+00:00,7,22.000366666666665,,True,True
730,2026-09-07,14:49:42.895,128,9,111.24,1160.77,10.33,15.01,0.0,0.0,0.0,100.0,1004.748,0.006384136,0.03106689,1553.375,0.02528685,0.1348877,24.408,0.004107696,1498.017,0.001884607,6.863698,6.738024e-05,100,0,1,0,730,2026-09-07 14:49:42.895000+00:00,8,0.0,,True,True
731,2026-09-07,14:51:42.897,129,9,111.24,1160.77,10.33,15.01,0.0,0.0,0.0,100.0,1004.76,0.002272517,0.008544922,1553.337,0.01559693,0.06713867,24.41891,0.003214009,1498.022,0.001184768,6.8638,4.146822e-05,100,1,1,1,731,2026-09-07 14:51:42.897000+00:00,8,2.000033333333333,,True,True
732,2026-09-07,14:53:42.899,130,9,111.24,1160.77,10.33,15.01,0.0,0.0,0.0,100.0,1004.765,0.0007157674,0.003845215,1553.315,0.01601881,0.09619141,24.43082,0.003289316,1498.025,0.0007888912,6.863863,4.249144e-05,100,1,1,1,732,2026-09-07 14:53:42.899000+00:00,8,4.000066666666666,,True,True
733,2026-09-07,14:55:42.901,131,9,111.24,1160.77,10.33,15.01,0.0,0.0,0.0,100.0,1004.766,0.0005943225,0.003295898,1553.306,0.0125664,0.05310059,24.44458,0.004115135,1498.028,0.0007544287,6.86389,3.317859e-05,100,1,1,1,733,2026-09-07 14:55:42.901000+00:00,8,6.0001,,True,True
734,2026-09-07,14:57:42.903,132,9,111.24,1160.77,10.33,15.01,0.0,0.0,0.0,100.0,1004.766,0.0006423884,0.002746582,1553.312,0.01279832,0.06774902,24.4593,0.004080366,1498.031,0.0007914256,6.863878,3.382954e-05,100,1,1,1,734,2026-09-07 14:57:42.903000+00:00,8,8.000133333333332,,True,True
735,2026-09-07,14:59:42.905,133,9,111.24,1160.77,10.33,15.01,0.0,0.0,0.0,100.0,1004.764,0.0007814735,0.003662109,1553.317,0.01092821,0.05407715,24.47525,0.004260665,1498.034,0.0007306225,6.86387,2.879731e-05,100,1,1,1,735,2026-09-07 14:59:42.905000+00:00,8,10.000166666666667,,True,True
736,2026-09-07,15:01:42.908,134,9,111.24,1160.77,10.33,15.01,0.0,0.0,0.0,100.0,1004.764,0.0006613894,0.002929688,1553.321,0.010222,0.0534668,24.48945,0.003298805,1498.037,0.0006556159,6.863862,2.690757e-05,100,1,1,1,736,2026-09-07 15:01:42.908000+00:00,8,12.000216666666667,,True,True
737,2026-09-07,15:03:42.910,135,9,111.24,1160.77,10.33,15.01,0.0,0.0,0.0,100.0,1004.763,0.0005544679,0.002624512,1553.323,0.0108366,0.05395508,24.50282,0.003151738,1498.04,0.0006443302,6.863862,2.843442e-05,100,1,1,1,737,2026-09-07 15:03:42.910000+00:00,8,14.00025,,True,True
738,2026-09-07,15:05:42.912,136,9,111.24,1160.77,10.33,15.01,0.0,0.0,0.0,100.0,1004.763,0.0007473739,0.002929688,1553.326,0.01166236,0.05114746,24.51509,0.00319121,1498.042,0.0006130472,6.863854,3.105214e-05,100,1,1,1,738,2026-09-07 15:05:42.912000+00:00,8,16.000283333333336,,True,True
739,2026-09-07,15:07:42.913,137,9,111.24,1160.77,10.33,15.01,0.0,0.0,0.0,100.0,1004.762,0.0005582015,0.002685547,1553.326,0.01070423,0.05029297,24.52681,0.003139017,1498.045,0.0005908529,6.863859,2.822594e-05,100,1,1,1,739,2026-09-07 15:07:42.913000+00:00,8,18.0003,,True,True
740,2026-09-07,15:15:17.777,138,9,111.24,1210.38,10.33,15.01,0.0,0.0,0.0,100.0,1004.158,0.2246548,0.7232056,1551.321,0.03052837,0.1390381,24.51971,0.003326852,1497.899,0.05362465,6.869147,8.140963e-05,100,0,1,0,740,2026-09-07 15:15:17.777000+00:00,9,0.0,invalid/high Rho_S,False,False
741,2026-09-07,15:17:17.779,139,9,111.24,1210.38,10.33,15.01,0.0,0.0,0.0,100.0,1004.114,0.2421942,0.9684448,1551.242,0.01541879,0.07971191,24.53493,0.004191556,1497.892,0.05903902,6.869361,4.1292e-05,100,0,1,0,741,2026-09-07 15:17:17.779000+00:00,9,2.000033333333333,invalid/high Rho_S,False,False
742,2026-09-07,15:19:17.781,140,9,111.24,1210.38,10.33,15.01,0.0,0.0,0.0,100.0,1004.181,0.6883792,3.397095,1551.262,0.01508863,0.06872559,24.56249,0.008254482,1497.912,0.1698396,6.869316,3.976784e-05,100,0,1,0,742,2026-09-07 15:19:17.781000+00:00,9,4.000066666666666,invalid/high Rho_S,False,False
743,2026-09-07,15:21:17.783,141,9,111.24,1210.38,10.33,15.01,0.0,0.0,0.0,100.0,1004.45,0.0006709102,0.002929688,1551.255,0.007060744,0.03063965,24.57941,0.004299531,1497.98,0.0008694873,6.869339,1.878782e-05,100,1,1,1,743,2026-09-07 15:21:17.783000+00:00,9,6.0001,,True,False
744,2026-09-07,15:23:17.785,142,9,111.24,1210.38,10.33,15.01,0.0,0.0,0.0,100.0,1004.45,0.0006947108,0.002990723,1551.256,0.007069055,0.03491211,24.59525,0.003699277,1497.984,0.0007547449,6.86934,1.867155e-05,100,1,1,1,744,2026-09-07 15:23:17.785000+00:00,9,8.000133333333332,,True,False
745,2026-09-07,15:25:17.788,143,9,111.24,1210.38,10.33,15.01,0.0,0.0,0.0,100.0,1004.448,0.001269617,0.006103516,1551.275,0.01284123,0.05749512,24.61646,0.007704167,1497.988,0.00152854,6.869297,3.240466e-05,100,1,1,1,745,2026-09-07 15:25:17.788000+00:00,9,10.000183333333332,,True,False
746,2026-09-07,15:27:17.790,144,9,111.24,1210.38,10.33,15.01,0.0,0.0,0.0,100.0,1004.447,0.0006345558,0.002807617,1551.283,0.00658227,0.03381348,24.63597,0.004048216,1497.991,0.0008217854,6.86928,1.705829e-05,100,1,1,1,746,2026-09-07 15:27:17.790000+00:00,9,12.000216666666667,,True,False
747,2026-09-07,15:29:17.792,145,9,111.24,1210.38,10.33,15.01,0.0,0.0,0.0,100.0,1004.445,0.0009562865,0.004699707,1551.296,0.006950236,0.03149414,24.65285,0.004264182,1497.994,0.0008281929,6.86925,1.783097e-05,100,1,1,1,747,2026-09-07 15:29:17.792000+00:00,9,14.00025,,True,False
