Source_File,ProbeNr,Property,Unit,Start_Time_UTC,End_Time_UTC,Duration_h,Max_Gap_h,First_Error,Last_Error,Raw_First_to_Last_Change,N,Slope_per_h,Intercept,Slope_CI95_Low,Slope_CI95_High,Slope_p_value,Time_R2,Spearman_rho,Spearman_p_value,Fitted_Change,Within_Segment_N,Within_Segment_Count,Within_Segment_Slope_per_h,Within_Segment_CI95_Low,Within_Segment_CI95_High,Within_Segment_p_value,Within_Segment_R2
Kennfeld_v2 (18)_korrigiert.csv,0,Density,kg/m³,2012-01-23 00:14:28.362,2026-08-20 09:26:07.117,127761.19409861111,4608.613424444444,0.07169759999999314,0.9621456484701412,0.890448048470148,6,7.038949352818949e-06,0.0717906926542734,6.899013038459233e-06,7.1788856671786644e-06,1.5766555389104832e-08,0.9997949603111682,0.7142857142857143,0.11078717201166179,0.8993045745157948,6,2,-0.15963791021781232,-0.18547874581820575,-0.13379707461741888,0.000287520552607619,0.9922983743865266
Kennfeld_v2 (18)_korrigiert.csv,0,Sound velocity,m/s,2012-01-23 00:14:28.362,2026-08-20 09:26:07.117,127761.19409861111,4608.613424444444,-0.011767170032726426,-2.218781121151551,-2.2070139511188245,6,-1.763026201159528e-05,-0.011147526718063183,-1.8300180689517647e-05,-1.6960343333672914e-05,2.102355025292929e-07,0.9992513424837691,-0.6,0.208,-2.2524633268727947,6,2,0.7646844450778372,0.6503443874877965,0.8790245026678778,0.00022693174863704942,0.9934209272217567
Kennfeld_v2 (18)_korrigiert.csv,1,Density,kg/m³,2026-08-20 11:32:24.579,2026-08-21 08:28:30.007,20.934841111111112,16.583119444444446,0.6199427773713069,6.132131874972629,5.512189097601322,78,0.10585836221190552,0.1637570795268498,0.0428010163651482,0.16891570805866285,0.0012862514478357264,0.12823348883859906,-0.4943948102301067,4.214534074752939e-06,2.2161279931886906,78,4,2.8290059425723197,1.4396072136840414,4.218404671460598,0.000122765714670935,0.1840611121801906
Kennfeld_v2 (18)_korrigiert.csv,1,Sound velocity,m/s,2026-08-20 11:32:24.579,2026-08-21 08:28:30.007,20.934841111111112,16.583119444444446,-0.6953273585527313,88.10242536061583,88.79775271916856,78,1.2970678519855983,-3.4927978126928734,0.8423387479685795,1.751796956002617,2.3422758415301076e-07,0.2980785437133968,0.3832141479745538,0.000534154110780726,27.153909391648686,78,4,35.29616786331037,27.64777255985402,42.94456316676673,7.949609855595868e-14,0.5367776646773629
Kennfeld_v2 (18)_korrigiert.csv,2,Density,kg/m³,2026-08-21 08:31:16.201,2026-08-21 08:31:16.201,0.0,,0.18226090000018758,0.18226090000018758,0.0,1,,,,,,,,,,1,1,,,,,
Kennfeld_v2 (18)_korrigiert.csv,2,Sound velocity,m/s,2026-08-21 08:31:16.201,2026-08-21 08:31:16.201,0.0,,-0.5838394478566897,-0.5838394478566897,0.0,1,,,,,,,,,,1,1,,,,,
Kennfeld_v2 (18)_korrigiert.csv,3,Density,kg/m³,2026-08-21 09:35:18.227,2026-08-21 13:47:24.128,4.201639166666666,0.9743725,1.288935067412126,0.7577948279412112,-0.5311402394709148,80,-0.09120961331101762,1.2199874647413804,-0.10911749477016856,-0.07330173185186668,6.797300792450699e-16,0.5686267096855852,-0.8046812276347016,2.424398631531011e-19,-0.38322988366409294,80,6,-0.29431351800991096,-0.3249399369718717,-0.26368709904795024,3.4606815598089975e-30,0.834019286358783
Kennfeld_v2 (18)_korrigiert.csv,3,Sound velocity,m/s,2026-08-21 09:35:18.227,2026-08-21 13:47:24.128,4.201639166666666,0.9743725,-2.814476155464945,-1.3941295714207627,1.4203465840441822,80,0.038240197861981476,-1.9307398641951994,-0.06856032862674682,0.14504072435070978,0.4780794296057713,0.006472240956978339,0.02657071361223317,0.8150186528413308,0.16067151307798427,80,6,1.3855355318451061,1.2743592565606614,1.4967118071295509,2.4415657634774558e-37,0.8941896701582328
Kennfeld_v2 (18)_korrigiert.csv,4,Density,kg/m³,2026-08-27 08:21:42.504,2026-08-27 14:26:15.911,6.075946388888888,0.8600355555555556,0.8080825420701103,-0.0439496145514795,-0.8520321566215898,113,-0.01601780330080356,0.6210713776249642,-0.10132433041513314,0.06928872381352602,0.7105470894147417,0.0012456456374491526,-0.7642058686539359,7.103275015378726e-23,-0.0973233141234499,113,9,-1.10882484789394,-2.144012273637057,-0.07363742215082292,0.03603489168026944,0.04197481079373311
Kennfeld_v2 (18)_korrigiert.csv,4,Sound velocity,m/s,2026-08-27 08:21:42.504,2026-08-27 14:26:15.911,6.075946388888888,0.8600355555555556,-2.38342273062608,-2.856787544172221,-0.4733648135461408,113,-0.3734181725192252,-1.7652583926913117,-0.4860423635121954,-0.26079398152625505,1.6879033245419958e-09,0.2799983436290601,-0.530141725996407,1.553601251658369e-09,-2.2688687968636745,113,9,1.5156819830090547,1.3236900569777768,1.7076739090403326,5.367950136257923e-29,0.704140661283613
Kennfeld_v2 (18)_korrigiert.csv,5,Density,kg/m³,2026-08-28 10:11:02.995,2026-08-28 14:07:43.149,3.9444872222222225,0.2483013888888889,1.2672643089725852,0.68277139014765,-0.5844929188249353,98,-0.13227267386769628,1.2416382709416212,-0.1389766374605708,-0.12556871027482178,7.729282491000055e-61,0.9410999255902336,-0.9587118821286713,3.175317897758609e-54,-0.5217478719202953,98,2,-0.12676681108020715,-0.13549237811737522,-0.11804124404303909,8.778463498835123e-49,0.8975043345068979
Kennfeld_v2 (18)_korrigiert.csv,5,Sound velocity,m/s,2026-08-28 10:11:02.995,2026-08-28 14:07:43.149,3.9444872222222225,0.2483013888888889,-2.3689335338924593,-0.8634900926367663,1.505443441255693,98,0.3878761403080398,-2.7311556090374958,0.3441379121131658,0.4316143685029138,8.192560051922275e-32,0.7634703900800938,0.9056927363260205,1.4874144207013506e-37,1.529972479249937,98,2,0.5374736086473174,0.5030481629120758,0.5718990543825591,1.8019569464100757e-51,0.9100119750190796
Kennfeld_v2 (18)_korrigiert.csv,6,Density,kg/m³,2026-01-09 12:08:19.932,2026-01-09 13:48:15.976,1.6655677777777778,0.8322200000000001,1.627023896712899,1.305708268448143,-0.321315628264756,27,-0.1494778138586487,1.5671752346286707,-0.17664808452819047,-0.12230754318910692,2.4335389722048307e-11,0.8370086498102005,-0.9188034188034188,1.379066454908071e-11,-0.2489654302556298,27,1,-0.1494778138586487,-0.17664808452819045,-0.12230754318910696,2.433538972204764e-11,0.837008649810201
Kennfeld_v2 (18)_korrigiert.csv,6,Sound velocity,m/s,2026-01-09 12:08:19.932,2026-01-09 13:48:15.976,1.6655677777777778,0.8322200000000001,-2.6818898127392004,-1.3397454856476543,1.342144327091546,27,0.7055523960863279,-2.6150456826742867,0.6501939976475083,0.7609107945251475,1.0201446822398434e-19,0.9649869387121719,0.9999999999999999,3.381668924759664e-197,1.1751453364552917,27,1,0.705552396086328,0.6501939976475083,0.7609107945251478,1.020144682239863e-19,0.9649869387121719
Kennfeld_v2 (18)_korrigiert.csv,7,Density,kg/m³,2026-01-09 11:54:36.679,2026-01-09 14:06:42.925,2.201735,2.0350655555555557,2.075251491137692,1.4821994647144265,-0.5930520264232655,7,-0.2358027023968423,2.025035008798208,-0.27816987973581386,-0.1934355250578708,3.0066480363057853e-05,0.9761555307424377,-1.0,0.0,-0.5191750629617117,7,2,-0.8732163564148248,-1.683442495730624,-0.06299021709902541,0.040246717269451164,0.6912112923154468
Kennfeld_v2 (18)_korrigiert.csv,7,Sound velocity,m/s,2026-01-09 11:54:36.679,2026-01-09 14:06:42.925,2.201735,2.0350655555555557,-3.0334931974568917,-2.29123480453336,0.7422583929235316,7,0.29611071845988135,-3.0236795695847594,0.2322081100180695,0.3600133269016932,7.348867241019298e-05,0.9659595727620669,1.0,0.0,0.651957332708267,7,2,1.5860954000073697,1.3306556686353754,1.841535131379364,6.64281365742195e-05,0.9867201221531715
Kennfeld_v2 (18)_korrigiert.csv,8,Density,kg/m³,2026-02-09 09:51:05.602,2026-02-09 14:34:49.618,4.728893333333334,0.9068344444444444,2.0711149633489185,0.5954837161990554,-1.4756312471498632,98,-0.2426985513412699,2.52021710860462,-0.3823449915816825,-0.10305211110085732,0.0008351015324757986,0.11029675331206312,-0.5730543388864449,6.989075622741863e-10,-1.1476955614473892,98,6,-1.1584586190042747,-1.797537988124899,-0.5193792498836504,0.0005165050674790901,0.12470602207771209
Kennfeld_v2 (18)_korrigiert.csv,8,Sound velocity,m/s,2026-02-09 09:51:05.602,2026-02-09 14:34:49.618,4.728893333333334,0.9068344444444444,-2.6995205715572865,-0.18429252656505923,2.5152280449922273,98,0.6513966350936041,-3.2956220136600773,0.47578388232804314,0.8270093878591651,6.175734473678243e-11,0.36090200760176766,0.9133306555986966,3.101950001621577e-39,3.080385205049911,98,6,1.7339877896858242,0.8031576826896851,2.6648178966819636,0.00036840489987473535,0.13078566304698136
Kennfeld_v2 (18)_korrigiert.csv,9,Density,kg/m³,2026-07-09 09:08:25.839,2026-07-09 13:33:37.095,4.419793333333333,1.2153019444444446,0.8110211891355448,0.48480708548368057,-0.3262141036518642,77,-0.08695626550226018,0.9221043302338711,-0.09891532078718271,-0.07499721021733766,1.9777375105353122e-23,0.73666880043047,-0.8100583626899416,4.605385621713881e-19,-0.38432872255845285,77,5,-0.1390184469115892,-0.1551109778599196,-0.12292591596325883,4.618304948866458e-27,0.8069093303259451
Kennfeld_v2 (18)_korrigiert.csv,9,Sound velocity,m/s,2026-07-09 09:08:25.839,2026-07-09 13:33:37.095,4.419793333333333,1.2153019444444446,-1.7821817816427483,-2.293599407392776,-0.5114176257500276,77,-0.04216350781024244,-2.2389061880314527,-0.10382381012423962,0.019496794503754744,0.17721014382926623,0.02414403426749547,-0.09122456490877544,0.43008489943471384,-0.18635399072965744,77,5,0.4704435960703073,0.38205408911577593,0.5588331030248386,2.6745318604853454e-16,0.6133448856409487
Kennfeld_v2 (18)_korrigiert.csv,100,Density,kg/m³,2026-07-09 07:56:53.041,2026-08-28 09:32:47.486,1201.5984569444445,4342.528252777778,0.025666599999794926,0.04086940000013328,0.015202800000338357,31,1.1541365612776551e-06,0.03289838407923606,-2.8850589863161913e-06,5.193332108871502e-06,0.563475484762374,0.01163928424705952,0.7959677419354839,8.635481789343793e-08,0.0013868087111343977,31,2,0.019943021358741778,0.018187588285159366,0.02169845443232419,7.368069224479964e-20,0.9508391731677625
Kennfeld_v2 (18)_korrigiert.csv,100,Sound velocity,m/s,2026-07-09 07:56:53.041,2026-08-28 09:32:47.486,1201.5984569444445,4342.528252777778,-0.018763847966738467,-0.0059110261850037205,0.012852821781734747,31,6.9470786153137e-09,-0.00491469884503945,-3.216317319507144e-06,3.2302114767377713e-06,0.9965130654947262,6.700364553556763e-07,-0.4028225806451613,0.02465239798363557,8.34759894443269e-06,31,2,-0.00388934728003371,-0.01002491098864999,0.0022462164285825706,0.2047123845573598,0.056796853696367444
Kennfeld_v2 (18)_korrigiert.csv,101,Density,kg/m³,2026-02-09 08:43:34.841,2026-02-09 09:19:34.877,0.60001,744.5638761111111,0.027621599999861246,0.03856340000004366,0.010941800000182411,19,-0.0717921884550423,53.536337107959824,-0.25771333972589483,0.11412896281581024,0.42651542237303625,0.0375753962617494,0.6561403508771929,0.002282288681203843,-0.04307603099491791,19,1,-0.0717921884550423,-0.25771333972589483,0.11412896281581024,0.42651542237303625,0.03757539626174922
Kennfeld_v2 (18)_korrigiert.csv,101,Sound velocity,m/s,2026-02-09 08:43:34.841,2026-02-09 09:19:34.877,0.60001,744.5638761111111,-0.004811285025880352,-0.0033656333685030404,0.0014456516573773115,19,0.023783316666396707,-17.724865750879623,-0.00920244009477686,0.056769073427570274,0.14658814697258346,0.11981373033996146,0.7017543859649124,0.0008117889387414534,0.014270227833007333,19,1,0.023783316666396714,-0.009202440094776845,0.056769073427570274,0.14658814697258332,0.11981373033996146
Kennfeld_v2 (18)_korrigiert.csv,102,Density,kg/m³,2026-01-09 09:36:05.691,2026-02-09 09:41:13.792,744.085583611111,739.0188822222221,0.986610571456481,1.687814210675242,0.701203639218761,24,0.0005338144562480979,1.3672769959287692,0.00019379159263491983,0.0008738373198612758,0.00362169179954386,0.3251649438861085,0.21652173913043476,0.30951989756230047,0.3972036412174138,24,4,-1.7678289269064535,-2.079172878758418,-1.456484975054489,3.0509264389328846e-10,0.881425532324281
Kennfeld_v2 (18)_korrigiert.csv,102,Sound velocity,m/s,2026-01-09 09:36:05.691,2026-02-09 09:41:13.792,744.085583611111,739.0188822222221,-0.5532117859092978,2.162054283119687,2.715266069028985,24,0.0026355330241897685,-0.08497494494984698,0.002309498084570503,0.002961567963809034,5.138724735892678e-14,0.927403074054584,0.9999999999999999,1.088022137778727e-173,1.9610621284306002,24,4,1.8708025186718253,1.4975261521190948,2.244078885224556,2.4225243689328603e-09,0.8527567415859173
