Experiment_Key,Source_File,ProbeNr,Phase,N_Selected,Selection_Method,Al_wt_pct,IPA_wt_pct,PG_wt_pct,MG_wt_pct,Water_wt_pct,Temperature_Mean_C,Temperature_Min_C,Temperature_Max_C,Total_Evaporation_Loss_Mean_g,IPA_Loss_Mean_g,Water_Loss_Mean_g,Evaporation_Elapsed_Mean_h,RPM_Documented_Fraction_Mean,A_Rho_kg_m3,A_Rho_Robust_SD_kg_m3,A_Rho_SE_kg_m3,A_C_m_s,A_C_Robust_SD_m_s,A_C_SE_m_s
C:\Users\nikla\OneDrive\Documents\01_Uni\01_Master\00_Masterarbeit\sim_par_ink_prop\laboratory_measurement_L-Com\measurement_data\Messdaten_2026-10-08_09-59-49.csv|Probe=3|Date=2026-08-21,Messdaten_2026-10-08_09-59-49.csv,3,1,8,automatic low-noise fallback,1.8150936212249786,3.4576901346884124,3.6301872424499573,0.0,91.09702900163666,22.65525875,22.55394,22.821,2.6062016947916664,1.7200931185625001,0.8861085762291667,1.1425697916666666,0.0,-0.9248765742189989,0.005718019664924281,0.0020216252400129947,2.609971035288089,0.008656196603639409,0.0030604276588586934
C:\Users\nikla\OneDrive\Documents\01_Uni\01_Master\00_Masterarbeit\sim_par_ink_prop\laboratory_measurement_L-Com\measurement_data\Messdaten_2026-10-08_09-59-49.csv|Probe=3|Date=2026-08-21,Messdaten_2026-10-08_09-59-49.csv,3,2,12,quality flags,2.202809666148491,4.023944133031155,4.405619332296982,0.0,89.36762686852337,22.22952083333333,22.18006,22.27102,5.871053438981481,3.8748952697277783,1.996158169253704,2.5738945370370367,0.0,-1.0890635691333048,0.0028920939259939374,0.0008348756033471407,3.523682940682056,0.03340500235873308,0.009643193552047314
C:\Users\nikla\OneDrive\Documents\01_Uni\01_Master\00_Masterarbeit\sim_par_ink_prop\laboratory_measurement_L-Com\measurement_data\Messdaten_2026-10-08_09-59-49.csv|Probe=3|Date=2026-08-21,Messdaten_2026-10-08_09-59-49.csv,3,3,10,quality flags,1.8163150879686927,3.243162529076706,3.6326301759373854,0.0,91.30789220701722,22.294864999999998,22.24244,22.33696,7.265799823888889,4.795427883766668,2.470371940122223,3.1853572222222217,0.0,-0.945425569811948,0.01023889808936691,0.0032378238692745676,3.0681368157116595,0.06429358058630595,0.020331415358031072
C:\Users\nikla\OneDrive\Documents\01_Uni\01_Master\00_Masterarbeit\sim_par_ink_prop\laboratory_measurement_L-Com\measurement_data\Messdaten_2026-10-08_09-59-49.csv|Probe=3|Date=2026-08-21,Messdaten_2026-10-08_09-59-49.csv,3,4,5,automatic low-noise fallback,1.7826373048182915,3.1126147257335153,5.526143760885463,0.0,89.57860420856274,22.61696,22.5917,22.65433,8.604255902000002,5.678808895320001,2.9254470066800002,3.772142,0.0,-1.3444487499274371,0.004501832738106953,0.0020132808051482307,5.248337303585018,0.01544280656339059,0.0069062330478242544
C:\Users\nikla\OneDrive\Documents\01_Uni\01_Master\00_Masterarbeit\sim_par_ink_prop\laboratory_measurement_L-Com\measurement_data\Messdaten_2026-10-08_09-59-49.csv|Probe=3|Date=2026-08-21,Messdaten_2026-10-08_09-59-49.csv,3,5,6,automatic low-noise fallback,1.756551902436614,4.569082059070223,5.44527948006285,0.0,88.22908655843032,22.801328333333334,22.7458,22.86873,10.053818180648149,6.635519999227779,3.418298181420371,4.407636203703704,0.0,-1.2547049500110625,0.004968697248473154,0.0020284621575216654,5.350569835240322,0.024029863208283996,0.009810150574862422
C:\Users\nikla\OneDrive\Documents\01_Uni\01_Master\00_Masterarbeit\sim_par_ink_prop\laboratory_measurement_L-Com\measurement_data\Messdaten_2026-10-08_09-59-49.csv|Probe=3|Date=2026-08-21,Messdaten_2026-10-08_09-59-49.csv,3,6,6,quality flags,1.6025867984983464,4.1183508432069535,4.967990411656831,0.0,89.31107194663788,22.605334999999997,22.59798,22.61215,11.116151267500001,7.336659836550001,3.779491430950001,4.8733675,0.0,-1.176503849564805,0.003056141622560267,0.0012476645928256856,4.913908283055694,0.01314002424630421,0.005364392435207404
C:\Users\nikla\OneDrive\Documents\01_Uni\01_Master\00_Masterarbeit\sim_par_ink_prop\laboratory_measurement_L-Com\measurement_data\Messdaten_2026-10-08_09-59-49.csv|Probe=4|Date=2026-08-27,Messdaten_2026-10-08_09-59-49.csv,4,1,16,quality flags,1.8164678122405034,3.407059957234896,3.6329356244810067,0.0,91.1435366060436,22.760874375,22.71082,22.81611,3.4104262994097225,2.250881357610417,1.1595449417993058,1.4951452430555556,0.0,-0.5785080168462926,0.01813714249151778,0.004534285622879445,2.8135569209335953,0.034031553466032025,0.008507888366508006
C:\Users\nikla\OneDrive\Documents\01_Uni\01_Master\00_Masterarbeit\sim_par_ink_prop\laboratory_measurement_L-Com\measurement_data\Messdaten_2026-10-08_09-59-49.csv|Probe=4|Date=2026-08-27,Messdaten_2026-10-08_09-59-49.csv,4,2,6,quality flags,1.7842673477187059,5.1879067347185925,3.5685346954374118,0.0,89.45929122212529,23.304415000000002,23.2947,23.31269,5.4559213655555565,3.6009081012666666,1.855013264288889,2.3918988888888886,0.0,-0.5372943786934078,0.004562734192729612,0.0018627284340228785,3.195915071888553,0.009972275823251038,0.004071164556876348
C:\Users\nikla\OneDrive\Documents\01_Uni\01_Master\00_Masterarbeit\sim_par_ink_prop\laboratory_measurement_L-Com\measurement_data\Messdaten_2026-10-08_09-59-49.csv|Probe=4|Date=2026-08-27,Messdaten_2026-10-08_09-59-49.csv,4,3,5,automatic low-noise fallback,1.5830259112914289,4.5330679990123,3.1660518225828578,0.0,90.71785426711342,23.230914,23.20985,23.24759,6.663737730666668,4.398066902240001,2.265670828426667,2.9214106666666666,0.0,-0.5408109233178948,0.0037169811421408233,0.0016622845009823376,3.1679292528261613,0.0392794265704169,0.017566293585732723
C:\Users\nikla\OneDrive\Documents\01_Uni\01_Master\00_Masterarbeit\sim_par_ink_prop\laboratory_measurement_L-Com\measurement_data\Messdaten_2026-10-08_09-59-49.csv|Probe=4|Date=2026-08-27,Messdaten_2026-10-08_09-59-49.csv,4,4,15,quality flags,1.5431491215028499,4.344023286430806,5.718739126444435,0.0,88.3940884656219,23.714244000000004,23.7044,23.73244,7.994125658333335,5.2761229345,2.718002723833334,3.504658333333333,0.0,-0.9820860458453052,0.01698600975902479,0.004385768861014645,5.983105512599916,0.020749550125260023,0.005357510805095206
C:\Users\nikla\OneDrive\Documents\01_Uni\01_Master\00_Masterarbeit\sim_par_ink_prop\laboratory_measurement_L-Com\measurement_data\Messdaten_2026-10-08_09-59-49.csv|Probe=4|Date=2026-08-27,Messdaten_2026-10-08_09-59-49.csv,4,5,7,automatic low-noise fallback,2.2942351842005664,5.61843368438083,7.121579009995579,0.0,84.96575212142304,24.133621428571427,24.08165,24.18428,11.324489570555555,7.474163116566667,3.8503264539888895,4.964703888888889,0.0,-0.7104453171145256,0.01636092836445855,0.006183849667214293,7.882144938094663,0.07196441752429344,0.02719999314498557
C:\Users\nikla\OneDrive\Documents\01_Uni\01_Master\00_Masterarbeit\sim_par_ink_prop\laboratory_measurement_L-Com\measurement_data\Messdaten_2026-10-08_09-59-49.csv|Probe=4|Date=2026-08-27,Messdaten_2026-10-08_09-59-49.csv,4,6,12,quality flags,2.0440345915243734,4.947768004684524,6.344926598175771,0.0,86.66327080561534,24.292518333333334,24.14592,24.43066,12.5256495975,8.266928734350001,4.258720863150001,5.491297499999999,0.0,-0.6891642998636839,0.004811865487830114,0.0013890659173514933,6.484677356685703,0.014140628057650687,0.0040820477077974995
C:\Users\nikla\OneDrive\Documents\01_Uni\01_Master\00_Masterarbeit\sim_par_ink_prop\laboratory_measurement_L-Com\measurement_data\Messdaten_2026-10-08_09-59-49.csv|Probe=4|Date=2026-08-27,Messdaten_2026-10-08_09-59-49.csv,4,7,8,quality flags,1.9048043898060685,4.555143091176797,5.9127394846039625,0.0,87.62731303441316,24.510577500000004,24.41445,24.60681,13.762728959131945,9.083401113027083,4.6793278461048615,6.033638298611111,0.0,-0.6799988933319596,0.0014826002378762382,0.0005241783409955382,6.052365014286806,0.04355135566954109,0.015397729461899847
C:\Users\nikla\OneDrive\Documents\01_Uni\01_Master\00_Masterarbeit\sim_par_ink_prop\laboratory_measurement_L-Com\measurement_data\Messdaten_2026-10-08_09-59-49.csv|Probe=4|Date=2026-08-27,Messdaten_2026-10-08_09-59-49.csv,4,8,5,automatic low-noise fallback,1.8808352987572667,5.786088173328766,5.838336573831195,0.0,86.49473995408277,25.151332000000004,25.11826,25.18564,15.071103035000002,9.946928003100002,5.1241750319,6.607235,0.0,-0.6927538818003561,0.027691921424321173,0.012559138500993714,6.840391006133586,0.07063257200939656,0.03158784648773192
C:\Users\nikla\OneDrive\Documents\01_Uni\01_Master\00_Masterarbeit\sim_par_ink_prop\laboratory_measurement_L-Com\measurement_data\Messdaten_2026-10-08_09-59-49.csv|Probe=4|Date=2026-08-27,Messdaten_2026-10-08_09-59-49.csv,4,9,8,quality flags,1.8781073301521758,5.724063100084187,5.829868634671456,0.22630226339433754,86.34165867169784,25.2734775,25.1976,25.3471,16.28121052204861,10.745598944552086,5.535611577496529,7.137751215277778,0.0,-0.6219096436728948,0.003314858697586677,0.001171979531869373,6.775021857790222,0.01737760991339897,0.0061439129052894914
C:\Users\nikla\OneDrive\Documents\01_Uni\01_Master\00_Masterarbeit\sim_par_ink_prop\laboratory_measurement_L-Com\measurement_data\Messdaten_2026-10-08_09-59-49.csv|Probe=9|Date=2026-09-07,Messdaten_2026-10-08_09-59-49.csv,9,1,14,quality flags,1.826763035863259,3.3400396383538236,3.653526071726518,0.0,91.1796712540564,22.500477142857143,22.3999,22.58609,4.7300696222222225,3.1218459506666667,1.608223671555556,1.857181111111111,1.0,-0.794927699986155,0.016231618684483157,0.004338082567863881,3.3779291115693013,0.08810346029261411,0.023546640214586016
C:\Users\nikla\OneDrive\Documents\01_Uni\01_Master\00_Masterarbeit\sim_par_ink_prop\laboratory_measurement_L-Com\measurement_data\Messdaten_2026-10-08_09-59-49.csv|Probe=9|Date=2026-09-07,Messdaten_2026-10-08_09-59-49.csv,9,2,14,quality flags,1.8022352740246288,3.199946843255254,5.0914731570592435,0.0,89.90634472566087,22.864837857142856,22.83602,22.90019,6.186775704431818,4.083271964925001,2.103503739506819,2.6308599603174607,1.0000000000000002,-1.1330523916628454,0.017785501097989365,0.004753375111483426,5.345025737471263,0.09043287146245159,0.024169201536761453
C:\Users\nikla\OneDrive\Documents\01_Uni\01_Master\00_Masterarbeit\sim_par_ink_prop\laboratory_measurement_L-Com\measurement_data\Messdaten_2026-10-08_09-59-49.csv|Probe=9|Date=2026-09-07,Messdaten_2026-10-08_09-59-49.csv,9,3,18,quality flags,1.641887700238723,2.8258797427408866,4.638477158425073,0.0,90.89375539859532,23.071789444444445,22.98405,23.15854,7.6869575511994945,5.073391983791668,2.6135655674078286,3.4544647993827162,1.0,-1.1165817322584404,0.024420611116694316,0.005755993240444713,5.346812892706339,0.12590605085310777,0.02967634078355027
C:\Users\nikla\OneDrive\Documents\01_Uni\01_Master\00_Masterarbeit\sim_par_ink_prop\laboratory_measurement_L-Com\measurement_data\Messdaten_2026-10-08_09-59-49.csv|Probe=9|Date=2026-09-07,Messdaten_2026-10-08_09-59-49.csv,9,4,14,quality flags,1.978985548630961,3.26829293639059,5.2931281039569384,0.0,89.45959341102152,23.365409999999997,23.15479,23.53574,11.747593870984849,7.753411954850001,3.994181916134849,5.169775476190478,1.0,-1.2528073363270096,0.009677197101593173,0.0025863397156031054,6.731811231743434,0.12411967629760892,0.03317237883306706
C:\Users\nikla\OneDrive\Documents\01_Uni\01_Master\00_Masterarbeit\sim_par_ink_prop\laboratory_measurement_L-Com\measurement_data\Messdaten_2026-10-08_09-59-49.csv|Probe=9|Date=2026-09-07,Messdaten_2026-10-08_09-59-49.csv,9,5,12,quality flags,1.963185669791179,4.079052076209867,5.250868683324069,0.0,88.70689357067488,23.922870833333334,23.87049,23.98092,13.029852183390153,8.5997024410375,4.430149742352652,5.87418986111111,1.0,-1.2342774256333402,0.006873730458468299,0.0019842750652668013,7.188509692825794,0.03005338404212739,0.008675664683390727
C:\Users\nikla\OneDrive\Documents\01_Uni\01_Master\00_Masterarbeit\sim_par_ink_prop\laboratory_measurement_L-Com\measurement_data\Messdaten_2026-10-08_09-59-49.csv|Probe=9|Date=2026-09-07,Messdaten_2026-10-08_09-59-49.csv,9,6,10,quality flags,1.8819587870429437,3.8490046960789295,5.03361378918453,0.0,89.2354227276936,24.127834,24.07003,24.17607,14.127434015340913,9.324106450125,4.803327565215909,6.477151388888889,1.0,-1.2207188865034708,0.004505586292081459,0.0014247914877410079,7.1705756346249245,0.018261490705003075,0.005774790409780373
C:\Users\nikla\OneDrive\Documents\01_Uni\01_Master\00_Masterarbeit\sim_par_ink_prop\laboratory_measurement_L-Com\measurement_data\Messdaten_2026-10-08_09-59-49.csv|Probe=9|Date=2026-09-07,Messdaten_2026-10-08_09-59-49.csv,9,7,11,quality flags,1.8060757162361591,3.641274350068136,4.83065181456081,0.0,89.7219981191349,24.326303636363637,24.2392,24.39916,15.107927166931818,9.971231930175001,5.136695236756819,7.0157897222222205,1.0,-1.209475429019459,0.005638149871953079,0.0016999661488235186,7.1223307386193815,0.014968909844210374,0.004513296133991193
C:\Users\nikla\OneDrive\Documents\01_Uni\01_Master\00_Masterarbeit\sim_par_ink_prop\laboratory_measurement_L-Com\measurement_data\Messdaten_2026-10-08_09-59-49.csv|Probe=9|Date=2026-09-07,Messdaten_2026-10-08_09-59-49.csv,9,8,9,quality flags,1.7362676267305523,3.4555788047225584,4.643938394292892,0.0,90.16421517425401,24.473670000000002,24.41891,24.52681,15.98070012479798,10.547262082366666,5.433438042431314,7.495251481481481,1.0,-1.1930752712683115,0.004700714628418251,0.0015669048761394171,7.022504983882527,0.017527337965246532,0.005842445988415511
C:\Users\nikla\OneDrive\Documents\01_Uni\01_Master\00_Masterarbeit\sim_par_ink_prop\laboratory_measurement_L-Com\measurement_data\Messdaten_2026-10-08_09-59-49.csv|Probe=9|Date=2026-09-07,Messdaten_2026-10-08_09-59-49.csv,9,9,5,quality flags,1.6725264350715932,3.2902120514101605,4.473451907828579,0.0,90.56380960568967,24.615988,24.57941,24.65285,16.756804040621212,11.059490666810001,5.6973133738112125,7.921607666666667,1.0,-1.1767687178731696,0.0006570790985815901,0.00029385470620454425,6.9421974816820695,0.01342976230577038,0.006005972287473378
C:\Users\nikla\OneDrive\Documents\01_Uni\01_Master\00_Masterarbeit\sim_par_ink_prop\laboratory_measurement_L-Com\measurement_data\Messdaten_2026-10-08_09-59-49.csv|Probe=10|Date=2026-09-08,Messdaten_2026-10-08_09-59-49.csv,10,1,12,quality flags,1.825685526749325,3.378986432498157,3.65137105349865,0.0,91.14395698725387,23.633944166666666,23.54468,23.70892,4.111430660185185,2.713544235722223,1.397886424462963,1.599687175925926,1.0,-0.5308099429501567,0.0158161644527623,0.004565733402174852,2.7287570212727132,0.07037296781497548,0.020314925955824483
C:\Users\nikla\OneDrive\Documents\01_Uni\01_Master\00_Masterarbeit\sim_par_ink_prop\laboratory_measurement_L-Com\measurement_data\Messdaten_2026-10-08_09-59-49.csv|Probe=10|Date=2026-09-08,Messdaten_2026-10-08_09-59-49.csv,10,2,8,quality flags,1.7734047564574777,3.2146073320466684,3.5468095129149555,0.0,91.4651783985809,23.83924,23.78335,23.88946,5.162190594444445,3.4070457923333337,1.7551448021111113,2.145938055555556,0.9999999999999999,-0.5796742820116947,0.009565039831329477,0.0033817522635262516,2.9328383440260666,0.047307136069586794,0.01672559835665977
C:\Users\nikla\OneDrive\Documents\01_Uni\01_Master\00_Masterarbeit\sim_par_ink_prop\laboratory_measurement_L-Com\measurement_data\Messdaten_2026-10-08_09-59-49.csv|Probe=10|Date=2026-09-08,Messdaten_2026-10-08_09-59-49.csv,10,3,10,quality flags,1.7230630482487956,3.0761020949368314,3.4461260964975913,0.0,91.75470876031677,24.012368000000002,23.94018,24.0712,5.9179000438888885,3.9058140289666667,2.012086014922222,2.561163027777778,1.0,-0.597428372431932,0.011838780048912258,0.0037437509672322345,3.0009256950428607,0.0559314217514659,0.017687068550611636
C:\Users\nikla\OneDrive\Documents\01_Uni\01_Master\00_Masterarbeit\sim_par_ink_prop\laboratory_measurement_L-Com\measurement_data\Messdaten_2026-10-08_09-59-49.csv|Probe=10|Date=2026-09-08,Messdaten_2026-10-08_09-59-49.csv,10,4,8,quality flags,1.6758774790048774,2.9383558487461405,3.3517549580097548,0.0,92.03401171423923,24.172292499999998,24.12929,24.21254,6.7977806111111105,4.486535203333333,2.3112454077777778,3.0446138888888887,1.0,-0.6334749889128943,0.01010209062760482,0.0035716283934702168,3.1212667527940994,0.042081639846971004,0.014878106449621611
C:\Users\nikla\OneDrive\Documents\01_Uni\01_Master\00_Masterarbeit\sim_par_ink_prop\laboratory_measurement_L-Com\measurement_data\Messdaten_2026-10-08_09-59-49.csv|Probe=10|Date=2026-09-08,Messdaten_2026-10-08_09-59-49.csv,10,5,18,quality flags,1.6500617714678336,2.829596895165983,4.9367583767425565,0.0,90.58358295662363,24.490210555555556,24.47732,24.51627,7.858145472222223,5.186376011666667,2.671769460555556,3.6272319444444445,1.0,-0.9568542032570742,0.02729617119797101,0.006433769251504743,5.537164949547849,0.10671772768033162,0.025153609638527277
C:\Users\nikla\OneDrive\Documents\01_Uni\01_Master\00_Masterarbeit\sim_par_ink_prop\laboratory_measurement_L-Com\measurement_data\Messdaten_2026-10-08_09-59-49.csv|Probe=10|Date=2026-09-08,Messdaten_2026-10-08_09-59-49.csv,10,6,5,quality flags,1.9843902314199593,3.2391587136413507,5.58277504240782,0.0,89.19367601253089,24.380112,24.2298,24.49259,12.356249716666667,8.155124813,4.201124903666667,5.472344166666668,1.0,-1.050631514567408,0.012479743809608437,0.0055811111000133315,6.55254116815537,0.012802259079566175,0.005725344313494771
C:\Users\nikla\OneDrive\Documents\01_Uni\01_Master\00_Masterarbeit\sim_par_ink_prop\laboratory_measurement_L-Com\measurement_data\Messdaten_2026-10-08_09-59-49.csv|Probe=10|Date=2026-09-08,Messdaten_2026-10-08_09-59-49.csv,10,7,25,quality flags,1.9357123059758718,3.0236335829979053,5.445827226911379,0.0,89.59482688411485,23.362040399999998,23.17738,23.72339,14.718259285777776,9.714051128613333,5.004208157164445,6.770151622222222,1.0,-1.1511400639165552,0.04333736076716261,0.008667472153432523,6.606435790016148,0.14267371373702822,0.028534742747405646
C:\Users\nikla\OneDrive\Documents\01_Uni\01_Master\00_Masterarbeit\sim_par_ink_prop\laboratory_measurement_L-Com\measurement_data\Messdaten_2026-10-08_09-59-49.csv|Probe=10|Date=2026-09-08,Messdaten_2026-10-08_09-59-49.csv,10,8,5,automatic low-noise fallback,1.8845543663473225,2.8576236068112117,5.30190227502583,0.0,89.95591975181563,23.071627999999997,23.0666,23.0757,16.253928855555557,10.727593044666667,5.52633581088889,7.613926111111111,1.0,-1.195411196520877,0.0029633960129705514,0.0013252709858508002,6.702912493930762,0.01720258845097944,0.007693231433068566
C:\Users\nikla\OneDrive\Documents\01_Uni\01_Master\00_Masterarbeit\sim_par_ink_prop\laboratory_measurement_L-Com\measurement_data\Messdaten_2026-10-08_09-59-49.csv|Probe=11|Date=2026-09-09,Messdaten_2026-10-08_09-59-49.csv,11,1,12,quality flags,1.8256991337666904,3.3765335116460062,3.6513982675333807,0.0,91.14636908705393,22.53171,22.48266,22.629,4.151569509259259,2.7400358761111114,1.4115336331481483,1.6794337962962962,1.0,-0.4244283807056584,0.016783550369391064,0.004844993661862787,2.530001973745641,0.0869838229623086,0.02511006680121581
C:\Users\nikla\OneDrive\Documents\01_Uni\01_Master\00_Masterarbeit\sim_par_ink_prop\laboratory_measurement_L-Com\measurement_data\Messdaten_2026-10-08_09-59-49.csv|Probe=11|Date=2026-09-09,Messdaten_2026-10-08_09-59-49.csv,11,2,8,automatic low-noise fallback,1.8001569090779248,4.7769404694765605,3.6003138181558496,0.0,89.82258880328968,22.6284925,22.57654,22.70003,5.596996236111112,3.694017515833334,1.902978720277778,2.4736243055555556,1.0,-0.4067662448388236,0.0007463662526166627,0.00026388031923701695,3.367476731343074,0.0413971188799359,0.014636091740794164
C:\Users\nikla\OneDrive\Documents\01_Uni\01_Master\00_Masterarbeit\sim_par_ink_prop\laboratory_measurement_L-Com\measurement_data\Messdaten_2026-10-08_09-59-49.csv|Probe=11|Date=2026-09-09,Messdaten_2026-10-08_09-59-49.csv,11,3,5,quality flags,1.7493374817264151,4.566650975798895,3.4986749634528302,0.0,90.18533657902186,22.51537,22.48331,22.53954,6.786118665555556,4.478838319266667,2.307280346288889,3.126988277777778,1.0,-0.4071752016581672,0.00038802885187731837,0.00017353177800577614,3.4933125083711953,0.007018587017873192,0.0031388075355923977
C:\Users\nikla\OneDrive\Documents\01_Uni\01_Master\00_Masterarbeit\sim_par_ink_prop\laboratory_measurement_L-Com\measurement_data\Messdaten_2026-10-08_09-59-49.csv|Probe=11|Date=2026-09-09,Messdaten_2026-10-08_09-59-49.csv,11,4,21,quality flags,2.270141697343643,5.3351937724701015,4.540283394687286,0.0,87.85438113549898,22.406585714285715,22.03037,22.73313,10.776619531481483,7.112568890777778,3.6640506407037043,4.862977764550264,1.0,-0.4134959249410454,0.005826419768075806,0.0012714290294187824,4.034463312146088,0.09541352372602413,0.02082093784747479
C:\Users\nikla\OneDrive\Documents\01_Uni\01_Master\00_Masterarbeit\sim_par_ink_prop\laboratory_measurement_L-Com\measurement_data\Messdaten_2026-10-08_09-59-49.csv|Probe=11|Date=2026-09-09,Messdaten_2026-10-08_09-59-49.csv,11,5,16,quality flags,2.2108507652646603,5.109681510764366,4.421701530529321,0.0,88.25776619344165,23.137911875,22.8885,23.36556,12.20636908888889,8.056203598666668,4.150165490222223,5.648554444444445,1.0,-0.4270535219316116,0.012551682065173759,0.0031379205162934396,4.204049237506553,0.11750287253515825,0.02937571813378956
C:\Users\nikla\OneDrive\Documents\01_Uni\01_Master\00_Masterarbeit\sim_par_ink_prop\laboratory_measurement_L-Com\measurement_data\Messdaten_2026-10-08_09-59-49.csv|Probe=11|Date=2026-09-09,Messdaten_2026-10-08_09-59-49.csv,11,6,29,quality flags,2.155925201975238,4.87213819441738,4.311850403950476,0.0,88.66008619965689,23.89366034482759,23.53341,24.19027,14.087881114176245,9.298001535356322,4.789879578819924,6.682352260536399,1.0,-0.573397856799006,0.19757128909722685,0.036688067342985624,3.7262113770543217,1.0911217989548312,0.20261623144927055
C:\Users\nikla\OneDrive\Documents\01_Uni\01_Master\00_Masterarbeit\sim_par_ink_prop\laboratory_measurement_L-Com\measurement_data\Messdaten_2026-10-08_09-59-49.csv|Probe=11|Date=2026-09-09,Messdaten_2026-10-08_09-59-49.csv,11,7,8,quality flags,2.1018325524655213,4.657656666946682,4.2036651049310425,0.0,89.03684567565676,24.312359999999998,24.27065,24.35264,15.697997127777779,10.360678104333335,5.337319023444445,7.567031388888889,1.0,-0.7189436406341798,0.006323094773095104,0.002235551596070381,3.026931169672821,0.026873965166008335,0.009501381503127777
