SeqNo,Date,UTC Time,Nr,ProbeNr,m_SL120,m_Wasser,m_IPA,m_PG,m_MG,m_vorher,m_nachher,Pumpe_pct,Rho_M,Rho_S,Rho_Sp,C_M,C_S,C_Sp,T_M,T_S,Per_M,Per_S,RunT_M,RunT_S,N,Stabil,SensOK,Gueltig,Source_File,Source_Path,Source_Row,Measurement_Time_UTC,Experiment_Key,Phase,Experiment_Elapsed_h,Phase_Elapsed_h,m_Al_nom_g,m_IPA_nom_g,m_PG_nom_g,m_Water_nom_g,m_MG_nom_g,m_Total_nom_g,Selected_For_Calibration,Selection_Method,IPA_Evaporation_Rate_g_h,IPA_Loss_g,m_IPA_eff_g,m_Total_eff_g,Al_wt_pct_eff,IPA_wt_pct_eff,PG_wt_pct_eff,Water_wt_pct_eff,Composition_Sum_wt_pct,Rho_Physics_kg_m3,C_Physics_m_s,Simulation_Status,A_Rho_kg_m3,A_C_m_s
87,2026-08-21,09:35:18.227,22,3,90.5,909.3,0.0,0.0,0.0,0.0,0.0,100.0,1004.825,0.00965446,0.03692627,1542.249,0.04472328,0.1865234,23.03746,0.005983352,1497.754,0.0009524195,6.892856,0.0001180896,100,0,1,0,Kennfeld_v2 (10) korrigiert.csv,C:\dev\masterarbeit\sim_par_ink_prop\laboratory_measurement_L-Com\measurement_data\Kennfeld_v2 (10) korrigiert.csv,88,2026-08-21 09:35:18.227000+00:00,Kennfeld_v2 (10) korrigiert.csv|Probe=3,1,0.0,0.0,18.1,36.2,36.2,909.3,0.0,999.8,False,not selected,1.4775085376428985,0.0,36.2,999.8,1.810362072414483,3.620724144828966,3.620724144828966,90.94818963792758,100.0,1006.1139350674122,1539.434523844535,ok,-1.288935067412126,2.814476155464945
88,2026-08-21,09:37:18.230,23,3,90.5,909.3,0.0,0.0,0.0,0.0,0.0,100.0,1004.849,0.005016189,0.01696777,1542.107,0.03962072,0.1787109,23.01571,0.005516862,1497.755,0.0004018463,6.893231,0.0001046074,100,0,1,0,Kennfeld_v2 (10) korrigiert.csv,C:\dev\masterarbeit\sim_par_ink_prop\laboratory_measurement_L-Com\measurement_data\Kennfeld_v2 (10) korrigiert.csv,89,2026-08-21 09:37:18.230000+00:00,Kennfeld_v2 (10) korrigiert.csv|Probe=3,1,0.033334166666666665,0.033334166666666665,18.1,36.2,36.2,909.3,0.0,999.8,False,not selected,1.4775085376428985,0.04925151584521131,36.15074848415479,999.7507484841548,1.8104512577203509,3.615976135948624,3.6209025154407017,90.95267009089032,100.0,1006.1292961913098,1539.3543186811894,ok,-1.2802961913097306,2.7526813188105734
89,2026-08-21,09:39:18.232,24,3,90.5,909.3,0.0,0.0,0.0,0.0,0.0,100.0,1004.877,0.01009229,0.0345459,1541.944,0.05414213,0.2143555,22.98473,0.01242856,1497.754,0.0009254171,6.893659,0.0001416167,100,0,1,0,Kennfeld_v2 (10) korrigiert.csv,C:\dev\masterarbeit\sim_par_ink_prop\laboratory_measurement_L-Com\measurement_data\Kennfeld_v2 (10) korrigiert.csv,90,2026-08-21 09:39:18.232000+00:00,Kennfeld_v2 (10) korrigiert.csv|Probe=3,1,0.06666805555555555,0.06666805555555555,18.1,36.2,36.2,909.3,0.0,999.8,False,not selected,1.4775085376428985,0.0985026212713844,36.10149737872862,999.7014973787286,1.8105404510705627,3.6112276988069634,3.6210809021411254,90.95715094798135,100.0,1006.1475474008803,1539.2573188578347,ok,-1.2705474008803321,2.6866811421652983
90,2026-08-21,09:41:18.234,25,3,90.5,909.3,0.0,0.0,0.0,0.0,0.0,100.0,1004.915,0.009593928,0.03015137,1541.721,0.05724676,0.2277832,22.92246,0.01789627,1497.749,0.001646254,6.894238,0.0001485698,100,0,1,0,Kennfeld_v2 (10) korrigiert.csv,C:\dev\masterarbeit\sim_par_ink_prop\laboratory_measurement_L-Com\measurement_data\Kennfeld_v2 (10) korrigiert.csv,91,2026-08-21 09:41:18.234000+00:00,Kennfeld_v2 (10) korrigiert.csv|Probe=3,1,0.10000194444444445,0.10000194444444445,18.1,36.2,36.2,909.3,0.0,999.8,False,not selected,1.4775085376428985,0.14775372669755749,36.052246273302444,999.6522462733024,1.8106296532095731,3.6064787937710343,3.6212593064191463,90.96163224660026,100.00000000000001,1006.1755925402558,1539.1033256004832,ok,-1.2605925402558569,2.6176743995167726
91,2026-08-21,09:43:18.236,26,3,90.5,909.3,0.0,0.0,0.0,0.0,0.0,100.0,1004.942,0.005729487,0.02191162,1541.556,0.03550616,0.1622314,22.87024,0.0105288,1497.745,0.0008337185,6.894664,9.243513e-05,100,0,1,0,Kennfeld_v2 (10) korrigiert.csv,C:\dev\masterarbeit\sim_par_ink_prop\laboratory_measurement_L-Com\measurement_data\Kennfeld_v2 (10) korrigiert.csv,92,2026-08-21 09:43:18.236000+00:00,Kennfeld_v2 (10) korrigiert.csv|Probe=3,1,0.13333583333333335,0.13333583333333335,18.1,36.2,36.2,909.3,0.0,999.8,False,not selected,1.4775085376428985,0.1970048321237306,36.00299516787627,999.6029951678762,1.810718864138681,3.601729420771676,3.621437728277362,90.96611398681229,100.0,1006.2004901148522,1538.9673053976512,ok,-1.2584901148521794,2.5886946023488235
92,2026-08-21,09:45:18.238,27,3,90.5,909.3,0.0,0.0,0.0,0.0,0.0,100.0,1004.962,0.004276433,0.01800537,1541.441,0.02920001,0.1343994,22.83823,0.005514212,1497.744,0.0002025274,6.894963,7.68127e-05,100,0,1,0,Kennfeld_v2 (10) korrigiert.csv,C:\dev\masterarbeit\sim_par_ink_prop\laboratory_measurement_L-Com\measurement_data\Kennfeld_v2 (10) korrigiert.csv,93,2026-08-21 09:45:18.238000+00:00,Kennfeld_v2 (10) korrigiert.csv|Probe=3,1,0.1666697222222222,0.1666697222222222,18.1,36.2,36.2,909.3,0.0,999.8,False,not selected,1.4775085376428985,0.24625593754990363,35.9537440624501,999.55374406245,1.8108080838591858,3.5969795797397146,3.6216161677183716,90.97059616868273,100.0,1006.2190619620832,1538.8679656598067,ok,-1.2570619620831849,2.573034340193317
93,2026-08-21,09:47:18.240,28,3,90.5,909.3,0.0,0.0,0.0,0.0,0.0,100.0,1004.976,0.003633458,0.01135254,1541.354,0.0237383,0.1071777,22.821,0.003436239,1497.744,0.0003818233,6.895192,6.276666e-05,100,0,1,0,Kennfeld_v2 (10) korrigiert.csv,C:\dev\masterarbeit\sim_par_ink_prop\laboratory_measurement_L-Com\measurement_data\Kennfeld_v2 (10) korrigiert.csv,94,2026-08-21 09:47:18.240000+00:00,Kennfeld_v2 (10) korrigiert.csv|Probe=3,1,0.20000361111111112,0.20000361111111112,18.1,36.2,36.2,909.3,0.0,999.8,True,automatic low-noise fallback,1.4775085376428985,0.2955070429760768,35.904492957023926,999.5044929570239,1.8108973123723873,3.5922292706059626,3.6217946247447745,90.97507879227688,100.0,1006.2330093754586,1538.795558337617,ok,-1.2570093754585514,2.558441662383075
94,2026-08-21,09:49:18.242,29,3,90.5,909.3,0.0,0.0,0.0,0.0,0.0,100.0,1004.994,0.005740904,0.0189209,1541.248,0.03594041,0.1450195,22.80038,0.008786435,1497.743,0.0007952013,6.895471,9.401724e-05,100,0,1,0,Kennfeld_v2 (10) korrigiert.csv,C:\dev\masterarbeit\sim_par_ink_prop\laboratory_measurement_L-Com\measurement_data\Kennfeld_v2 (10) korrigiert.csv,95,2026-08-21 09:49:18.242000+00:00,Kennfeld_v2 (10) korrigiert.csv|Probe=3,1,0.2333375,0.2333375,18.1,36.2,36.2,909.3,0.0,999.8,False,not selected,1.4775085376428985,0.34475814840224983,35.855241851597754,999.4552418515977,1.8109865496795852,3.587478493301219,3.6219730993591703,90.97956185766003,100.0,1006.2480185256321,1538.71690825993,ok,-1.254018525632091,2.5310917400699964
95,2026-08-21,09:51:18.244,30,3,90.5,909.3,0.0,0.0,0.0,0.0,0.0,100.0,1005.018,0.005696333,0.019104,1541.097,0.03832928,0.151001,22.75437,0.01299034,1497.739,0.001383548,6.895862,9.936278e-05,100,0,1,0,Kennfeld_v2 (10) korrigiert.csv,C:\dev\masterarbeit\sim_par_ink_prop\laboratory_measurement_L-Com\measurement_data\Kennfeld_v2 (10) korrigiert.csv,96,2026-08-21 09:51:18.244000+00:00,Kennfeld_v2 (10) korrigiert.csv|Probe=3,1,0.2666713888888889,0.2666713888888889,18.1,36.2,36.2,909.3,0.0,999.8,False,not selected,1.4775085376428985,0.39400925382842295,35.80599074617158,999.4059907461715,1.8110757957820796,3.582727247756269,3.622151591564159,90.9840453648975,100.0,1006.2709709035536,1538.591642996253,ok,-1.2529709035535461,2.5053570037468944
96,2026-08-21,09:53:18.246,31,3,90.5,909.3,0.0,0.0,0.0,0.0,0.0,100.0,1005.036,0.003411736,0.0135498,1540.989,0.02571304,0.1124268,22.71111,0.007560941,1497.734,0.0005963009,6.896141,6.698331e-05,100,0,1,0,Kennfeld_v2 (10) korrigiert.csv,C:\dev\masterarbeit\sim_par_ink_prop\laboratory_measurement_L-Com\measurement_data\Kennfeld_v2 (10) korrigiert.csv,97,2026-08-21 09:53:18.246000+00:00,Kennfeld_v2 (10) korrigiert.csv|Probe=3,1,0.3000052777777778,0.3000052777777778,18.1,36.2,36.2,909.3,0.0,999.8,True,automatic low-noise fallback,1.4775085376428985,0.443260359254596,35.75673964074541,999.3567396407453,1.811165050681171,3.577975533901883,3.622330101362342,90.98852931405462,100.00000000000001,1006.2930621666179,1538.4712295488125,ok,-1.2570621666179704,2.5177704511875163
97,2026-08-21,09:55:18.248,32,3,90.5,909.3,0.0,0.0,0.0,0.0,0.0,100.0,1005.051,0.003407008,0.01330566,1540.904,0.02060314,0.09277344,22.68682,0.004492071,1497.734,0.0002519652,6.896361,5.423128e-05,100,0,1,0,Kennfeld_v2 (10) korrigiert.csv,C:\dev\masterarbeit\sim_par_ink_prop\laboratory_measurement_L-Com\measurement_data\Kennfeld_v2 (10) korrigiert.csv,98,2026-08-21 09:55:18.248000+00:00,Kennfeld_v2 (10) korrigiert.csv|Probe=3,1,0.33333916666666663,0.33333916666666663,18.1,36.2,36.2,909.3,0.0,999.8,True,automatic low-noise fallback,1.4775085376428985,0.492511464680769,35.707488535319236,999.3074885353192,1.8112543143781596,3.5732233516688194,3.6225086287563193,90.9930137051967,100.0,1006.3092200464945,1538.3855762146807,ok,-1.2582200464944435,2.518423785319328
98,2026-08-21,09:57:18.250,33,3,90.5,909.3,0.0,0.0,0.0,0.0,0.0,100.0,1005.063,0.003733715,0.01361084,1540.843,0.01837182,0.07446289,22.67401,0.002298339,1497.734,0.0004445391,6.896521,4.8741e-05,100,0,1,0,Kennfeld_v2 (10) korrigiert.csv,C:\dev\masterarbeit\sim_par_ink_prop\laboratory_measurement_L-Com\measurement_data\Kennfeld_v2 (10) korrigiert.csv,99,2026-08-21 09:57:18.250000+00:00,Kennfeld_v2 (10) korrigiert.csv|Probe=3,1,0.3666730555555555,0.3666730555555555,18.1,36.2,36.2,909.3,0.0,999.8,True,automatic low-noise fallback,1.4775085376428985,0.5417625701069421,35.65823742989306,999.258237429893,1.8113435868743468,3.568470700987822,3.6226871737486936,90.99749853838914,100.0,1006.321788808945,1538.3210173450832,ok,-1.2587888089450416,2.521982654916883
99,2026-08-21,09:59:18.252,34,3,90.5,909.3,0.0,0.0,0.0,0.0,0.0,100.0,1005.076,0.004120194,0.01605225,1540.762,0.02954434,0.1239014,22.65845,0.007101177,1497.734,0.000960408,6.896732,7.738303e-05,100,0,1,0,Kennfeld_v2 (10) korrigiert.csv,C:\dev\masterarbeit\sim_par_ink_prop\laboratory_measurement_L-Com\measurement_data\Kennfeld_v2 (10) korrigiert.csv,100,2026-08-21 09:59:18.252000+00:00,Kennfeld_v2 (10) korrigiert.csv|Probe=3,1,0.40000694444444446,0.40000694444444446,18.1,36.2,36.2,909.3,0.0,999.8,True,automatic low-noise fallback,1.4775085376428985,0.5910136755331152,35.60898632446689,999.2089863244669,1.8114328681710337,3.5637175817896227,3.6228657363420673,91.00198381369728,100.0,1006.3352189289108,1538.2513653032981,ok,-1.259218928910741,2.5106346967018
100,2026-08-21,10:01:18.254,35,3,90.5,909.3,0.0,0.0,0.0,0.0,0.0,100.0,1005.097,0.004823477,0.01922607,1540.618,0.0337535,0.1373291,22.61537,0.01114249,1497.729,0.001201802,6.897107,8.754e-05,100,0,1,0,Kennfeld_v2 (10) korrigiert.csv,C:\dev\masterarbeit\sim_par_ink_prop\laboratory_measurement_L-Com\measurement_data\Kennfeld_v2 (10) korrigiert.csv,101,2026-08-21 10:01:18.254000+00:00,Kennfeld_v2 (10) korrigiert.csv|Probe=3,1,0.43334083333333334,0.43334083333333334,18.1,36.2,36.2,909.3,0.0,999.8,False,not selected,1.4775085376428985,0.6402647809592883,35.55973521904072,999.1597352190406,1.8115221582695216,3.5589639940049365,3.623044316539043,91.00646953118651,100.00000000000001,1006.357253810165,1538.1308515731248,ok,-1.260253810165068,2.4871484268751374
101,2026-08-21,10:03:18.256,36,3,90.5,909.3,0.0,0.0,0.0,0.0,0.0,100.0,1005.115,0.003793034,0.01257324,1540.515,0.01966823,0.0880127,22.5771,0.006018104,1497.726,0.0002847885,6.897374,5.134834e-05,100,0,1,0,Kennfeld_v2 (10) korrigiert.csv,C:\dev\masterarbeit\sim_par_ink_prop\laboratory_measurement_L-Com\measurement_data\Kennfeld_v2 (10) korrigiert.csv,102,2026-08-21 10:03:18.256000+00:00,Kennfeld_v2 (10) korrigiert.csv|Probe=3,1,0.4666747222222222,0.4666747222222222,18.1,36.2,36.2,909.3,0.0,999.8,True,automatic low-noise fallback,1.4775085376428985,0.6895158863854615,35.51048411361454,999.1104841136145,1.811611457171112,3.5542099375644667,3.623222914342224,91.0109556909222,100.0,1006.3777844333425,1538.0190645490804,ok,-1.2627844333425173,2.49593545091966
102,2026-08-21,10:05:18.258,37,3,90.5,909.3,0.0,0.0,0.0,0.0,0.0,100.0,1005.127,0.0027381,0.01013184,1540.454,0.01861523,0.08459473,22.55964,0.00275189,1497.726,0.0003335122,6.897532,4.935675e-05,100,0,1,0,Kennfeld_v2 (10) korrigiert.csv,C:\dev\masterarbeit\sim_par_ink_prop\laboratory_measurement_L-Com\measurement_data\Kennfeld_v2 (10) korrigiert.csv,103,2026-08-21 10:05:18.258000+00:00,Kennfeld_v2 (10) korrigiert.csv|Probe=3,1,0.5000086111111111,0.5000086111111111,18.1,36.2,36.2,909.3,0.0,999.8,True,automatic low-noise fallback,1.4775085376428985,0.7387669918116344,35.461233008188366,999.0612330081883,1.8117007648771069,3.549455412398904,3.6234015297542137,91.01544229296978,100.0,1006.3918105520078,1537.9457193853846,ok,-1.2648105520078161,2.508280614615387
103,2026-08-21,10:07:18.260,38,3,90.5,909.3,0.0,0.0,0.0,0.0,0.0,100.0,1005.135,0.002350864,0.01153564,1540.412,0.01347193,0.06665039,22.55394,0.0006820905,1497.727,0.0005001754,6.897643,3.606391e-05,100,0,1,0,Kennfeld_v2 (10) korrigiert.csv,C:\dev\masterarbeit\sim_par_ink_prop\laboratory_measurement_L-Com\measurement_data\Kennfeld_v2 (10) korrigiert.csv,104,2026-08-21 10:07:18.260000+00:00,Kennfeld_v2 (10) korrigiert.csv|Probe=3,1,0.5333424999999999,0.5333424999999999,18.1,36.2,36.2,909.3,0.0,999.8,True,automatic low-noise fallback,1.4775085376428985,0.7880180972378075,35.41198190276219,999.0119819027622,1.8117900813888084,3.5447004184389233,3.6235801627776167,91.01992933739466,100.0,1006.4021627359003,1537.8941499554348,ok,-1.2671627359003423,2.5178500445651935
104,2026-08-21,11:05:46.001,39,3,111.82,909.3,0.0,0.0,0.0,0.0,0.0,100.0,1007.201,0.008499688,0.02874756,1550.118,0.02684178,0.1251221,22.15142,0.00656221,1498.14,0.003745078,6.871685,7.24163e-05,100,0,1,0,Kennfeld_v2 (10) korrigiert.csv,C:\dev\masterarbeit\sim_par_ink_prop\laboratory_measurement_L-Com\measurement_data\Kennfeld_v2 (10) korrigiert.csv,105,2026-08-21 11:05:46.001000+00:00,Kennfeld_v2 (10) korrigiert.csv|Probe=3,2,1.5077150000000001,0.0,22.364,44.728,44.728,909.3,0.0,1021.1199999999999,False,not selected,1.4775085376428985,2.227661784832263,42.50033821516774,1018.8923382151677,2.1949325911288984,4.171229542231831,4.389865182257797,89.24397268438148,100.0,1008.7810280775553,1546.2793649735324,ok,-1.580028077555312,3.8386350264675
105,2026-08-21,11:07:46.004,40,3,111.82,909.3,0.0,0.0,0.0,0.0,0.0,100.0,1007.226,0.004667997,0.01776123,1550.054,0.02099051,0.09545898,22.16984,0.002204482,1498.15,0.001482584,6.871858,5.594664e-05,100,0,1,0,Kennfeld_v2 (10) korrigiert.csv,C:\dev\masterarbeit\sim_par_ink_prop\laboratory_measurement_L-Com\measurement_data\Kennfeld_v2 (10) korrigiert.csv,106,2026-08-21 11:07:46.004000+00:00,Kennfeld_v2 (10) korrigiert.csv|Probe=3,2,1.5410491666666666,0.033334166666666665,22.364,44.728,44.728,909.3,0.0,1021.1199999999999,False,not selected,1.4775085376428985,2.276913300677474,42.45108669932253,1018.8430866993224,2.1950386955513586,4.166597119174501,4.390077391102717,89.24828679417143,100.00000000000001,1008.7831567371217,1546.2679122224513,ok,-1.5571567371216588,3.7860877775488007
106,2026-08-21,11:09:46.005,41,3,111.82,909.3,0.0,0.0,0.0,0.0,0.0,100.0,1007.244,0.005011912,0.01617432,1549.979,0.02686486,0.1311035,22.17432,0.001154546,1498.155,0.0009107009,6.872058,7.105092e-05,100,0,1,0,Kennfeld_v2 (10) korrigiert.csv,C:\dev\masterarbeit\sim_par_ink_prop\laboratory_measurement_L-Com\measurement_data\Kennfeld_v2 (10) korrigiert.csv,107,2026-08-21 11:09:46.005000+00:00,Kennfeld_v2 (10) korrigiert.csv|Probe=3,2,1.574382777777778,0.06666777777777777,22.364,44.728,44.728,909.3,0.0,1021.1199999999999,False,not selected,1.4775085376428985,2.326163995684609,42.40183600431539,1018.7938360043153,2.1951448084640037,4.161964325443346,4.3902896169280075,89.25260124916466,100.00000000000001,1008.7899280900963,1546.2339646486591,ok,-1.545928090096254,3.7450353513409027
107,2026-08-21,11:11:46.007,42,3,111.82,909.3,0.0,0.0,0.0,0.0,0.0,100.0,1007.258,0.001945759,0.007202148,1549.919,0.01705465,0.06848145,22.18006,0.004046079,1498.16,0.00155028,6.872219,4.574356e-05,100,1,1,1,Kennfeld_v2 (10) korrigiert.csv,C:\dev\masterarbeit\sim_par_ink_prop\laboratory_measurement_L-Com\measurement_data\Kennfeld_v2 (10) korrigiert.csv,108,2026-08-21 11:11:46.007000+00:00,Kennfeld_v2 (10) korrigiert.csv|Probe=3,2,1.6077166666666667,0.10000166666666666,22.364,44.728,44.728,909.3,0.0,1021.1199999999999,True,quality flags,1.4775085376428985,2.375415101110782,42.35258489888922,1018.7445848988891,2.195250932520995,4.15733104516013,4.39050186504199,89.25691615727689,100.0,1008.796282648832,1546.202052382931,ok,-1.5382826488319097,3.7169476170690814
108,2026-08-21,11:13:46.010,43,3,111.82,909.3,0.0,0.0,0.0,0.0,0.0,100.0,1007.264,0.0008476325,0.003662109,1549.901,0.01170695,0.06335449,22.20174,0.006423451,1498.167,0.00149423,6.872272,3.155615e-05,100,1,1,1,Kennfeld_v2 (10) korrigiert.csv,C:\dev\masterarbeit\sim_par_ink_prop\laboratory_measurement_L-Com\measurement_data\Kennfeld_v2 (10) korrigiert.csv,109,2026-08-21 11:13:46.010000+00:00,Kennfeld_v2 (10) korrigiert.csv|Probe=3,2,1.6410508333333333,0.13333583333333335,22.364,44.728,44.728,909.3,0.0,1021.1199999999999,True,quality flags,1.4775085376428985,2.424666616955993,42.303333383044006,1018.6953333830439,2.1953570677240766,4.152697278248683,4.390714135448153,89.2612315185791,100.0,1008.7973361593172,1546.1958731903715,ok,-1.533336159317173,3.7051268096286094
109,2026-08-21,11:15:46.012,44,3,111.82,909.3,0.0,0.0,0.0,0.0,0.0,100.0,1007.271,0.002620968,0.008911133,1549.864,0.01899815,0.0859375,22.21679,0.0008671654,1498.171,0.0005993512,6.872375,5.04556e-05,100,1,1,1,Kennfeld_v2 (10) korrigiert.csv,C:\dev\masterarbeit\sim_par_ink_prop\laboratory_measurement_L-Com\measurement_data\Kennfeld_v2 (10) korrigiert.csv,110,2026-08-21 11:15:46.012000+00:00,Kennfeld_v2 (10) korrigiert.csv|Probe=3,2,1.6743847222222221,0.1666697222222222,22.364,44.728,44.728,909.3,0.0,1021.1199999999999,True,quality flags,1.4775085376428985,2.4739177223821662,42.25408227761783,1018.6460822776178,2.195463212305862,4.148063101871537,4.390926424611724,89.26554726121088,100.0,1008.8005990987623,1546.1789936122127,ok,-1.5295990987623327,3.6850063877873254
110,2026-08-21,11:17:46.014,45,3,111.82,909.3,0.0,0.0,0.0,0.0,0.0,100.0,1007.282,0.003547078,0.01257324,1549.79,0.02546176,0.1049805,22.21436,0.002749022,1498.172,0.0002955951,6.87257,6.676916e-05,100,0,1,0,Kennfeld_v2 (10) korrigiert.csv,C:\dev\masterarbeit\sim_par_ink_prop\laboratory_measurement_L-Com\measurement_data\Kennfeld_v2 (10) korrigiert.csv,111,2026-08-21 11:17:46.014000+00:00,Kennfeld_v2 (10) korrigiert.csv|Probe=3,2,1.7077186111111111,0.20000361111111112,22.364,44.728,44.728,909.3,0.0,1021.1199999999999,False,not selected,1.4775085376428985,2.5231688278083393,42.20483117219166,1018.5968311721915,2.1955693671522347,4.143428477351804,4.391138734304469,89.2698634211915,100.00000000000001,1008.8096799514072,1546.1339112845278,ok,-1.5276799514072081,3.6560887154721513
111,2026-08-21,11:19:46.016,46,3,111.82,909.3,0.0,0.0,0.0,0.0,0.0,100.0,1007.292,0.001831068,0.007446289,1549.726,0.01420558,0.06835937,22.20855,0.001443972,1498.174,0.0009807581,6.872737,3.780618e-05,100,1,1,1,Kennfeld_v2 (10) korrigiert.csv,C:\dev\masterarbeit\sim_par_ink_prop\laboratory_measurement_L-Com\measurement_data\Kennfeld_v2 (10) korrigiert.csv,112,2026-08-21 11:19:46.016000+00:00,Kennfeld_v2 (10) korrigiert.csv|Probe=3,2,1.7410525,0.2333375,22.364,44.728,44.728,909.3,0.0,1021.1199999999999,True,quality flags,1.4775085376428985,2.5724199332345123,42.15558006676549,1018.5475800667654,2.195675532264683,4.138793404624476,4.391351064529366,89.27417999858149,100.00000000000001,1008.8198868892692,1546.0833605665005,ok,-1.5278868892692117,3.642639433499653
112,2026-08-21,11:21:46.018,47,3,111.82,909.3,0.0,0.0,0.0,0.0,0.0,100.0,1007.297,0.0009323555,0.004333496,1549.705,0.0115305,0.05236816,22.22034,0.004595897,1498.179,0.001166527,6.872797,3.104092e-05,100,1,1,1,Kennfeld_v2 (10) korrigiert.csv,C:\dev\masterarbeit\sim_par_ink_prop\laboratory_measurement_L-Com\measurement_data\Kennfeld_v2 (10) korrigiert.csv,113,2026-08-21 11:21:46.018000+00:00,Kennfeld_v2 (10) korrigiert.csv|Probe=3,2,1.7743863888888889,0.2666713888888889,22.364,44.728,44.728,909.3,0.0,1021.1199999999999,True,quality flags,1.4775085376428985,2.6216710386606854,42.106328961339315,1018.4983289613392,2.1957817076446973,4.134157883624531,4.3915634152893945,89.2784969934414,100.00000000000001,1008.8242422746312,1546.061235792837,ok,-1.527242274631135,3.6437642071630307
113,2026-08-21,11:23:46.020,48,3,111.82,909.3,0.0,0.0,0.0,0.0,0.0,100.0,1007.303,0.00241025,0.009338379,1549.664,0.01871101,0.07727051,22.23066,0.0008618447,1498.182,0.0003274824,6.872909,4.952858e-05,100,1,1,1,Kennfeld_v2 (10) korrigiert.csv,C:\dev\masterarbeit\sim_par_ink_prop\laboratory_measurement_L-Com\measurement_data\Kennfeld_v2 (10) korrigiert.csv,114,2026-08-21 11:23:46.020000+00:00,Kennfeld_v2 (10) korrigiert.csv|Probe=3,2,1.8077202777777777,0.3000052777777778,22.364,44.728,44.728,909.3,0.0,1021.1199999999999,True,quality flags,1.4775085376428985,2.6709221440868585,42.05707785591314,1018.4490778559131,2.1958878932937664,4.1295219142869355,4.391775786587533,89.28281440583177,100.0,1008.8290894856151,1546.0367400807474,ok,-1.5260894856151026,3.6272599192525377
114,2026-08-21,11:25:46.021,49,3,111.82,909.3,0.0,0.0,0.0,0.0,0.0,100.0,1007.313,0.002003473,0.008361816,1549.603,0.01608135,0.08349609,22.22548,0.000896983,1498.183,0.000512754,6.873067,4.244728e-05,100,1,1,1,Kennfeld_v2 (10) korrigiert.csv,C:\dev\masterarbeit\sim_par_ink_prop\laboratory_measurement_L-Com\measurement_data\Kennfeld_v2 (10) korrigiert.csv,115,2026-08-21 11:25:46.021000+00:00,Kennfeld_v2 (10) korrigiert.csv|Probe=3,2,1.8410538888888888,0.3333388888888889,22.364,44.728,44.728,909.3,0.0,1021.1199999999999,True,quality flags,1.4775085376428985,2.720172839093993,42.00782716090601,1018.3998271609059,2.1959940883283866,4.124885535184681,4.391988176656773,89.28713219983017,100.00000000000001,1008.8390930677072,1545.9872020696862,ok,-1.5260930677071656,3.6157979303138745
115,2026-08-21,11:27:46.024,50,3,111.82,909.3,0.0,0.0,0.0,0.0,0.0,100.0,1007.319,0.0009509423,0.004638672,1549.575,0.009783585,0.05371094,22.23057,0.00308857,1498.186,0.001029314,6.873144,2.627949e-05,100,1,1,1,Kennfeld_v2 (10) korrigiert.csv,C:\dev\masterarbeit\sim_par_ink_prop\laboratory_measurement_L-Com\measurement_data\Kennfeld_v2 (10) korrigiert.csv,116,2026-08-21 11:27:46.024000+00:00,Kennfeld_v2 (10) korrigiert.csv|Probe=3,2,1.8743880555555554,0.3666730555555555,22.364,44.728,44.728,909.3,0.0,1021.1199999999999,True,quality flags,1.4775085376428985,2.7694243549392046,41.9585756450608,1018.3505756450606,2.19610029540503,4.120248630338594,4.39220059081006,89.29145048344633,100.00000000000001,1008.8456842247268,1545.9542585398606,ok,-1.5266842247268642,3.6207414601394703
116,2026-08-21,11:29:46.026,51,3,111.82,909.3,0.0,0.0,0.0,0.0,0.0,100.0,1007.322,0.0006359206,0.003173828,1549.566,0.008845149,0.03967285,22.24629,0.005105913,1498.19,0.00129869,6.873173,2.296626e-05,100,1,1,1,Kennfeld_v2 (10) korrigiert.csv,C:\dev\masterarbeit\sim_par_ink_prop\laboratory_measurement_L-Com\measurement_data\Kennfeld_v2 (10) korrigiert.csv,117,2026-08-21 11:29:46.026000+00:00,Kennfeld_v2 (10) korrigiert.csv|Probe=3,2,1.9077219444444444,0.40000694444444446,22.364,44.728,44.728,909.3,0.0,1021.1199999999999,True,quality flags,1.4775085376428985,2.818675460365378,41.909324539634625,1018.3013245396345,2.196206511870205,4.115611315597716,4.39241302374041,89.29576914879168,100.00000000000001,1008.8487443073307,1545.9385042960264,ok,-1.5267443073306595,3.6274957039736364
117,2026-08-21,11:31:46.027,52,3,111.82,909.3,0.0,0.0,0.0,0.0,0.0,100.0,1007.324,0.001189352,0.006103516,1549.557,0.009893992,0.04589844,22.26478,0.003209091,1498.194,0.0007670568,6.873202,2.679191e-05,100,1,1,1,Kennfeld_v2 (10) korrigiert.csv,C:\dev\masterarbeit\sim_par_ink_prop\laboratory_measurement_L-Com\measurement_data\Kennfeld_v2 (10) korrigiert.csv,118,2026-08-21 11:31:46.027000+00:00,Kennfeld_v2 (10) korrigiert.csv|Probe=3,2,1.9410555555555555,0.43334055555555556,22.364,44.728,44.728,909.3,0.0,1021.1199999999999,True,quality flags,1.4775085376428985,2.867926155372513,41.860073844627486,1018.2520738446274,2.1963127377251452,4.11097359090818,4.3926254754502905,89.3000881959164,100.00000000000001,1008.8508869908351,1545.9272273914123,ok,-1.5268869908351235,3.6297726085877002
118,2026-08-21,11:33:46.030,53,3,111.82,909.3,0.0,0.0,0.0,0.0,0.0,100.0,1007.33,0.001810388,0.007202148,1549.52,0.01355285,0.06555176,22.27102,0.000729275,1498.197,0.0004692997,6.873302,3.597971e-05,100,1,1,1,Kennfeld_v2 (10) korrigiert.csv,C:\dev\masterarbeit\sim_par_ink_prop\laboratory_measurement_L-Com\measurement_data\Kennfeld_v2 (10) korrigiert.csv,119,2026-08-21 11:33:46.030000+00:00,Kennfeld_v2 (10) korrigiert.csv|Probe=3,2,1.9743897222222222,0.4666747222222222,22.364,44.728,44.728,909.3,0.0,1021.1199999999999,True,quality flags,1.4775085376428985,2.917177671217724,41.81082232878228,1018.2028223287822,2.196418975627094,4.106335340257128,4.392837951254188,89.30440773286159,100.0,1008.8571043814569,1545.8961569426003,ok,-1.5271043814568657,3.623843057399654
119,2026-08-21,11:35:46.031,54,3,111.82,909.3,0.0,0.0,0.0,0.0,0.0,100.0,1007.341,0.003122292,0.01202393,1549.443,0.01866777,0.07788086,22.25926,0.00450797,1498.196,0.0004525657,6.873501,4.835844e-05,100,0,1,0,Kennfeld_v2 (10) korrigiert.csv,C:\dev\masterarbeit\sim_par_ink_prop\laboratory_measurement_L-Com\measurement_data\Kennfeld_v2 (10) korrigiert.csv,120,2026-08-21 11:35:46.031000+00:00,Kennfeld_v2 (10) korrigiert.csv|Probe=3,2,2.0077233333333333,0.5000083333333333,22.364,44.728,44.728,909.3,0.0,1021.1199999999999,False,not selected,1.4775085376428985,2.966428366224859,41.76157163377514,1018.1535716337751,2.196525222036369,4.101696718183941,4.393050444072738,89.30872761570696,100.0,1008.8693054076057,1545.83598292554,ok,-1.5283054076056715,3.607017074459918
120,2026-08-21,11:37:46.033,55,3,111.82,909.3,0.0,0.0,0.0,0.0,0.0,100.0,1007.348,0.0009820411,0.004577637,1549.418,0.008749021,0.04846191,22.25797,0.00274513,1498.198,0.001013535,6.873569,2.333496e-05,100,1,1,1,Kennfeld_v2 (10) korrigiert.csv,C:\dev\masterarbeit\sim_par_ink_prop\laboratory_measurement_L-Com\measurement_data\Kennfeld_v2 (10) korrigiert.csv,121,2026-08-21 11:37:46.033000+00:00,Kennfeld_v2 (10) korrigiert.csv|Probe=3,2,2.0410572222222223,0.5333422222222222,22.364,44.728,44.728,909.3,0.0,1021.1199999999999,True,quality flags,1.4775085376428985,3.015679471651032,41.71232052834897,1018.1043205283488,2.196631479610471,4.097057608664524,4.393262959220942,89.31304795250408,100.00000000000001,1008.8780290132627,1545.7927267189448,ok,-1.5300290132627197,3.625273281055115
121,2026-08-21,11:50:07.275,56,3,111.82,1126.73,0.0,0.0,0.0,0.0,0.0,100.0,1005.509,0.003952621,0.01379395,1538.678,0.01420867,0.06323242,22.24277,0.008930723,1497.752,0.0009544284,6.90221,3.738678e-05,100,0,1,0,Kennfeld_v2 (10) korrigiert.csv,C:\dev\masterarbeit\sim_par_ink_prop\laboratory_measurement_L-Com\measurement_data\Kennfeld_v2 (10) korrigiert.csv,122,2026-08-21 11:50:07.275000+00:00,Kennfeld_v2 (10) korrigiert.csv|Probe=3,3,2.246957777777778,0.0,22.364,44.728,44.728,1126.73,0.0,1238.55,False,not selected,1.4775085376428985,3.3198993003897814,41.40810069961022,1235.2301006996101,1.8105128742679983,3.352258067234395,3.6210257485359967,91.21620330996161,100.0,1006.8057730349293,1535.6120415531213,ok,-1.2967730349292879,3.065958446878767
122,2026-08-21,11:52:07.277,57,3,111.82,1126.73,0.0,0.0,0.0,0.0,0.0,100.0,1005.52,0.001589973,0.006713867,1538.682,0.01378537,0.07458496,22.24244,0.003231619,1497.757,0.001209928,6.9022,3.654782e-05,100,1,1,1,Kennfeld_v2 (10) korrigiert.csv,C:\dev\masterarbeit\sim_par_ink_prop\laboratory_measurement_L-Com\measurement_data\Kennfeld_v2 (10) korrigiert.csv,123,2026-08-21 11:52:07.277000+00:00,Kennfeld_v2 (10) korrigiert.csv|Probe=3,3,2.2802916666666664,0.033333888888888885,22.364,44.728,44.728,1126.73,0.0,1238.55,True,quality flags,1.4775085376428985,3.369150405815954,41.35884959418405,1235.180849594184,1.8105850659316522,3.348404373964542,3.6211701318633045,91.2198404282405,100.0,1006.812868984742,1535.5783165776706,ok,-1.2928689847419719,3.103683422329368
123,2026-08-21,11:54:07.279,58,3,111.82,1126.73,0.0,0.0,0.0,0.0,0.0,100.0,1005.525,0.001249963,0.00604248,1538.673,0.01248271,0.06164551,22.25328,0.002214938,1497.76,0.0006007822,6.902225,3.367032e-05,100,1,1,1,Kennfeld_v2 (10) korrigiert.csv,C:\dev\masterarbeit\sim_par_ink_prop\laboratory_measurement_L-Com\measurement_data\Kennfeld_v2 (10) korrigiert.csv,124,2026-08-21 11:54:07.279000+00:00,Kennfeld_v2 (10) korrigiert.csv|Probe=3,3,2.3136255555555554,0.06666777777777777,22.364,44.728,44.728,1126.73,0.0,1238.55,True,quality flags,1.4775085376428985,3.418401511242127,41.30959848875787,1235.1315984887578,1.810657263352619,3.3445503733611974,3.621314526705238,91.22347783658095,100.00000000000001,1006.8164947464902,1535.5657704865002,ok,-1.2914947464902298,3.1072295134997603
124,2026-08-21,11:56:07.281,59,3,111.82,1126.73,0.0,0.0,0.0,0.0,0.0,100.0,1005.527,0.0005959686,0.002685547,1538.676,0.01351688,0.06640625,22.26413,0.004040003,1497.763,0.0009113923,6.90222,3.5937e-05,100,1,1,1,Kennfeld_v2 (10) korrigiert.csv,C:\dev\masterarbeit\sim_par_ink_prop\laboratory_measurement_L-Com\measurement_data\Kennfeld_v2 (10) korrigiert.csv,125,2026-08-21 11:56:07.281000+00:00,Kennfeld_v2 (10) korrigiert.csv|Probe=3,3,2.3469594444444444,0.10000166666666666,22.364,44.728,44.728,1126.73,0.0,1238.55,True,quality flags,1.4775085376428985,3.4676526166683006,41.2603473833317,1235.0823473833316,1.810729466531587,3.3406960653875943,3.621458933063174,91.22711553501766,100.00000000000001,1006.8201196915641,1535.5532417881352,ok,-1.2931196915640157,3.1227582118647206
125,2026-08-21,11:58:07.283,60,3,111.82,1126.73,0.0,0.0,0.0,0.0,0.0,100.0,1005.527,0.000717266,0.003173828,1538.705,0.01429893,0.0760498,22.28354,0.005982817,1497.767,0.001171027,6.902148,3.757009e-05,100,1,1,1,Kennfeld_v2 (10) korrigiert.csv,C:\dev\masterarbeit\sim_par_ink_prop\laboratory_measurement_L-Com\measurement_data\Kennfeld_v2 (10) korrigiert.csv,126,2026-08-21 11:58:07.283000+00:00,Kennfeld_v2 (10) korrigiert.csv|Probe=3,3,2.3802933333333334,0.13333555555555554,22.364,44.728,44.728,1126.73,0.0,1238.55,True,quality flags,1.4775085376428985,3.5169037220944737,41.211096277905526,1235.0330962779055,1.8108016754692444,3.3368414500069608,3.621603350938489,91.2307535235853,100.0,1006.821086763888,1535.5569237882287,ok,-1.2940867638880036,3.14807621177124
126,2026-08-21,12:00:07.285,61,3,111.82,1126.73,0.0,0.0,0.0,0.0,0.0,100.0,1005.526,0.0009726001,0.004638672,1538.719,0.01491263,0.07104492,22.30175,0.002227603,1497.77,0.0003094005,6.902115,4.025316e-05,100,1,1,1,Kennfeld_v2 (10) korrigiert.csv,C:\dev\masterarbeit\sim_par_ink_prop\laboratory_measurement_L-Com\measurement_data\Kennfeld_v2 (10) korrigiert.csv,127,2026-08-21 12:00:07.285000+00:00,Kennfeld_v2 (10) korrigiert.csv|Probe=3,3,2.4136272222222224,0.16666944444444445,22.364,44.728,44.728,1126.73,0.0,1238.55,True,quality flags,1.4775085376428985,3.5661548275206467,41.16184517247935,1234.9838451724793,1.8108738901662813,3.332986527182519,3.6217477803325626,91.23439180231864,100.0,1006.8224294768804,1535.5583174605551,ok,-1.296429476880462,3.160682539444906
127,2026-08-21,12:02:07.287,62,3,111.82,1126.73,0.0,0.0,0.0,0.0,0.0,100.0,1005.531,0.001638052,0.006103516,1538.693,0.01313226,0.05639648,22.30183,0.001312535,1497.771,0.0002170212,6.902187,3.517875e-05,100,1,1,1,Kennfeld_v2 (10) korrigiert.csv,C:\dev\masterarbeit\sim_par_ink_prop\laboratory_measurement_L-Com\measurement_data\Kennfeld_v2 (10) korrigiert.csv,128,2026-08-21 12:02:07.287000+00:00,Kennfeld_v2 (10) korrigiert.csv|Probe=3,3,2.446961111111111,0.2000033333333333,22.364,44.728,44.728,1126.73,0.0,1238.55,True,quality flags,1.4775085376428985,3.6154059329468193,41.11259406705318,1234.9345940670532,1.810946110623386,3.3291312968774838,3.621892221246772,91.23803037125235,100.0,1006.8294080981019,1535.5253945464337,ok,-1.2984080981019588,3.167605453566239
128,2026-08-21,12:04:07.289,63,3,111.82,1126.73,0.0,0.0,0.0,0.0,0.0,100.0,1005.533,0.0006492182,0.003112793,1538.694,0.01002952,0.06335449,22.30616,0.00310391,1497.773,0.0007495368,6.902183,2.683043e-05,100,1,1,1,Kennfeld_v2 (10) korrigiert.csv,C:\dev\masterarbeit\sim_par_ink_prop\laboratory_measurement_L-Com\measurement_data\Kennfeld_v2 (10) korrigiert.csv,129,2026-08-21 12:04:07.289000+00:00,Kennfeld_v2 (10) korrigiert.csv|Probe=3,3,2.480295,0.23333722222222222,22.364,44.728,44.728,1126.73,0.0,1238.55,True,quality flags,1.4775085376428985,3.664657038372993,41.06334296162701,1234.885342961627,1.8110183368412482,3.325275759055067,3.6220366736824965,91.2416692304212,100.0,1006.8350680112461,1535.5005179008192,ok,-1.3020680112460923,3.1934820991807555
129,2026-08-21,12:06:07.291,64,3,111.82,1126.73,0.0,0.0,0.0,0.0,0.0,100.0,1005.532,0.0007675263,0.003601074,1538.709,0.01275108,0.0612793,22.32215,0.004509008,1497.776,0.0009008342,6.902149,3.365319e-05,100,1,1,1,Kennfeld_v2 (10) korrigiert.csv,C:\dev\masterarbeit\sim_par_ink_prop\laboratory_measurement_L-Com\measurement_data\Kennfeld_v2 (10) korrigiert.csv,130,2026-08-21 12:06:07.291000+00:00,Kennfeld_v2 (10) korrigiert.csv|Probe=3,3,2.513628888888889,0.2666711111111111,22.364,44.728,44.728,1126.73,0.0,1238.55,True,quality flags,1.4775085376428985,3.713908143799166,41.014091856200835,1234.8360918562007,1.811090568820557,3.321419913678472,3.622181137641114,91.24530837985986,100.0,1006.8371075782512,1535.4977058644654,ok,-1.3051075782511816,3.211294135534672
130,2026-08-21,12:08:07.293,65,3,111.82,1126.73,0.0,0.0,0.0,0.0,0.0,100.0,1005.532,0.00106485,0.00402832,1538.713,0.01350093,0.0625,22.33696,0.001791943,1497.779,0.0003675566,6.902142,3.636668e-05,100,1,1,1,Kennfeld_v2 (10) korrigiert.csv,C:\dev\masterarbeit\sim_par_ink_prop\laboratory_measurement_L-Com\measurement_data\Kennfeld_v2 (10) korrigiert.csv,131,2026-08-21 12:08:07.293000+00:00,Kennfeld_v2 (10) korrigiert.csv|Probe=3,3,2.546962777777778,0.300005,22.364,44.728,44.728,1126.73,0.0,1238.55,True,quality flags,1.4775085376428985,3.7631592492253394,40.96484075077466,1234.7868407507747,1.8111628065620013,3.3175637607108963,3.6223256131240027,91.2489478196031,100.0,1006.8395162532013,1535.4926529079676,ok,-1.3075162532012428,3.220347092032398
131,2026-08-21,12:10:07.295,66,3,111.82,1126.73,0.0,0.0,0.0,0.0,0.0,100.0,1005.537,0.00110771,0.005310059,1538.686,0.01077992,0.06323242,22.33641,0.001026353,1497.779,0.0003549381,6.902214,2.889271e-05,100,1,1,1,Kennfeld_v2 (10) korrigiert.csv,C:\dev\masterarbeit\sim_par_ink_prop\laboratory_measurement_L-Com\measurement_data\Kennfeld_v2 (10) korrigiert.csv,132,2026-08-21 12:10:07.295000+00:00,Kennfeld_v2 (10) korrigiert.csv|Probe=3,3,2.5802966666666665,0.3333388888888889,22.364,44.728,44.728,1126.73,0.0,1238.55,True,quality flags,1.4775085376428985,3.812410354651512,40.91558964534849,1234.7375896453484,1.8112350500662715,3.3137073001155337,3.622470100132543,91.25258754968566,100.0,1006.8466983221349,1535.458554980357,ok,-1.3096983221348637,3.227445019643028
132,2026-08-21,12:23:55.698,67,3,111.82,1126.73,0.0,24.6,0.0,0.0,0.0,100.0,1006.885,0.002792635,0.01086426,1550.489,0.01277248,0.05810547,22.70935,0.002799913,1498.183,0.0004738559,6.870854,3.358477e-05,100,0,1,0,Kennfeld_v2 (10) korrigiert.csv,C:\dev\masterarbeit\sim_par_ink_prop\laboratory_measurement_L-Com\measurement_data\Kennfeld_v2 (10) korrigiert.csv,133,2026-08-21 12:23:55.698000+00:00,Kennfeld_v2 (10) korrigiert.csv|Probe=3,4,2.810408611111111,0.0,22.364,44.728,69.328,1126.73,0.0,1263.1499999999999,False,not selected,1.4775085376428985,4.152402717181786,40.575597282818215,1258.997597282818,1.7763338109831361,3.222849461380141,5.506603042740068,89.49421368489666,100.00000000000001,1008.5675106398975,1545.133873135641,ok,-1.6825106398974867,5.355126864359136
133,2026-08-21,12:25:55.700,68,3,111.82,1126.73,0.0,24.6,0.0,0.0,0.0,100.0,1006.898,0.003804355,0.01525879,1550.434,0.02293235,0.09265137,22.69895,0.005885815,1498.183,0.0009385633,6.870998,5.933484e-05,100,0,1,0,Kennfeld_v2 (10) korrigiert.csv,C:\dev\masterarbeit\sim_par_ink_prop\laboratory_measurement_L-Com\measurement_data\Kennfeld_v2 (10) korrigiert.csv,134,2026-08-21 12:25:55.700000+00:00,Kennfeld_v2 (10) korrigiert.csv|Probe=3,4,2.8437425,0.033333888888888885,22.364,44.728,69.328,1126.73,0.0,1263.1499999999999,False,not selected,1.4775085376428985,4.20165382260796,40.52634617739204,1258.9483461773918,1.7764033026378674,3.219063458834052,5.506818465626814,89.49771477290129,100.00000000000003,1008.5778706549202,1545.0855892764343,ok,-1.679870654920137,5.348410723565621
134,2026-08-21,12:27:55.702,69,3,111.82,1126.73,0.0,24.6,0.0,0.0,0.0,100.0,1006.915,0.005093287,0.02038574,1550.34,0.02352681,0.09606934,22.66914,0.007088593,1498.179,0.0006738661,6.871239,6.059124e-05,100,0,1,0,Kennfeld_v2 (10) korrigiert.csv,C:\dev\masterarbeit\sim_par_ink_prop\laboratory_measurement_L-Com\measurement_data\Kennfeld_v2 (10) korrigiert.csv,135,2026-08-21 12:27:55.702000+00:00,Kennfeld_v2 (10) korrigiert.csv|Probe=3,4,2.877076388888889,0.06666777777777777,22.364,44.728,69.328,1126.73,0.0,1263.1499999999999,False,not selected,1.4775085376428985,4.250904928034133,40.47709507196587,1258.8990950719658,1.7764727997299536,3.215277160053242,5.507033905369264,89.50121613484754,100.0,1008.594853014519,1545.008824028445,ok,-1.6798530145190398,5.331175971555012
135,2026-08-21,12:29:55.704,70,3,111.82,1126.73,0.0,24.6,0.0,0.0,0.0,100.0,1006.927,0.001710357,0.006530762,1550.293,0.01228119,0.06835937,22.65433,0.001684813,1498.179,0.0002289848,6.871359,3.219413e-05,100,1,1,1,Kennfeld_v2 (10) korrigiert.csv,C:\dev\masterarbeit\sim_par_ink_prop\laboratory_measurement_L-Com\measurement_data\Kennfeld_v2 (10) korrigiert.csv,136,2026-08-21 12:29:55.704000+00:00,Kennfeld_v2 (10) korrigiert.csv|Probe=3,4,2.910410277777778,0.10000166666666666,22.364,44.728,69.328,1126.73,0.0,1263.1499999999999,True,automatic low-noise fallback,1.4775085376428985,4.300156033460307,40.4278439665397,1258.8498439665395,1.7765423022600335,3.211490565002944,5.507249361969397,89.50471777076764,100.00000000000001,1008.6067186436266,1544.9539889793748,ok,-1.6797186436265292,5.339011020625094
136,2026-08-21,12:31:55.707,71,3,111.82,1126.73,0.0,24.6,0.0,0.0,0.0,100.0,1006.933,0.002131416,0.009521484,1550.268,0.01433383,0.05187988,22.64925,0.001351045,1498.18,0.0005160138,6.871424,3.776592e-05,100,1,1,1,Kennfeld_v2 (10) korrigiert.csv,C:\dev\masterarbeit\sim_par_ink_prop\laboratory_measurement_L-Com\measurement_data\Kennfeld_v2 (10) korrigiert.csv,137,2026-08-21 12:31:55.707000+00:00,Kennfeld_v2 (10) korrigiert.csv|Probe=3,4,2.9437444444444445,0.13333583333333335,22.364,44.728,69.328,1126.73,0.0,1263.1499999999999,True,automatic low-noise fallback,1.4775085376428985,4.349407549305518,40.378592450694484,1258.8005924506942,1.7766118108079914,3.2077036420902436,5.507464837224844,89.50821970987694,100.00000000000001,1008.6152662093901,1544.9134194428693,ok,-1.68226620939015,5.354580557130703
137,2026-08-21,12:33:55.709,72,3,111.82,1126.73,0.0,24.6,0.0,0.0,0.0,100.0,1006.944,0.00407205,0.01617432,1550.212,0.01888598,0.08337402,22.63753,0.005440135,1498.179,0.0006053198,6.871567,4.872881e-05,100,0,1,0,Kennfeld_v2 (10) korrigiert.csv,C:\dev\masterarbeit\sim_par_ink_prop\laboratory_measurement_L-Com\measurement_data\Kennfeld_v2 (10) korrigiert.csv,138,2026-08-21 12:33:55.709000+00:00,Kennfeld_v2 (10) korrigiert.csv|Probe=3,4,2.9770783333333335,0.1666697222222222,22.364,44.728,69.328,1126.73,0.0,1263.1499999999999,False,not selected,1.4775085376428985,4.398658654731691,40.32934134526831,1258.7513413452682,1.776681324216018,3.2039164543941654,5.507680327546418,89.5117218938434,100.0,1008.6260795334388,1544.8630724246646,ok,-1.6820795334388094,5.348927575335438
138,2026-08-21,12:35:55.711,73,3,111.82,1126.73,0.0,24.6,0.0,0.0,0.0,100.0,1006.956,0.003680891,0.01470947,1550.171,0.0191065,0.09484863,22.62075,0.003666479,1498.178,0.0004242783,6.871671,5.00775e-05,100,0,1,0,Kennfeld_v2 (10) korrigiert.csv,C:\dev\masterarbeit\sim_par_ink_prop\laboratory_measurement_L-Com\measurement_data\Kennfeld_v2 (10) korrigiert.csv,139,2026-08-21 12:35:55.711000+00:00,Kennfeld_v2 (10) korrigiert.csv|Probe=3,4,3.0104122222222225,0.20000361111111112,22.364,44.728,69.328,1126.73,0.0,1263.1499999999999,False,not selected,1.4775085376428985,4.447909760157864,40.28009023984214,1258.702090239842,1.7767508430639538,3.200128970324256,5.507895834731613,89.51522435188019,100.00000000000001,1008.638619356478,1544.8052450759214,ok,-1.6826193564779715,5.365754924078601
139,2026-08-21,12:37:55.713,74,3,111.82,1126.73,0.0,24.6,0.0,0.0,0.0,100.0,1006.969,0.003979726,0.01409912,1550.093,0.01584499,0.07763672,22.59386,0.006840028,1498.176,0.0005624969,6.871872,4.099772e-05,100,0,1,0,Kennfeld_v2 (10) korrigiert.csv,C:\dev\masterarbeit\sim_par_ink_prop\laboratory_measurement_L-Com\measurement_data\Kennfeld_v2 (10) korrigiert.csv,140,2026-08-21 12:37:55.713000+00:00,Kennfeld_v2 (10) korrigiert.csv|Probe=3,4,3.0437461111111115,0.2333375,22.364,44.728,69.328,1126.73,0.0,1263.1499999999999,True,automatic low-noise fallback,1.4775085376428985,4.497160865584037,40.230839134415966,1258.652839134416,1.7768203673524365,3.196341189845723,5.508111358782406,89.51872708401945,100.00000000000001,1008.6546074627922,1544.7324564927787,ok,-1.685607462792177,5.360543507221337
140,2026-08-21,12:39:55.715,75,3,111.82,1126.73,0.0,24.6,0.0,0.0,0.0,100.0,1006.976,0.001813318,0.008239746,1550.07,0.01124392,0.05249023,22.5917,0.001210053,1498.177,0.0005983974,6.871932,2.967821e-05,100,1,1,1,Kennfeld_v2 (10) korrigiert.csv,C:\dev\masterarbeit\sim_par_ink_prop\laboratory_measurement_L-Com\measurement_data\Kennfeld_v2 (10) korrigiert.csv,141,2026-08-21 12:39:55.715000+00:00,Kennfeld_v2 (10) korrigiert.csv|Probe=3,4,3.07708,0.2666713888888889,22.364,44.728,69.328,1126.73,0.0,1263.1499999999999,True,automatic low-noise fallback,1.4775085376428985,4.54641197101021,40.18158802898979,1258.6035880289896,1.7768898970821054,3.192553112923772,5.508326899700778,89.52223009029336,100.00000000000001,1008.66216288926,1544.6961161601591,ok,-1.6861628892600038,5.373883839840801
141,2026-08-21,12:41:55.717,76,3,111.82,1126.73,0.0,24.6,0.0,0.0,0.0,100.0,1006.979,0.002365884,0.0123291,1550.107,0.02115677,0.09606934,22.59566,0.001540057,1498.179,0.0005528888,6.871836,5.619507e-05,100,0,1,0,Kennfeld_v2 (10) korrigiert.csv,C:\dev\masterarbeit\sim_par_ink_prop\laboratory_measurement_L-Com\measurement_data\Kennfeld_v2 (10) korrigiert.csv,142,2026-08-21 12:41:55.717000+00:00,Kennfeld_v2 (10) korrigiert.csv|Probe=3,4,3.110413888888889,0.3000052777777778,22.364,44.728,69.328,1126.73,0.0,1263.1499999999999,True,automatic low-noise fallback,1.4775085376428985,4.5956630764363835,40.13233692356362,1258.5543369235634,1.776959432253599,3.1887647395235987,5.50854245748871,89.52573337073412,100.00000000000003,1008.6676328576243,1544.6688098138625,ok,-1.6886328576242704,5.43819018613749
142,2026-08-21,12:43:55.719,77,3,111.82,1126.73,0.0,24.6,0.0,0.0,0.0,100.0,1006.955,0.1121807,0.5703125,1550.044,0.02385793,0.1103516,22.57772,0.009616171,1498.168,0.02748853,6.871995,6.099964e-05,100,0,1,0,Kennfeld_v2 (10) korrigiert.csv,C:\dev\masterarbeit\sim_par_ink_prop\laboratory_measurement_L-Com\measurement_data\Kennfeld_v2 (10) korrigiert.csv,143,2026-08-21 12:43:55.719000+00:00,Kennfeld_v2 (10) korrigiert.csv|Probe=3,4,3.143747777777778,0.33333916666666663,22.364,44.728,69.328,1126.73,0.0,1263.1499999999999,False,not selected,1.4775085376428985,4.644914181862556,40.08308581813745,1258.5050858181373,1.7770289728675561,3.1849760696103955,5.508758032148181,89.52923692537388,100.00000000000001,1008.6805711480124,1544.609136610179,ok,-1.7255711480123637,5.434863389821203
143,2026-08-21,12:57:07.473,78,3,111.82,1126.73,20.08,24.6,0.0,0.0,0.0,100.0,1004.172,0.01222185,0.04437256,1563.705,0.03809045,0.1635742,22.96848,0.0009297537,1497.583,0.002642595,6.836262,9.893507e-05,100,0,1,0,Kennfeld_v2 (10) korrigiert.csv,C:\dev\masterarbeit\sim_par_ink_prop\laboratory_measurement_L-Com\measurement_data\Kennfeld_v2 (10) korrigiert.csv,144,2026-08-21 12:57:07.473000+00:00,Kennfeld_v2 (10) korrigiert.csv|Probe=3,5,3.363679444444444,0.0,22.364,64.80799999999999,69.328,1126.73,0.0,1283.2299999999998,False,not selected,1.4775085376428985,4.9698650970605875,59.8381349029394,1278.2601349029392,1.7495656313883359,4.681217325727133,5.423622164768849,88.1455948781157,100.00000000000001,1005.9079026264037,1557.8570392580505,ok,-1.7359026264036856,5.847960741949464
144,2026-08-21,12:59:07.475,79,3,111.82,1126.73,20.08,24.6,0.0,0.0,0.0,100.0,1004.219,0.01162727,0.04089355,1563.572,0.03938884,0.1640625,22.95503,0.005397672,1497.59,0.001481232,6.836605,0.0001010679,100,0,1,0,Kennfeld_v2 (10) korrigiert.csv,C:\dev\masterarbeit\sim_par_ink_prop\laboratory_measurement_L-Com\measurement_data\Kennfeld_v2 (10) korrigiert.csv,145,2026-08-21 12:59:07.475000+00:00,Kennfeld_v2 (10) korrigiert.csv|Probe=3,5,3.397013333333333,0.033333888888888885,22.364,64.80799999999999,69.328,1126.73,0.0,1283.2299999999998,False,not selected,1.4775085376428985,5.019116202486761,59.78888379751323,1278.2108837975131,1.749633044396982,4.677544570727082,5.423831143889911,88.14899124098604,100.00000000000001,1005.918981732387,1557.8105320316204,ok,-1.6999817323869593,5.76146796837952
145,2026-08-21,13:01:07.477,80,3,111.82,1126.73,20.08,24.6,0.0,0.0,0.0,100.0,1004.271,0.01457295,0.05474854,1563.416,0.04413768,0.2025146,22.91854,0.01233655,1497.594,0.001169535,6.837001,0.000111789,100,0,1,0,Kennfeld_v2 (10) korrigiert.csv,C:\dev\masterarbeit\sim_par_ink_prop\laboratory_measurement_L-Com\measurement_data\Kennfeld_v2 (10) korrigiert.csv,146,2026-08-21 13:01:07.477000+00:00,Kennfeld_v2 (10) korrigiert.csv|Probe=3,5,3.430347222222222,0.06666777777777777,22.364,64.80799999999999,69.328,1126.73,0.0,1283.2299999999998,False,not selected,1.4775085376428985,5.0683673079129345,59.739632692087056,1278.1616326920869,1.7497004626008483,4.673871532684202,5.424040139116062,88.1523878655989,100.00000000000001,1005.9381518905233,1557.7358013359799,ok,-1.6671518905233143,5.680198664020054
146,2026-08-21,13:03:07.479,81,3,111.82,1126.73,20.08,24.6,0.0,0.0,0.0,100.0,1004.312,0.008453555,0.03643799,1563.316,0.02440073,0.1411133,22.88729,0.003060919,1497.598,0.0017642,6.837254,6.290166e-05,100,0,1,0,Kennfeld_v2 (10) korrigiert.csv,C:\dev\masterarbeit\sim_par_ink_prop\laboratory_measurement_L-Com\measurement_data\Kennfeld_v2 (10) korrigiert.csv,147,2026-08-21 13:03:07.479000+00:00,Kennfeld_v2 (10) korrigiert.csv|Probe=3,5,3.463681111111111,0.10000166666666666,22.364,64.80799999999999,69.328,1126.73,0.0,1283.2299999999998,False,not selected,1.4775085376428985,5.117618413339108,59.690381586660884,1278.1123815866606,1.7497678860005348,4.670198211565769,5.424249150449163,88.15578475198456,100.00000000000003,1005.9554812588281,1557.6673782685516,ok,-1.6434812588280465,5.648621731448429
147,2026-08-21,13:05:07.481,82,3,111.82,1126.73,20.08,24.6,0.0,0.0,0.0,100.0,1004.34,0.006735558,0.02886963,1563.255,0.01928806,0.09594727,22.87972,0.001868704,1497.603,0.001197549,6.837409,4.984362e-05,100,0,1,0,Kennfeld_v2 (10) korrigiert.csv,C:\dev\masterarbeit\sim_par_ink_prop\laboratory_measurement_L-Com\measurement_data\Kennfeld_v2 (10) korrigiert.csv,148,2026-08-21 13:05:07.481000+00:00,Kennfeld_v2 (10) korrigiert.csv|Probe=3,5,3.497015,0.13333555555555554,22.364,64.80799999999999,69.328,1126.73,0.0,1283.2299999999998,False,not selected,1.4775085376428985,5.166869518765281,59.64113048123471,1278.0631304812346,1.7498353145966419,4.666524607339059,5.424458177891075,88.15918190017324,100.00000000000001,1005.9644957708598,1557.6279715246862,ok,-1.6244957708597667,5.627028475313864
148,2026-08-21,13:07:07.483,83,3,111.82,1126.73,20.08,24.6,0.0,0.0,0.0,100.0,1004.364,0.005197046,0.0267334,1563.191,0.01895807,0.1119385,22.86873,0.003362003,1497.606,0.0006198837,6.837573,4.869812e-05,100,0,1,0,Kennfeld_v2 (10) korrigiert.csv,C:\dev\masterarbeit\sim_par_ink_prop\laboratory_measurement_L-Com\measurement_data\Kennfeld_v2 (10) korrigiert.csv,149,2026-08-21 13:07:07.483000+00:00,Kennfeld_v2 (10) korrigiert.csv|Probe=3,5,3.5303488888888888,0.16666944444444445,22.364,64.80799999999999,69.328,1126.73,0.0,1283.2299999999998,True,automatic low-noise fallback,1.4775085376428985,5.216120624191453,59.59187937580854,1278.0138793758083,1.749902748389771,4.662850719971341,5.424667221443661,88.16257931019524,100.00000000000001,1005.9747116095086,1557.584349035228,ok,-1.6107116095085985,5.606650964772143
149,2026-08-21,13:09:07.485,84,3,111.82,1126.73,20.08,24.6,0.0,0.0,0.0,100.0,1004.386,0.006466268,0.0244751,1563.103,0.02897578,0.1072998,22.84764,0.008400584,1497.606,0.0008516683,6.837796,7.330752e-05,100,0,1,0,Kennfeld_v2 (10) korrigiert.csv,C:\dev\masterarbeit\sim_par_ink_prop\laboratory_measurement_L-Com\measurement_data\Kennfeld_v2 (10) korrigiert.csv,150,2026-08-21 13:09:07.485000+00:00,Kennfeld_v2 (10) korrigiert.csv|Probe=3,5,3.5636827777777778,0.2000033333333333,22.364,64.80799999999999,69.328,1126.73,0.0,1283.2299999999998,False,not selected,1.4775085376428985,5.265371729617627,59.542628270382366,1277.9646282703823,1.749970187380522,4.659176549429878,5.424876281108784,88.16597698208082,100.0,1005.9884735919886,1557.5282754922926,ok,-1.6024735919886552,5.574724507707515
150,2026-08-21,13:11:07.487,85,3,111.82,1126.73,20.08,24.6,0.0,0.0,0.0,100.0,1004.406,0.003416182,0.01177979,1563.035,0.01598143,0.07788086,22.81972,0.003616242,1497.606,0.000508391,6.837966,4.094301e-05,100,0,1,0,Kennfeld_v2 (10) korrigiert.csv,C:\dev\masterarbeit\sim_par_ink_prop\laboratory_measurement_L-Com\measurement_data\Kennfeld_v2 (10) korrigiert.csv,151,2026-08-21 13:11:07.487000+00:00,Kennfeld_v2 (10) korrigiert.csv|Probe=3,5,3.5970166666666668,0.23333722222222222,22.364,64.80799999999999,69.328,1126.73,0.0,1283.2299999999998,True,automatic low-noise fallback,1.4775085376428985,5.3146228350438,59.49337716495619,1277.915377164956,1.750037631569497,4.655502095681932,5.425085356888307,88.16937491586027,100.00000000000001,1006.0046330716568,1557.4637283825123,ok,-1.5986330716568773,5.57127161748781
151,2026-08-21,13:13:07.489,86,3,111.82,1126.73,20.08,24.6,0.0,0.0,0.0,100.0,1004.417,0.002510926,0.0112915,1562.992,0.01461371,0.07800293,22.81298,0.001014336,1497.608,0.0005056718,6.838074,3.789077e-05,100,0,1,0,Kennfeld_v2 (10) korrigiert.csv,C:\dev\masterarbeit\sim_par_ink_prop\laboratory_measurement_L-Com\measurement_data\Kennfeld_v2 (10) korrigiert.csv,152,2026-08-21 13:13:07.489000+00:00,Kennfeld_v2 (10) korrigiert.csv|Probe=3,5,3.6303505555555557,0.2666711111111111,22.364,64.80799999999999,69.328,1126.73,0.0,1283.2299999999998,True,automatic low-noise fallback,1.4775085376428985,5.363873940469973,59.44412605953002,1277.8661260595297,1.7501050809572964,4.651827358694756,5.425294448784093,88.17277311156388,100.00000000000003,1006.0133577784529,1557.425270844129,ok,-1.596357778452898,5.566729155870917
152,2026-08-21,13:15:07.491,87,3,111.82,1126.73,20.08,24.6,0.0,0.0,0.0,100.0,1004.429,0.003414521,0.0145874,1562.948,0.01699426,0.07397461,22.8079,0.002375339,1497.61,0.0004225275,6.83819,4.376684e-05,100,0,1,0,Kennfeld_v2 (10) korrigiert.csv,C:\dev\masterarbeit\sim_par_ink_prop\laboratory_measurement_L-Com\measurement_data\Kennfeld_v2 (10) korrigiert.csv,153,2026-08-21 13:15:07.491000+00:00,Kennfeld_v2 (10) korrigiert.csv|Probe=3,5,3.6636844444444443,0.300005,22.364,64.80799999999999,69.328,1126.73,0.0,1283.2299999999998,True,automatic low-noise fallback,1.4775085376428985,5.4131250458961455,59.39487495410385,1277.8168749541037,1.7501725355445212,4.648152338435598,5.425503556798004,88.17617156922189,100.00000000000001,1006.0215005145081,1557.3888540019113,ok,-1.592500514508174,5.559145998088752
153,2026-08-21,13:17:07.493,88,3,111.82,1126.73,20.08,24.6,0.0,0.0,0.0,100.0,1004.447,0.005239546,0.01922607,1562.862,0.02748882,0.1079102,22.78321,0.009217245,1497.608,0.001047603,6.838405,6.919377e-05,100,0,1,0,Kennfeld_v2 (10) korrigiert.csv,C:\dev\masterarbeit\sim_par_ink_prop\laboratory_measurement_L-Com\measurement_data\Kennfeld_v2 (10) korrigiert.csv,154,2026-08-21 13:17:07.493000+00:00,Kennfeld_v2 (10) korrigiert.csv|Probe=3,5,3.6970183333333333,0.3333388888888889,22.364,64.80799999999999,69.328,1126.73,0.0,1283.2299999999998,False,not selected,1.4775085376428985,5.462376151322319,59.345623848677675,1277.7676238486774,1.750239995331773,4.644477034871704,5.425712680931907,88.17957028886464,100.00000000000003,1006.0365262844384,1557.3281788316615,ok,-1.5895262844384206,5.533821168338591
154,2026-08-21,13:19:07.495,89,3,111.82,1126.73,20.08,24.6,0.0,0.0,0.0,100.0,1004.464,0.002387488,0.009643555,1562.792,0.01211586,0.0612793,22.75284,0.003825071,1497.606,0.0003983986,6.838581,3.088809e-05,100,1,1,1,Kennfeld_v2 (10) korrigiert.csv,C:\dev\masterarbeit\sim_par_ink_prop\laboratory_measurement_L-Com\measurement_data\Kennfeld_v2 (10) korrigiert.csv,155,2026-08-21 13:19:07.495000+00:00,Kennfeld_v2 (10) korrigiert.csv|Probe=3,5,3.7303522222222223,0.36667277777777774,22.364,64.80799999999999,69.328,1126.73,0.0,1283.2299999999998,True,automatic low-noise fallback,1.4775085376428985,5.5116272567484925,59.2963727432515,1277.7183727432514,1.750307460319653,4.640801447970311,5.425921821187663,88.18296927052238,100.0,1006.0535451057848,1557.2603985840558,ok,-1.5895451057847367,5.531601415944124
155,2026-08-21,13:21:07.497,90,3,111.82,1126.73,20.08,24.6,0.0,0.0,0.0,100.0,1004.472,0.001910751,0.008666992,1562.763,0.01283493,0.06433105,22.7458,0.0007048416,1497.607,0.0005354759,6.838653,3.329713e-05,100,1,1,1,Kennfeld_v2 (10) korrigiert.csv,C:\dev\masterarbeit\sim_par_ink_prop\laboratory_measurement_L-Com\measurement_data\Kennfeld_v2 (10) korrigiert.csv,156,2026-08-21 13:21:07.497000+00:00,Kennfeld_v2 (10) korrigiert.csv|Probe=3,5,3.7636861111111113,0.4000066666666666,22.364,64.80799999999999,69.328,1126.73,0.0,1283.2299999999998,True,automatic low-noise fallback,1.4775085376428985,5.560878362174665,59.24712163782533,1277.6691216378251,1.7503749305087628,4.637125577698655,5.426130977567139,88.18636851422546,100.00000000000003,1006.0623767247346,1557.221499186691,ok,-1.5903767247345968,5.541500813308858
156,2026-08-21,13:23:07.499,91,3,111.82,1126.73,20.08,24.6,0.0,0.0,0.0,100.0,1004.474,0.001439146,0.006347656,1562.755,0.01324338,0.08728027,22.74615,0.001228998,1497.608,0.0006442216,6.838675,3.461014e-05,100,1,0,0,Kennfeld_v2 (10) korrigiert.csv,C:\dev\masterarbeit\sim_par_ink_prop\laboratory_measurement_L-Com\measurement_data\Kennfeld_v2 (10) korrigiert.csv,157,2026-08-21 13:23:07.499000+00:00,Kennfeld_v2 (10) korrigiert.csv|Probe=3,5,3.7970200000000003,0.43334055555555556,22.364,64.80799999999999,69.328,1126.73,0.0,1283.2299999999998,False,not selected,1.4775085376428985,5.610129467600839,59.19787053239915,1277.6198705323989,1.7504424058997037,4.633449424023964,5.426340150072199,88.18976802000415,100.00000000000001,1006.0686159741579,1557.1917629339985,ok,-1.5946159741578185,5.563237066001648
157,2026-08-21,13:25:07.501,92,3,111.82,1126.73,20.08,24.6,0.0,0.0,0.0,100.0,1004.474,0.001439146,0.006347656,1562.755,0.01324338,0.08728027,22.74615,0.001228998,1497.608,0.0006442216,6.838675,3.461014e-05,100,1,0,0,Kennfeld_v2 (10) korrigiert.csv,C:\dev\masterarbeit\sim_par_ink_prop\laboratory_measurement_L-Com\measurement_data\Kennfeld_v2 (10) korrigiert.csv,158,2026-08-21 13:25:07.501000+00:00,Kennfeld_v2 (10) korrigiert.csv|Probe=3,5,3.830353888888889,0.46667444444444445,22.364,64.80799999999999,69.328,1126.73,0.0,1283.2299999999998,False,not selected,1.4775085376428985,5.659380573027011,59.148619426972985,1277.5706194269728,1.7505098864930768,4.629772986913462,5.426549338704706,88.19316778788877,100.00000000000001,1006.0749790472814,1557.1615890269857,ok,-1.6009790472813847,5.593410973014443
158,2026-08-21,13:31:24.112,93,3,111.82,1250.11,20.08,24.6,0.0,0.0,0.0,100.0,1003.801,0.002276669,0.009399414,1556.269,0.01216667,0.05358887,22.6501,0.01369018,1497.421,0.0007403363,6.855607,3.175408e-05,100,0,1,0,Kennfeld_v2 (10) korrigiert.csv,C:\dev\masterarbeit\sim_par_ink_prop\laboratory_measurement_L-Com\measurement_data\Kennfeld_v2 (10) korrigiert.csv,159,2026-08-21 13:31:24.112000+00:00,Kennfeld_v2 (10) korrigiert.csv|Probe=3,6,3.9349680555555557,0.0,22.364,64.80799999999999,69.328,1250.11,0.0,1406.6099999999997,False,not selected,1.4775085376428985,5.8139488974354085,58.99405110256458,1400.7960511025642,1.5965207770536856,4.211466120005868,4.949185853674562,89.2428272492659,100.00000000000001,1005.2887451793655,1551.2535515118955,ok,-1.4877451793654473,5.015448488104539
159,2026-08-21,13:33:24.114,94,3,111.82,1250.11,20.08,24.6,0.0,0.0,0.0,100.0,1003.815,0.00563265,0.02215576,1556.227,0.01889777,0.07299805,22.62869,0.00357158,1497.424,0.0006910689,6.85571,4.87839e-05,100,0,1,0,Kennfeld_v2 (10) korrigiert.csv,C:\dev\masterarbeit\sim_par_ink_prop\laboratory_measurement_L-Com\measurement_data\Kennfeld_v2 (10) korrigiert.csv,160,2026-08-21 13:33:24.114000+00:00,Kennfeld_v2 (10) korrigiert.csv|Probe=3,6,3.9683019444444447,0.033333888888888885,22.364,64.80799999999999,69.328,1250.11,0.0,1406.6099999999997,False,not selected,1.4775085376428985,5.863200002861582,58.94479999713841,1400.7467999971382,1.596576911690656,4.208098137169318,4.9493598700451535,89.24596508109488,100.0,1005.3018736602504,1551.1936989845444,ok,-1.4868736602503532,5.033301015455663
160,2026-08-21,13:35:24.116,95,3,111.82,1250.11,20.08,24.6,0.0,0.0,0.0,100.0,1003.834,0.003881577,0.01464844,1556.151,0.01745516,0.07006836,22.60593,0.006010377,1497.423,0.0004311476,6.855906,4.449988e-05,100,0,1,0,Kennfeld_v2 (10) korrigiert.csv,C:\dev\masterarbeit\sim_par_ink_prop\laboratory_measurement_L-Com\measurement_data\Kennfeld_v2 (10) korrigiert.csv,161,2026-08-21 13:35:24.116000+00:00,Kennfeld_v2 (10) korrigiert.csv|Probe=3,6,4.001635833333333,0.06666777777777777,22.364,64.80799999999999,69.328,1250.11,0.0,1406.6099999999997,False,not selected,1.4775085376428985,5.912451108287755,58.89554889171224,1400.697548891712,1.5966330502752215,4.204729917483811,4.949533898653217,89.24910313358777,100.00000000000001,1005.3154618943335,1551.131841834407,ok,-1.4814618943335063,5.019158165593126
161,2026-08-21,13:37:24.118,96,3,111.82,1250.11,20.08,24.6,0.0,0.0,0.0,100.0,1003.842,0.001051933,0.004516602,1556.129,0.008862389,0.05908203,22.59798,0.001463149,1497.425,0.0006871022,6.85596,2.336432e-05,100,1,1,1,Kennfeld_v2 (10) korrigiert.csv,C:\dev\masterarbeit\sim_par_ink_prop\laboratory_measurement_L-Com\measurement_data\Kennfeld_v2 (10) korrigiert.csv,162,2026-08-21 13:37:24.118000+00:00,Kennfeld_v2 (10) korrigiert.csv|Probe=3,6,4.034969722222222,0.10000166666666666,22.364,64.80799999999999,69.328,1250.11,0.0,1406.6099999999997,True,quality flags,1.4775085376428985,5.961702213713927,58.846297786286065,1400.6482977862856,1.5966891928077975,4.2013614609243595,4.949707939500044,89.25224140676782,100.00000000000003,1005.3240050182015,1551.0911609331783,ok,-1.482005018201562,5.037839066821562
162,2026-08-21,13:39:24.120,97,3,111.82,1250.11,20.08,24.6,0.0,0.0,0.0,100.0,1003.844,0.0008635762,0.004455566,1556.129,0.007267382,0.04418945,22.60643,0.003100275,1497.428,0.0009600317,6.855962,1.89226e-05,100,1,1,1,Kennfeld_v2 (10) korrigiert.csv,C:\dev\masterarbeit\sim_par_ink_prop\laboratory_measurement_L-Com\measurement_data\Kennfeld_v2 (10) korrigiert.csv,163,2026-08-21 13:39:24.120000+00:00,Kennfeld_v2 (10) korrigiert.csv|Probe=3,6,4.068303611111111,0.13333555555555554,22.364,64.80799999999999,69.328,1250.11,0.0,1406.6099999999997,True,quality flags,1.4775085376428985,6.010953319140101,58.79704668085989,1400.5990466808596,1.5967453392888007,4.197992767465976,4.949881992586924,89.25537990065831,100.00000000000001,1005.3269626300659,1551.0739956472771,ok,-1.4829626300657992,5.05500435272279
163,2026-08-21,13:41:24.122,98,3,111.82,1250.11,20.08,24.6,0.0,0.0,0.0,100.0,1003.85,0.002074857,0.007751465,1556.102,0.01256376,0.05969238,22.60898,0.001757667,1497.429,0.0001102531,6.856034,3.262936e-05,100,1,1,1,Kennfeld_v2 (10) korrigiert.csv,C:\dev\masterarbeit\sim_par_ink_prop\laboratory_measurement_L-Com\measurement_data\Kennfeld_v2 (10) korrigiert.csv,164,2026-08-21 13:41:24.122000+00:00,Kennfeld_v2 (10) korrigiert.csv|Probe=3,6,4.1016375,0.16666944444444445,22.364,64.80799999999999,69.328,1250.11,0.0,1406.6099999999997,True,quality flags,1.4775085376428985,6.060204424566273,58.74779557543372,1400.5497955754333,1.5968014897186482,4.194623837083669,4.950056057915151,89.25851861528255,100.00000000000003,1005.3319311451759,1551.0483674319728,ok,-1.4819311451758495,5.053632568027297
164,2026-08-21,13:43:24.124,99,3,111.82,1250.11,20.08,24.6,0.0,0.0,0.0,100.0,1003.856,0.001410104,0.00567627,1556.071,0.009112238,0.04785156,22.60302,0.0009071778,1497.43,0.000371313,6.856114,2.384065e-05,100,1,1,1,Kennfeld_v2 (10) korrigiert.csv,C:\dev\masterarbeit\sim_par_ink_prop\laboratory_measurement_L-Com\measurement_data\Kennfeld_v2 (10) korrigiert.csv,165,2026-08-21 13:43:24.124000+00:00,Kennfeld_v2 (10) korrigiert.csv|Probe=3,6,4.134971388888889,0.2000033333333333,22.364,64.80799999999999,69.328,1250.11,0.0,1406.6099999999997,True,quality flags,1.4775085376428985,6.109455529992448,58.69854447000755,1400.5005444700073,1.5968576440977558,4.191254669752441,4.950230135486014,89.2616575506638,100.00000000000001,1005.3397989630392,1551.0105199552213,ok,-1.4837989630392485,5.060480044778615
165,2026-08-21,13:45:24.126,100,3,111.82,1250.11,20.08,24.6,0.0,0.0,0.0,100.0,1003.86,0.0009513599,0.004455566,1556.054,0.008300888,0.03564453,22.60345,0.001090889,1497.431,0.0005107953,6.85616,2.187016e-05,100,1,1,1,Kennfeld_v2 (10) korrigiert.csv,C:\dev\masterarbeit\sim_par_ink_prop\laboratory_measurement_L-Com\measurement_data\Kennfeld_v2 (10) korrigiert.csv,166,2026-08-21 13:45:24.126000+00:00,Kennfeld_v2 (10) korrigiert.csv|Probe=3,6,4.168305277777778,0.23333722222222222,22.364,64.80799999999999,69.328,1250.11,0.0,1406.6099999999997,True,quality flags,1.4775085376428985,6.15870663541862,58.649293364581375,1400.451293364581,1.5969138024265408,4.187885265447296,4.950404225300805,89.26479670682536,100.0,1005.3454914339268,1550.98183974494,ok,-1.485491433926768,5.072160255059998
166,2026-08-21,13:47:24.128,101,3,111.82,1250.11,20.08,24.6,0.0,0.0,0.0,100.0,1003.862,0.0006600536,0.002929688,1556.055,0.007404523,0.0369873,22.61215,0.003380334,1497.434,0.000740819,6.856159,1.926546e-05,100,1,1,1,Kennfeld_v2 (10) korrigiert.csv,C:\dev\masterarbeit\sim_par_ink_prop\laboratory_measurement_L-Com\measurement_data\Kennfeld_v2 (10) korrigiert.csv,167,2026-08-21 13:47:24.128000+00:00,Kennfeld_v2 (10) korrigiert.csv|Probe=3,6,4.201639166666666,0.2666711111111111,22.364,64.80799999999999,69.328,1250.11,0.0,1406.6099999999997,True,quality flags,1.4775085376428985,6.207957740844793,58.6000422591552,1400.4020422591548,1.5969699647054196,4.184515624143229,4.950578327360818,89.26793608379056,100.00000000000003,1005.3483689077991,1550.9650403117837,ok,-1.4863689077991467,5.089959688216368
