SeqNo,Date,UTC Time,Nr,ProbeNr,m_SL120,m_Wasser,m_IPA,m_PG,m_MG,m_vorher,m_nachher,Pumpe_pct,Rho_M,Rho_S,Rho_Sp,C_M,C_S,C_Sp,T_M,T_S,Per_M,Per_S,RunT_M,RunT_S,N,Stabil,SensOK,Gueltig,Source_File,Source_Path,Source_Row,Measurement_Time_UTC,Experiment_Key,Phase,Experiment_Elapsed_h,Phase_Elapsed_h,m_Al_nom_g,m_IPA_nom_g,m_PG_nom_g,m_Water_nom_g,m_MG_nom_g,m_Total_nom_g,Selected_For_Calibration,Selection_Method,IPA_Evaporation_Rate_g_h,IPA_Loss_g,m_IPA_eff_g,m_Total_eff_g,Al_wt_pct_eff,IPA_wt_pct_eff,PG_wt_pct_eff,MG_wt_pct_eff,Water_wt_pct_eff,Composition_Sum_wt_pct,Rho_Physics_kg_m3,C_Physics_m_s,Simulation_Status,A_Rho_kg_m3,A_C_m_s,A_Rho_Field_kg_m3,A_C_Field_m_s,Calibration_Distance,Calibration_Extrapolation,Calibration_Outside_Axes,Calibration_MG_Axis_Used,Rho_Hybrid_kg_m3,C_Hybrid_m_s
287,2026-08-28,10:11:02.995,8,5,90.53,909.5,0.0,0.0,0.0,0.0,0.0,100.0,1004.247,0.003263978,0.01312256,1545.125,0.01317991,0.06323242,24.95557,0.003110597,1498.007,0.001360134,6.885703,3.508912e-05,100,0,1,0,Kennfeld_v2 (13).csv,C:\Users\nikla\OneDrive\Documents\01_Uni\01_Master\00_Masterarbeit\sim_par_ink_prop\laboratory_measurement_L-Com\measurement_data\Kennfeld_v2 (13).csv,288,2026-08-28 10:11:02.995000+00:00,Kennfeld_v2 (13).csv|Probe=5,1,0.0,0.0,18.106,36.212,36.212,909.5,0.0,1000.03,True,evaluation,1.75,0.0,36.212,1000.03,1.8105456836294913,3.6210913672589826,3.6210913672589826,0.0,90.94727158185255,100.0,1005.5142643089725,1542.7560664661075,ok,-1.2672643089725852,2.3689335338924593,-1.2654059433377214,2.518152001748173,0.0383774046437719,True,PG,False,1004.2488583656349,1545.2742184678557
288,2026-08-28,10:13:02.997,9,5,90.53,909.5,0.0,0.0,0.0,0.0,0.0,100.0,1004.254,0.001395056,0.005981445,1545.125,0.01136028,0.05310059,24.96773,0.003027856,1498.012,0.0008076932,6.885708,3.031487e-05,100,1,1,1,Kennfeld_v2 (13).csv,C:\Users\nikla\OneDrive\Documents\01_Uni\01_Master\00_Masterarbeit\sim_par_ink_prop\laboratory_measurement_L-Com\measurement_data\Kennfeld_v2 (13).csv,289,2026-08-28 10:13:02.997000+00:00,Kennfeld_v2 (13).csv|Probe=5,1,0.033333888888888885,0.033333888888888885,18.106,36.212,36.212,909.5,0.0,1000.03,True,evaluation,1.75,0.05833430555555555,36.15366569444445,999.9716656944444,1.8106513035472895,3.6154690112481367,3.621302607094579,0.0,90.95257707811,100.0,1005.5206703175202,1542.7286949492595,ok,-1.266670317520152,2.396305050740466,-1.2645099980641317,2.517715535028055,0.03449452007461038,True,PG,False,1004.2561603194561,1545.2464104842875
289,2026-08-28,10:15:02.999,10,5,90.53,909.5,0.0,0.0,0.0,0.0,0.0,100.0,1004.257,0.001117127,0.005187988,1545.133,0.01245403,0.06982422,24.98028,0.003771347,1498.015,0.0009243626,6.885691,3.270728e-05,100,1,1,1,Kennfeld_v2 (13).csv,C:\Users\nikla\OneDrive\Documents\01_Uni\01_Master\00_Masterarbeit\sim_par_ink_prop\laboratory_measurement_L-Com\measurement_data\Kennfeld_v2 (13).csv,290,2026-08-28 10:15:02.999000+00:00,Kennfeld_v2 (13).csv|Probe=5,1,0.06666777777777777,0.06666777777777777,18.106,36.212,36.212,909.5,0.0,1000.03,True,evaluation,1.75,0.1166686111111111,36.095331388888894,999.9133313888889,1.8107569357886848,3.6098459992279675,3.6215138715773696,0.0,90.95788319340598,100.0,1005.5269585903728,1542.7019627343498,ok,-1.2699585903728803,2.431037265650275,-1.2637020806048207,2.517322807403764,0.03061123518343904,True,PG,False,1004.263256509768,1545.2192855417536
290,2026-08-28,10:17:03.001,11,5,90.53,909.5,0.0,0.0,0.0,0.0,0.0,100.0,1004.258,0.001036132,0.004882812,1545.173,0.02380729,0.09643555,24.99618,0.004499258,1498.019,0.001078029,6.885589,6.23744e-05,100,1,1,1,Kennfeld_v2 (13).csv,C:\Users\nikla\OneDrive\Documents\01_Uni\01_Master\00_Masterarbeit\sim_par_ink_prop\laboratory_measurement_L-Com\measurement_data\Kennfeld_v2 (13).csv,291,2026-08-28 10:17:03.001000+00:00,Kennfeld_v2 (13).csv|Probe=5,1,0.10000166666666666,0.10000166666666666,18.106,36.212,36.212,909.5,0.0,1000.03,True,evaluation,1.75,0.17500291666666665,36.03699708333334,999.8549970833333,1.8108625803558345,3.6042223310836565,3.621725160711669,0.0,90.96318992784884,100.0,1005.5322026984987,1542.680740713698,ok,-1.2742026984986978,2.4922592863019872,-1.2629842720632805,2.516974197225223,0.026727572897562522,True,PG,False,1004.2692184264355,1545.1977149109232
291,2026-08-28,10:19:03.003,12,5,90.53,909.5,0.0,0.0,0.0,0.0,0.0,100.0,1004.26,0.001331343,0.00769043,1545.201,0.01395706,0.07250977,25.01133,0.003429224,1498.022,0.0007736919,6.885518,3.703267e-05,100,1,1,1,Kennfeld_v2 (13).csv,C:\Users\nikla\OneDrive\Documents\01_Uni\01_Master\00_Masterarbeit\sim_par_ink_prop\laboratory_measurement_L-Com\measurement_data\Kennfeld_v2 (13).csv,292,2026-08-28 10:19:03.003000+00:00,Kennfeld_v2 (13).csv|Probe=5,1,0.13333555555555554,0.13333555555555554,18.106,36.212,36.212,909.5,0.0,1000.03,True,evaluation,1.75,0.2333372222222222,35.97866277777778,999.7966627777778,1.8109682372508955,3.5985980067003545,3.621936474501791,0.0,90.96849728154696,100.0,1005.5375433010192,1542.658278466669,ok,-1.27754330101925,2.5427215333311324,-1.262358543846571,2.5166701732283134,0.022843571797272266,False,,False,1004.2751847571727,1545.1749486398971
292,2026-08-28,10:21:03.005,13,5,90.53,909.5,0.0,0.0,0.0,0.0,0.0,100.0,1004.262,0.0007749931,0.004760742,1545.2,0.01173072,0.0501709,25.02415,0.00302171,1498.025,0.0006998827,6.885524,3.141189e-05,100,1,1,1,Kennfeld_v2 (13).csv,C:\Users\nikla\OneDrive\Documents\01_Uni\01_Master\00_Masterarbeit\sim_par_ink_prop\laboratory_measurement_L-Com\measurement_data\Kennfeld_v2 (13).csv,293,2026-08-28 10:21:03.005000+00:00,Kennfeld_v2 (13).csv|Probe=5,1,0.16666944444444445,0.16666944444444445,18.106,36.212,36.212,909.5,0.0,1000.03,True,evaluation,1.75,0.2916715277777778,35.920328472222224,999.7383284722222,1.8110739064760262,3.5929730259631905,3.6221478129520523,0.0,90.97380525460873,100.0,1005.5435981489262,1542.6319815680358,ok,-1.281598148926264,2.5680184319642194,-1.2618267534197491,2.5164113095625624,0.018959302154977882,False,,False,1004.2817713955064,1545.1483928775983
293,2026-08-28,10:23:03.007,14,5,90.53,909.5,0.0,0.0,0.0,0.0,0.0,100.0,1004.263,0.0009880165,0.004272461,1545.202,0.01263011,0.06188965,25.03624,0.003199688,1498.028,0.0007485321,6.885522,3.362369e-05,100,1,1,1,Kennfeld_v2 (13).csv,C:\Users\nikla\OneDrive\Documents\01_Uni\01_Master\00_Masterarbeit\sim_par_ink_prop\laboratory_measurement_L-Com\measurement_data\Kennfeld_v2 (13).csv,294,2026-08-28 10:23:03.007000+00:00,Kennfeld_v2 (13).csv|Probe=5,1,0.2000033333333333,0.2000033333333333,18.106,36.212,36.212,909.5,0.0,1000.03,True,evaluation,1.75,0.3500058333333333,35.86199416666667,999.6799941666667,1.811179588033385,3.5873473887572622,3.62235917606677,0.0,90.97911384714259,100.0,1005.5498943423131,1542.6044837121306,ok,-1.2868943423130759,2.597516287869439,-1.2613906402119623,2.5161983032726667,0.015074906775575925,False,,False,1004.2885037021011,1545.1206820154032
294,2026-08-28,10:25:03.009,15,5,90.53,909.5,0.0,0.0,0.0,0.0,0.0,100.0,1004.262,0.001029109,0.005432129,1545.206,0.01141117,0.05786133,25.05002,0.003411956,1498.031,0.000675977,6.885513,3.03345e-05,100,1,1,1,Kennfeld_v2 (13).csv,C:\Users\nikla\OneDrive\Documents\01_Uni\01_Master\00_Masterarbeit\sim_par_ink_prop\laboratory_measurement_L-Com\measurement_data\Kennfeld_v2 (13).csv,295,2026-08-28 10:25:03.009000+00:00,Kennfeld_v2 (13).csv|Probe=5,1,0.23333722222222222,0.23333722222222222,18.106,36.212,36.212,909.5,0.0,1000.03,True,evaluation,1.75,0.40834013888888887,35.803659861111115,999.6216598611111,1.811285281925131,3.581721094967643,3.622570563850262,0.0,90.98442305925697,100.0,1005.5556440928568,1542.5797642934501,ok,-1.29364409285688,2.626235706549778,-1.2610518215066935,2.516031994696917,0.011190726896866938,False,,False,1004.2945922713501,1545.095796288147
295,2026-08-28,10:27:03.011,16,5,90.53,909.5,0.0,0.0,0.0,0.0,0.0,100.0,1004.263,0.0009137811,0.004638672,1545.215,0.01215453,0.05969238,25.0636,0.003342895,1498.034,0.000656882,6.885495,3.243927e-05,100,1,1,1,Kennfeld_v2 (13).csv,C:\Users\nikla\OneDrive\Documents\01_Uni\01_Master\00_Masterarbeit\sim_par_ink_prop\laboratory_measurement_L-Com\measurement_data\Kennfeld_v2 (13).csv,296,2026-08-28 10:27:03.011000+00:00,Kennfeld_v2 (13).csv|Probe=5,1,0.2666711111111111,0.2666711111111111,18.106,36.212,36.212,909.5,0.0,1000.03,True,evaluation,1.75,0.4666744444444444,35.74532555555556,999.5633255555555,1.8113909881534238,3.5760941444793777,3.6227819763068476,0.0,90.98973289106036,100.0,1005.5614626783936,1542.5547147449715,ok,-1.2984626783935482,2.660285255028384,-1.2608117880916667,2.5159133913438816,0.007307829515385193,False,,False,1004.3006508903019,1545.0706281363155
296,2026-08-28,10:29:03.013,17,5,90.53,909.5,0.0,0.0,0.0,0.0,0.0,100.0,1004.265,0.0009237159,0.005004883,1545.203,0.01077309,0.05224609,25.0743,0.002720046,1498.036,0.0006616548,6.885529,2.874068e-05,100,1,1,1,Kennfeld_v2 (13).csv,C:\Users\nikla\OneDrive\Documents\01_Uni\01_Master\00_Masterarbeit\sim_par_ink_prop\laboratory_measurement_L-Com\measurement_data\Kennfeld_v2 (13).csv,297,2026-08-28 10:29:03.013000+00:00,Kennfeld_v2 (13).csv|Probe=5,1,0.300005,0.300005,18.106,36.212,36.212,909.5,0.0,1000.03,True,evaluation,1.75,0.52500875,35.686991250000005,999.50499125,1.8114967067204228,3.5704665371774857,3.6229934134408457,0.0,90.99504334266125,100.0,1005.568222376338,1542.524931260174,ok,-1.3032223763379989,2.6780687398259033,-1.2606718993752886,2.5158436959302515,0.003432113152271903,False,,False,1004.3075504769627,1545.0407749561043
297,2026-08-28,10:31:03.015,18,5,90.53,909.5,0.0,0.0,0.0,0.0,0.0,100.0,1004.264,0.0008123144,0.004455566,1545.211,0.01349023,0.06323242,25.08686,0.003406729,1498.039,0.0007367851,6.885511,3.557325e-05,100,1,1,1,Kennfeld_v2 (13).csv,C:\Users\nikla\OneDrive\Documents\01_Uni\01_Master\00_Masterarbeit\sim_par_ink_prop\laboratory_measurement_L-Com\measurement_data\Kennfeld_v2 (13).csv,298,2026-08-28 10:31:03.015000+00:00,Kennfeld_v2 (13).csv|Probe=5,1,0.3333388888888889,0.3333388888888889,18.106,36.212,36.212,909.5,0.0,1000.03,True,evaluation,1.75,0.5833430555555555,35.62865694444445,999.4466569444444,1.8116024376282893,3.564838272946959,3.6232048752565786,0.0,91.00035441416819,100.00000000000001,1005.5743803360946,1542.4982044410483,ok,-1.3103803360945676,2.7127955589517114,-1.2606333775942902,2.515824339413635,0.0006066570174958013,False,,False,1004.3137469585002,1545.014028780462
298,2026-08-28,10:33:03.017,19,5,90.53,909.5,0.0,0.0,0.0,0.0,0.0,100.0,1004.264,0.001330817,0.006103516,1545.218,0.01154376,0.05334473,25.09972,0.003459717,1498.041,0.0006237373,6.885496,3.07545e-05,100,1,1,1,Kennfeld_v2 (13).csv,C:\Users\nikla\OneDrive\Documents\01_Uni\01_Master\00_Masterarbeit\sim_par_ink_prop\laboratory_measurement_L-Com\measurement_data\Kennfeld_v2 (13).csv,299,2026-08-28 10:33:03.017000+00:00,Kennfeld_v2 (13).csv|Probe=5,1,0.36667277777777774,0.36667277777777774,18.106,36.212,36.212,909.5,0.0,1000.03,True,evaluation,1.75,0.6416773611111111,35.57032263888889,999.3883226388889,1.8117081808791837,3.559209351672762,3.6234163617583675,0.0,91.00566610568968,100.0,1005.5804443486935,1542.471969799494,ok,-1.3164443486934942,2.746030200506084,-1.2606973006389657,2.515857020042025,0.004379594836993164,False,,False,1004.3197470480545,1544.987826819536
299,2026-08-28,10:35:03.019,20,5,90.53,909.5,0.0,0.0,0.0,0.0,0.0,100.0,1004.264,0.0006981351,0.003112793,1545.222,0.01064679,0.0534668,25.11229,0.002675061,1498.044,0.0005662215,6.885489,2.823062e-05,100,1,1,1,Kennfeld_v2 (13).csv,C:\Users\nikla\OneDrive\Documents\01_Uni\01_Master\00_Masterarbeit\sim_par_ink_prop\laboratory_measurement_L-Com\measurement_data\Kennfeld_v2 (13).csv,300,2026-08-28 10:35:03.019000+00:00,Kennfeld_v2 (13).csv|Probe=5,1,0.4000066666666666,0.4000066666666666,18.106,36.212,36.212,909.5,0.0,1000.03,True,evaluation,1.75,0.7000116666666666,35.511988333333335,999.3299883333333,1.811813936475268,3.553579773239835,3.623627872950536,0.0,91.01097841733437,100.00000000000001,1005.5866064312722,1542.4452580093414,ok,-1.32260643127222,2.776741990658593,-1.2608645929056412,2.515943749676967,0.008260050941992076,False,,False,1004.3257418383666,1544.9612017590184
300,2026-08-28,10:37:03.021,21,5,90.53,909.5,0.0,0.0,0.0,0.0,0.0,100.0,1004.265,0.0008900638,0.004211426,1545.23,0.01118492,0.0534668,25.12297,0.003214425,1498.046,0.0008155794,6.885471,2.948482e-05,100,1,1,1,Kennfeld_v2 (13).csv,C:\Users\nikla\OneDrive\Documents\01_Uni\01_Master\00_Masterarbeit\sim_par_ink_prop\laboratory_measurement_L-Com\measurement_data\Kennfeld_v2 (13).csv,301,2026-08-28 10:37:03.021000+00:00,Kennfeld_v2 (13).csv|Probe=5,1,0.43334055555555556,0.43334055555555556,18.106,36.212,36.212,909.5,0.0,1000.03,True,evaluation,1.75,0.7583459722222222,35.45365402777778,999.2716540277778,1.8119197044187036,3.547949537533088,3.6238394088374073,0.0,91.0162913492108,100.0,1005.5933872291571,1542.4154421886096,ok,-1.3283872291571015,2.8145578113903866,-1.2611360134482037,2.516086908943006,0.01214583857152428,False,,False,1004.3322512157089,1544.9315290975526
301,2026-08-28,10:39:03.023,22,5,90.53,909.5,0.0,0.0,0.0,0.0,0.0,100.0,1004.265,0.00075728,0.003479004,1545.233,0.01201355,0.06311035,25.13546,0.003348095,1498.049,0.0006707419,6.885466,3.169859e-05,100,1,1,1,Kennfeld_v2 (13).csv,C:\Users\nikla\OneDrive\Documents\01_Uni\01_Master\00_Masterarbeit\sim_par_ink_prop\laboratory_measurement_L-Com\measurement_data\Kennfeld_v2 (13).csv,302,2026-08-28 10:39:03.023000+00:00,Kennfeld_v2 (13).csv|Probe=5,1,0.46667444444444445,0.46667444444444445,18.106,36.212,36.212,909.5,0.0,1000.03,True,evaluation,1.75,0.8166802777777777,35.395319722222226,999.2133197222222,1.8120254847116535,3.542318644437406,3.624050969423307,0.0,91.02160490142764,100.0,1005.5995826765534,1542.3885982410864,ok,-1.3345826765533957,2.844401758913591,-1.2615121405393699,2.516289313129134,0.01603341210578097,False,,False,1004.338070536014,1544.9048875542155
302,2026-08-28,10:53:56.908,23,5,90.53,909.5,0.0,0.0,2.39,0.0,0.0,100.0,1005.051,0.00152948,0.007568359,1545.469,0.0115975,0.05285645,25.08747,0.002813718,1498.228,0.001161256,6.884825,3.063132e-05,100,1,1,1,Kennfeld_v2 (13).csv,C:\Users\nikla\OneDrive\Documents\01_Uni\01_Master\00_Masterarbeit\sim_par_ink_prop\laboratory_measurement_L-Com\measurement_data\Kennfeld_v2 (13).csv,303,2026-08-28 10:53:56.908000+00:00,Kennfeld_v2 (13).csv|Probe=5,2,0.7149758333333334,0.0,18.106,36.212,36.212,909.5,2.39,1002.42,True,evaluation,1.75,1.2512077083333333,34.96079229166667,1001.1687922916666,1.8084862552053311,3.4919978090449386,3.6169725104106623,0.23872098475316145,90.84382244058591,100.0,1006.414926276934,1541.852705594773,ok,-1.3639262769339666,3.6162944052271087,-1.26946677783798,2.5215551278977917,0.051015736083488535,True,PG,False,1005.145459499096,1544.3742607226707
303,2026-08-28,10:55:56.910,24,5,90.53,909.5,0.0,0.0,2.39,0.0,0.0,100.0,1005.051,0.002276278,0.01049805,1545.493,0.01100849,0.05480957,25.10681,0.006021285,1498.233,0.001464985,6.884765,2.836717e-05,100,0,1,0,Kennfeld_v2 (13).csv,C:\Users\nikla\OneDrive\Documents\01_Uni\01_Master\00_Masterarbeit\sim_par_ink_prop\laboratory_measurement_L-Com\measurement_data\Kennfeld_v2 (13).csv,304,2026-08-28 10:55:56.910000+00:00,Kennfeld_v2 (13).csv|Probe=5,2,0.7483097222222223,0.033333888888888885,18.106,36.212,36.212,909.5,2.39,1002.42,True,evaluation,1.75,1.309542013888889,34.902457986111116,1001.1104579861111,1.8085916349753282,3.4863743263977907,3.6171832699506563,0.23873489492936228,90.84911587374687,100.0,1006.4189657088489,1541.8373615928738,ok,-1.3679657088488284,3.655638407126162,-1.2708240395877866,2.5226646105797785,0.054849438116192695,True,PG,False,1005.1481416692611,1544.3600262034536
304,2026-08-28,10:57:56.912,25,5,90.53,909.5,0.0,0.0,2.39,0.0,0.0,100.0,1005.049,0.002057339,0.009338379,1545.523,0.01292374,0.07592773,25.1318,0.005969288,1498.238,0.00130355,6.884694,3.348734e-05,100,1,1,1,Kennfeld_v2 (13).csv,C:\Users\nikla\OneDrive\Documents\01_Uni\01_Master\00_Masterarbeit\sim_par_ink_prop\laboratory_measurement_L-Com\measurement_data\Kennfeld_v2 (13).csv,305,2026-08-28 10:57:56.912000+00:00,Kennfeld_v2 (13).csv|Probe=5,2,0.7816436111111111,0.06666777777777777,18.106,36.212,36.212,909.5,2.39,1002.42,True,evaluation,1.75,1.3678763194444445,34.84412368055556,1001.0521236805555,1.8086970270269147,3.480750188356289,3.6173940540538294,0.23874880672673843,90.85440992383623,100.0,1006.4211732513735,1541.831324536899,ok,-1.3721732513735105,3.6916754631008644,-1.2722687718005696,2.5239321249746345,0.05869018179265158,True,PG,False,1005.1489044795729,1544.3552566618737
305,2026-08-28,10:59:56.914,26,5,90.53,909.5,0.0,0.0,2.39,0.0,0.0,100.0,1005.047,0.001772671,0.009155273,1545.552,0.01248956,0.05480957,25.15436,0.00506271,1498.242,0.00123683,6.88462,3.239745e-05,100,1,1,1,Kennfeld_v2 (13).csv,C:\Users\nikla\OneDrive\Documents\01_Uni\01_Master\00_Masterarbeit\sim_par_ink_prop\laboratory_measurement_L-Com\measurement_data\Kennfeld_v2 (13).csv,306,2026-08-28 10:59:56.914000+00:00,Kennfeld_v2 (13).csv|Probe=5,2,0.8149774999999999,0.10000166666666666,18.106,36.212,36.212,909.5,2.39,1002.42,True,evaluation,1.75,1.426210625,34.785789375,1000.993789375,1.8088024313622382,3.475125394805849,3.6176048627244763,0.23876272014557323,90.85970459096187,100.0,1006.4241743465296,1541.8212625263914,ok,-1.377174346529614,3.730737473608542,-1.2737952671033406,2.525380893815795,0.06253675414342867,True,PG,False,1005.1503790794263,1544.346643420207
306,2026-08-28,11:01:56.916,27,5,90.53,909.5,0.0,0.0,2.39,0.0,0.0,100.0,1005.043,0.001451048,0.00793457,1545.575,0.01015994,0.04736328,25.17431,0.00439227,1498.245,0.000859249,6.884567,2.668911e-05,100,1,1,1,Kennfeld_v2 (13).csv,C:\Users\nikla\OneDrive\Documents\01_Uni\01_Master\00_Masterarbeit\sim_par_ink_prop\laboratory_measurement_L-Com\measurement_data\Kennfeld_v2 (13).csv,307,2026-08-28 11:01:56.916000+00:00,Kennfeld_v2 (13).csv|Probe=5,2,0.8483113888888888,0.13333555555555554,18.106,36.212,36.212,909.5,2.39,1002.42,True,evaluation,1.75,1.4845449305555554,34.727455069444446,1000.9354550694444,1.8089078479834462,3.469499945631866,3.6178156959668923,0.23877663518615025,90.86499987523165,100.0,1006.4280273567745,1541.8068867596824,ok,-1.385027356774458,3.768113240317689,-1.2753964270027678,2.5270392384358558,0.06638822157773695,True,PG,False,1005.1526309297717,1544.3339259981183
307,2026-08-28,11:03:56.918,28,5,90.53,909.5,0.0,0.0,2.39,0.0,0.0,100.0,1005.04,0.002557887,0.01104736,1545.592,0.00973182,0.05578613,25.19112,0.003606149,1498.248,0.0005620472,6.884524,2.567186e-05,100,0,1,0,Kennfeld_v2 (13).csv,C:\Users\nikla\OneDrive\Documents\01_Uni\01_Master\00_Masterarbeit\sim_par_ink_prop\laboratory_measurement_L-Com\measurement_data\Kennfeld_v2 (13).csv,308,2026-08-28 11:03:56.918000+00:00,Kennfeld_v2 (13).csv|Probe=5,2,0.8816452777777777,0.16666944444444445,18.106,36.212,36.212,909.5,2.39,1002.42,True,evaluation,1.75,1.542879236111111,34.66912076388889,1000.8771207638888,1.809013276892687,3.4638738407197027,3.618026553785374,0.238790551848753,90.8702957767535,100.00000000000001,1006.4329043392448,1541.787331694762,ok,-1.3929043392448648,3.8046683052380104,-1.2770635369083592,2.528941871243671,0.0702438541204429,True,PG,False,1005.1558408023365,1544.3162735660057
308,2026-08-28,11:05:56.920,29,5,90.53,909.5,0.0,0.0,2.39,0.0,0.0,100.0,1005.039,0.002327606,0.009338379,1545.612,0.0112787,0.05822754,25.20688,0.004572446,1498.252,0.0008147956,6.884476,2.926938e-05,100,1,1,1,Kennfeld_v2 (13).csv,C:\Users\nikla\OneDrive\Documents\01_Uni\01_Master\00_Masterarbeit\sim_par_ink_prop\laboratory_measurement_L-Com\measurement_data\Kennfeld_v2 (13).csv,309,2026-08-28 11:05:56.920000+00:00,Kennfeld_v2 (13).csv|Probe=5,2,0.9149791666666667,0.2000033333333333,18.106,36.212,36.212,909.5,2.39,1002.42,True,evaluation,1.75,1.6012135416666666,34.61078645833334,1000.8187864583333,1.8091187180921091,3.4582470799546963,3.6182374361842182,0.2388044701336651,90.87559229563531,100.0,1006.4381262032726,1541.7660428935353,ok,-1.3991262032726581,3.845957106464766,-1.2787860367928128,2.5311315671887313,0.07410307295430074,True,PG,False,1005.1593401664799,1544.2971744607241
309,2026-08-28,11:07:56.922,30,5,90.53,909.5,0.0,0.0,2.39,0.0,0.0,100.0,1005.036,0.003631212,0.0201416,1545.63,0.01147116,0.05786133,25.22342,0.003493756,1498.255,0.0008684619,6.884433,3.031245e-05,100,0,1,0,Kennfeld_v2 (13).csv,C:\Users\nikla\OneDrive\Documents\01_Uni\01_Master\00_Masterarbeit\sim_par_ink_prop\laboratory_measurement_L-Com\measurement_data\Kennfeld_v2 (13).csv,310,2026-08-28 11:07:56.922000+00:00,Kennfeld_v2 (13).csv|Probe=5,2,0.9483130555555556,0.23333722222222222,18.106,36.212,36.212,909.5,2.39,1002.42,True,evaluation,1.75,1.6595478472222223,34.55245215277778,1000.7604521527777,1.8092241715838617,3.4526196632221584,3.6184483431677235,0.23881839004117028,90.8808894319851,100.00000000000001,1006.443098442964,1541.7460323228947,ok,-1.4070984429640703,3.8839676771053746,-1.2805513049825374,2.5336613401883734,0.07796541333717176,True,PG,False,1005.1625471379815,1544.2796936630832
310,2026-08-28,11:09:56.924,31,5,90.53,909.5,0.0,0.0,2.39,0.0,0.0,100.0,1005.034,0.002216371,0.01092529,1545.653,0.01238933,0.06188965,25.24018,0.004482643,1498.258,0.001020968,6.884377,3.23833e-05,100,0,1,0,Kennfeld_v2 (13).csv,C:\Users\nikla\OneDrive\Documents\01_Uni\01_Master\00_Masterarbeit\sim_par_ink_prop\laboratory_measurement_L-Com\measurement_data\Kennfeld_v2 (13).csv,311,2026-08-28 11:09:56.924000+00:00,Kennfeld_v2 (13).csv|Probe=5,2,0.9816469444444444,0.2666711111111111,18.106,36.212,36.212,909.5,2.39,1002.42,True,evaluation,1.75,1.717882152777778,34.49411784722223,1000.7021178472222,1.8093296373700944,3.446991590407373,3.618659274740189,0.23883231157155227,90.8861871859108,100.00000000000001,1006.4480029915062,1541.7263776312539,ok,-1.4140029915062087,3.926622368746166,-1.2823444806270277,2.536597296733617,0.08001514858167516,True,PG,False,1005.1656585108792,1544.2629749279874
311,2026-08-28,11:11:56.926,32,5,90.53,909.5,0.0,0.0,2.39,0.0,0.0,100.0,1005.033,0.002788489,0.01153564,1545.7,0.03013474,0.1097412,25.25892,0.005132464,1498.261,0.0009367566,6.884256,7.88761e-05,100,0,1,0,Kennfeld_v2 (13).csv,C:\Users\nikla\OneDrive\Documents\01_Uni\01_Master\00_Masterarbeit\sim_par_ink_prop\laboratory_measurement_L-Com\measurement_data\Kennfeld_v2 (13).csv,312,2026-08-28 11:11:56.926000+00:00,Kennfeld_v2 (13).csv|Probe=5,2,1.0149808333333334,0.300005,18.106,36.212,36.212,909.5,2.39,1002.42,True,evaluation,1.75,1.7762164583333335,34.43578354166667,1000.6437835416666,1.809435115452958,3.441362861395598,3.618870230905916,0.23884623472509495,90.89148555752044,100.0,1006.4522681905197,1541.709970559867,ok,-1.4192681905196878,3.9900294401329575,-1.284148359485229,2.5400224031757945,0.07612811874857314,True,PG,False,1005.1681198310345,1544.2499929630428
312,2026-08-28,11:13:56.928,33,5,90.53,909.5,0.0,0.0,2.39,0.0,0.0,100.0,1005.025,0.004053538,0.02032471,1545.768,0.01927193,0.09228516,25.27788,0.004381686,1498.263,0.0009962891,6.88408,5.054508e-05,100,0,1,0,Kennfeld_v2 (13).csv,C:\Users\nikla\OneDrive\Documents\01_Uni\01_Master\00_Masterarbeit\sim_par_ink_prop\laboratory_measurement_L-Com\measurement_data\Kennfeld_v2 (13).csv,313,2026-08-28 11:13:56.928000+00:00,Kennfeld_v2 (13).csv|Probe=5,2,1.0483147222222222,0.3333388888888889,18.106,36.212,36.212,909.5,2.39,1002.42,True,evaluation,1.75,1.834550763888889,34.37744923611111,1000.5854492361111,1.8095406058346022,3.4357334760720635,3.6190812116692044,0.23886015950208211,90.89678454692205,100.0,1006.4564657625003,1541.6939155076561,ok,-1.431465762500352,4.0740844923439,-1.2859434066511755,2.5440414924826524,0.07224068264663824,True,PG,False,1005.1705223558491,1544.2379570001387
313,2026-08-28,11:15:56.930,34,5,90.53,909.5,0.0,0.0,2.39,0.0,0.0,100.0,1005.022,0.004005397,0.01745605,1545.799,0.01775384,0.1195068,25.29475,0.003889924,1498.266,0.001168119,6.884003,4.721256e-05,100,0,1,0,Kennfeld_v2 (13).csv,C:\Users\nikla\OneDrive\Documents\01_Uni\01_Master\00_Masterarbeit\sim_par_ink_prop\laboratory_measurement_L-Com\measurement_data\Kennfeld_v2 (13).csv,314,2026-08-28 11:15:56.930000+00:00,Kennfeld_v2 (13).csv|Probe=5,2,1.081648611111111,0.36667277777777774,18.106,36.212,36.212,909.5,2.39,1002.42,True,evaluation,1.75,1.8928850694444441,34.31911493055556,1000.5271149305555,1.809646108517179,3.4301034343219747,3.619292217034358,0.23887408590279782,90.9020841542237,100.00000000000001,1006.4613459557847,1541.6744195870879,ok,-1.4393459557846882,4.12458041291211,-1.2877079367082185,2.5487879595727834,0.06835284822720587,True,PG,False,1005.1736380190765,1544.2232075466607
314,2026-08-28,11:17:56.932,35,5,90.53,909.5,0.0,0.0,2.39,0.0,0.0,100.0,1005.016,0.004883116,0.0223999,1545.821,0.01892981,0.1071777,25.31048,0.003929927,1498.267,0.001249208,6.88395,5.007778e-05,100,0,1,0,Kennfeld_v2 (13).csv,C:\Users\nikla\OneDrive\Documents\01_Uni\01_Master\00_Masterarbeit\sim_par_ink_prop\laboratory_measurement_L-Com\measurement_data\Kennfeld_v2 (13).csv,315,2026-08-28 11:17:56.932000+00:00,Kennfeld_v2 (13).csv|Probe=5,2,1.1149825,0.4000066666666666,18.106,36.212,36.212,909.5,2.39,1002.42,True,evaluation,1.75,1.951219375,34.260780625,1000.4687806249999,1.80975162350284,3.4244727360305087,3.61950324700568,0.23888801392752607,90.90738437953345,100.00000000000001,1006.4666001482315,1541.6530462160213,ok,-1.4506001482315014,4.167953783978646,-1.2894185135716323,2.5544327624252676,0.06446462538096777,True,PG,False,1005.1771816346599,1544.2074789784465
315,2026-08-28,11:19:56.934,36,5,90.53,909.5,0.0,0.0,2.39,0.0,0.0,100.0,1005.018,0.005439193,0.02557373,1545.839,0.01591908,0.08874512,25.32706,0.003882853,1498.271,0.001896607,6.883905,4.245298e-05,100,0,1,0,Kennfeld_v2 (13).csv,C:\Users\nikla\OneDrive\Documents\01_Uni\01_Master\00_Masterarbeit\sim_par_ink_prop\laboratory_measurement_L-Com\measurement_data\Kennfeld_v2 (13).csv,316,2026-08-28 11:19:56.934000+00:00,Kennfeld_v2 (13).csv|Probe=5,2,1.148316388888889,0.43334055555555556,18.106,36.212,36.212,909.5,2.39,1002.42,True,evaluation,1.75,2.009553680555556,34.20244631944445,1000.4104463194444,1.8098571507937367,3.418841381082815,3.6197143015874733,0.2389019435765509,90.91268522295942,100.0,1006.4715820316328,1541.63306202716,ok,-1.4535820316327772,4.205937972840047,-1.2910506152155106,2.561196569178974,0.060576026560976506,True,PG,False,1005.1805314164174,1544.1942585963388
316,2026-08-28,11:21:56.936,37,5,90.53,909.5,0.0,0.0,2.39,0.0,0.0,100.0,1005.018,0.005237775,0.0246582,1545.853,0.0215256,0.09802246,25.34261,0.003673527,1498.275,0.001448881,6.883872,5.678336e-05,100,0,1,0,Kennfeld_v2 (13).csv,C:\Users\nikla\OneDrive\Documents\01_Uni\01_Master\00_Masterarbeit\sim_par_ink_prop\laboratory_measurement_L-Com\measurement_data\Kennfeld_v2 (13).csv,317,2026-08-28 11:21:56.936000+00:00,Kennfeld_v2 (13).csv|Probe=5,2,1.1816502777777778,0.46667444444444445,18.106,36.212,36.212,909.5,2.39,1002.42,True,evaluation,1.75,2.0678879861111112,34.14411201388889,1000.3521120138888,1.8099626903920225,3.4132093693640186,3.619925380784045,0.2389158748501565,90.91798668460977,100.00000000000001,1006.476902145549,1541.6113824959423,ok,-1.4589021455490183,4.2416175040577855,-1.2925795888063596,2.569366171729323,0.056687067662270975,True,PG,False,1005.1843225567427,1544.1807486676717
