Model,RH_pct,Kind,Calibration_RH_pct,gas_transfer_ratio_kIPA_kW,lambda_empirical,lambda_dry_empirical,qWater_g_per_g_Al,qIPA_g_per_g_Al,Water_fraction_in_loss,critical_water_fraction_at_state,normalized_acoustic_balance,balance_before,balance_after,Mass_remaining_fraction,Al_pct,IPA_pct,PG_pct,MG_pct,Water_pct
empirical,40.0,turning,40.0,,3.4941348975500452,2.096480938530027,30.05303633581318,0.3378387464919991,0.9622055000784344,0.9622055000757784,7.02469193925026e-11,-8.22553135344517e-05,8.22671697098265e-05,0.608058698142015,2.983664428643268,1.0079974505256084,5.967328857286536,0.3728337756551901,89.6681754878894
empirical,40.0,fixed95,40.0,,3.4941348975500452,2.096480938530027,33.794198323618936,0.5090364479858642,0.9500000000000066,0.9617358270467772,-0.279263452954037,-0.27933213698784987,-0.2791947506157887,0.6790384141720901,2.6717827302678594,1.3600347908055255,5.343565460535719,0.3338615540987828,90.29075546429212
empirical,40.0,turning,45.0,,3.2029569894208754,1.9217741936525252,29.857779795267163,0.38370938791139225,0.9604653653564021,0.9604653653492444,1.9163515219133842e-10,-7.801417448938253e-05,7.80193844529542e-05,0.6053484747625273,2.9970226800111712,1.149985738103647,5.9940453600223425,0.3745030006678405,89.484443221195
empirical,40.0,fixed95,45.0,,3.2029569894208754,1.9217741936525252,33.38222488130705,0.5485428652594014,0.9499999999999936,0.9601567977382185,-0.24536556019572453,-0.24542838125250066,-0.24530272947882414,0.6722809568401132,2.698638254905889,1.4803187606447075,5.397276509811778,0.33721737607121244,90.08654909856642
empirical,40.0,turning,50.0,,2.911779081291705,1.7470674487750228,29.80902532573686,0.44373139666876804,0.958456488193514,0.9584564883891784,-5.280557768827521e-09,-7.245565974378643e-05,7.246435438190701e-05,0.6055528953164152,2.9960109549562657,1.329424125477673,5.992021909912531,0.3743765771771408,89.3081664324764
empirical,40.0,fixed95,50.0,,2.911779081291705,1.7470674487750228,32.995216791604015,0.5964018247848902,0.9500000000000001,0.9583201469206402,-0.20405184865179504,-0.20410888871256694,-0.20399480168150563,0.6661279671194368,2.7235654374622142,1.6243393968235225,5.4471308749244285,0.34033223560424203,89.8646320551856
henry,40.0,turning,,0.4,,,36.37289330330513,0.10361999037008231,0.9741377045234425,0.9741377043955439,2.7523874290835693e-09,-0.00012246458338394106,0.00012244520096160727,0.7184669699801668,2.5251586836671787,0.26165691848452277,5.050317367334357,0.3155396555732063,91.84732737494073
henry,40.0,fixed95,,0.4,,,39.482728035659974,0.22270425823897522,0.9499999999999988,0.973098030127386,-0.4732598176737366,-0.4734467118327803,-0.4730729478738306,0.7770474104102294,2.3347907526204414,0.5199678427055541,4.669581505240883,0.29175159354637303,92.18390830588675
henry,40.0,turning,,0.5,,,38.00333840185803,0.08196867453981804,0.9754416545154557,0.9754416543403773,3.625143407681719e-09,-0.00013763499968816317,0.00013761073828710835,0.7476544003079353,2.4265798575200455,0.19890353458593862,4.853159715040091,0.3032214083872099,92.21813548446673
henry,40.0,fixed95,,0.5,,,40.716428345617985,0.18341098477467913,0.9500000000088145,0.9745231956738306,-0.4901135106620047,-0.49034552649734836,-0.48988154631766173,0.7987168577533555,2.271447122421578,0.4166083535869528,4.542894244843156,0.2838362782099606,92.48521400093834
henry,40.0,turning,,0.6,,,39.25986201802572,0.06794957884755153,0.9762979027274807,0.9762979027184034,1.828480700183377e-10,-0.00015300429095149726,0.0001529717914938722,0.7701964529394045,2.3555588983168176,0.1600592350912302,4.711117796633635,0.29434674670736644,92.47891732325094
henry,40.0,fixed95,,0.6,,,41.658667504938784,0.15618824381572458,0.9500000000000066,0.9754878843466598,-0.5004057677591218,-0.5006820201471998,-0.5001295776819102,0.815317480062141,2.2251983460911307,0.34754982181762856,4.450396692182261,0.2780571075588717,92.69879803235011
empirical,45.0,turning,40.0,,3.811783524600049,2.096480938530027,30.362844825347896,0.2988660458500355,0.9638368805016937,0.9638368805243835,-5.908304956392385e-10,-8.58887496596461e-05,8.59007808187151e-05,0.612972317776469,2.959747211349697,0.8845679457717532,5.919494422699394,0.3698451197121414,89.86634530046702
empirical,45.0,fixed95,40.0,,3.811783524600049,2.096480938530027,34.24654575290848,0.4728625759638966,0.950000000000257,0.9632167438942575,-0.3095995658743418,-0.30967472388390005,-0.3095244126093324,0.6865888142528576,2.6424012021630654,1.2494926391849241,5.284802404326131,0.3301900869080805,90.49311366741779
empirical,45.0,turning,45.0,,3.4941348975500457,1.9217741936525252,30.053036402122295,0.33783874909655676,0.9622054998783095,0.9622054999424897,-1.6974619487797327e-09,-8.225342284029491e-05,8.225495913605219e-05,0.6080586993922765,2.983664422508398,1.0079974562241376,5.967328845016796,0.37283377488858693,89.66817550136209
empirical,45.0,fixed95,45.0,,3.4941348975500457,1.9217741936525252,33.794198323618936,0.5090364479858642,0.9500000000000066,0.9617358270467772,-0.279263452954037,-0.27933213698784964,-0.27919475381319847,0.6790384141720901,2.6717827302678594,1.3600347908055255,5.343565460535719,0.3338615540987828,90.29075546429212
empirical,45.0,turning,50.0,,3.176486270500041,1.7470674487750228,29.84611550892681,0.3884984028884172,0.9602943088667529,0.9602943088638998,7.645861721528036e-11,-7.756769122702067e-05,7.758365452548155e-05,0.6052237406256499,2.99764035412423,1.1645784900111327,5.99528070824846,0.3745801842041274,89.46792026341204
empirical,45.0,fixed95,50.0,,3.176486270500041,1.7470674487750228,33.34555101385996,0.5525064021299778,0.9500000000000061,0.960001195775681,-0.24194180750591876,-0.24200411031423907,-0.24187950369812117,0.6716875119219681,2.7010225379688624,1.4923322445251574,5.402045075937725,0.33751531214206043,90.0670848294262
henry,45.0,turning,,0.4,,,37.03700901309368,0.09428553058966742,0.9746986938607167,0.9746986939258212,-1.378633318616096e-09,-0.0001280450326087701,0.00012802544438050845,0.7303462936820514,2.4840861436113157,0.2342133800808337,4.9681722872226315,0.31040729885179724,92.00312089023343
henry,45.0,fixed95,,0.4,,,39.98878158736696,0.206178270269402,0.9499999999970646,0.9737042836616404,-0.480639577324935,-0.48084339377410146,-0.480435792055097,0.7859286304979449,2.3084069440554735,0.4759433508032338,4.616813888110947,0.28845471643478926,92.31038110059555
henry,45.0,turning,,0.5,,,38.62934842062731,0.0747702050223218,0.9758812757357288,0.9758812757332155,5.131634006616537e-11,-0.0001447397303040998,0.0001447107822297733,0.7588811461928173,2.3906814884982,0.1787517450380799,4.7813629769964,0.29873560752643286,92.35046818194088
henry,45.0,fixed95,,0.5,,,41.18752890441425,0.169628016944156,0.9499999999975995,0.9750154774675996,-0.495458429359736,-0.495711097065282,-0.49520581635604466,0.8070137106299164,2.2480945295927532,0.381339816957824,4.4961890591855065,0.28091817680682524,92.59345841745709
henry,45.0,turning,,0.6,,,39.845705988867415,0.06206386641720827,0.9766618491086339,0.976661849234036,-2.4952708788106293e-09,-0.0001615903582455891,0.0001615507748606304,0.7807183056729153,2.323812692735231,0.1442248005405324,4.647625385470462,0.2903797933274614,92.5939573279263
henry,45.0,fixed95,,0.6,,,42.098016453652434,0.1443266192776564,0.9500000000000083,0.9759042269529464,-0.5045397911576427,-0.5048404150527261,-0.504239242957377,0.8230731393793116,2.2042307315989014,0.3181291695995846,4.408461463197803,0.27543702910682705,92.7937416064969
empirical,50.0,turning,40.0,,4.192961877060054,2.096480938530027,30.80680528999675,0.26263616088989356,0.9654875761678217,0.9654875761473083,5.237608124986082e-10,-8.940222528752706e-05,8.93988185786121e-05,0.6203695417183872,2.9244554836591714,0.7680677609216416,5.848910967318343,0.36543512374947995,90.09313066435138
empirical,50.0,fixed95,40.0,,4.192961877060054,2.096480938530027,34.77506161628533,0.4365091919558443,0.9499999999999994,0.9647257566156839,-0.3390034980401134,-0.3390864599512011,-0.33892052327201705,0.6955178381158215,2.6084781852443975,1.138624704875479,5.216956370488795,0.32595112278128924,90.70998961661006
empirical,50.0,turning,45.0,,3.8435483873050504,1.9217741936525252,30.397509729004785,0.29546199181033184,0.9639863729600666,0.9639863729070787,1.3775420804051919e-09,-8.620330587516545e-05,8.620248736812552e-05,0.6135394655862052,2.9570112599684992,0.8736844366758718,5.9140225199369985,0.36950323974947924,89.88577854366916
empirical,50.0,fixed95,45.0,,3.8435483873050504,1.9217741936525252,34.29136129837513,0.46956830187158927,0.9500000000000013,0.963352818042457,-0.3123141273243064,-0.3123899344919726,-0.3122383273587952,0.6873421110571925,2.639505246351048,1.2394279963102126,5.279010492702096,0.32982821305619564,90.51222805158045
empirical,50.0,turning,50.0,,3.4941348975500457,1.7470674487750228,30.053036402122295,0.33783874909655676,0.9622054998783095,0.9622054999424897,-1.6974619487797327e-09,-8.225342284029491e-05,8.225495913605219e-05,0.6080586993922765,2.983664422508398,1.0079974562241376,5.967328845016796,0.37283377488858693,89.66817550136209
empirical,50.0,fixed95,50.0,,3.4941348975500457,1.7470674487750228,33.794198323618936,0.5090364479858642,0.9500000000000066,0.9617358270467772,-0.279263452954037,-0.27933213698784964,-0.27919475381319847,0.6790384141720901,2.6717827302678594,1.3600347908055255,5.343565460535719,0.3338615540987828,90.29075546429212
henry,50.0,turning,,0.4,,,37.750645743048366,0.0851182956419115,0.9752536310296419,0.9752536310305921,-1.9788948257826178e-11,-0.00013482849265056274,0.0001348067682540588,0.743127082944399,2.4413631932039364,0.2078046740484138,4.882726386407873,0.3050687095806318,92.16303703675915
henry,50.0,fixed95,,0.4,,,40.52902800284712,0.1893664481899137,0.949999999978561,0.9743137852521027,-0.48770563721090837,-0.4879296227969603,-0.4874816991792059,0.7954250065345124,2.280847463015669,0.43191598293425276,4.561694926031338,0.28501092923388066,92.44053069878487
henry,50.0,turning,,0.5,,,39.29466898401254,0.0676518233924603,0.9763187754668071,0.9763187754629875,7.688372161140933e-11,-0.00015333164247033348,0.00015329628613941493,0.7708225339131614,2.3536456555872456,0.15922842022021977,4.707291311174491,0.294107671058053,92.48572694196
henry,50.0,fixed95,,0.5,,,41.68707548052853,0.15561866877529645,0.9500000000000028,0.9755111653881297,-0.5005964297434983,-0.5008737561931687,-0.50031917229724,0.8158225363255327,2.2238207788973585,0.3460680292068498,4.447641557794717,0.27788496903915677,92.70458466506193
henry,50.0,turning,,0.6,,,40.464198494965196,0.05622136960368427,0.9770256197493643,0.9770256197299151,3.821693517203073e-10,-0.00017195852127993572,0.0001718923128760652,0.791833266243579,2.291193342735083,0.12881402775540993,4.582386685470166,0.28630373326413067,92.71130221077522
henry,50.0,fixed95,,0.6,,,42.56177510500974,0.1322820233789695,0.9500000000000055,0.9763239461161407,-0.5085256556354711,-0.5088554209628595,-0.5081959950253065,0.8312683304991204,2.1824999721619784,0.2887055123421311,4.364999944323957,0.272721589323806,92.89107298184813
