SeqNo,Date,UTC Time,Nr,ProbeNr,m_SL120,m_Wasser,m_IPA,m_PG,m_MG,m_vorher,m_nachher,Pumpe_pct,Rho_M,Rho_S,Rho_Sp,C_M,C_S,C_Sp,T_M,T_S,Per_M,Per_S,RunT_M,RunT_S,N,Stabil,SensOK,Gueltig
          1,2012-01-23,00:14:28.362,          1,          0,   0.000000E+0,   1.000000E+2,   0.000000E+0,   0.000000E+0,   0.000000E+0,   0.000000E+0,   0.000000E+0,   1.000000E+2,   9.970609E+2,   1.130288E-3,   5.249023E-3,   1.495739E+3,   1.202353E-2,   4.479980E-2,   2.464088E+1,   4.382846E-3,   1.496219E+3,   6.385954E-4,   7.021508E+0,   3.291966E-5,   100,1,1,1
          2,2012-01-23,00:14:58.458,          2,          0,   0.000000E+0,   1.000000E+2,   0.000000E+0,   0.000000E+0,   0.000000E+0,   0.000000E+0,   0.000000E+0,   1.000000E+2,   9.970598E+2,   1.170192E-3,   4.638672E-3,   1.495749E+3,   1.044954E-2,   4.321289E-2,   2.464495E+1,   3.775247E-3,   1.496220E+3,   5.380613E-4,   7.021479E+0,   2.872056E-5,   100,1,1,1
          3,2012-01-23,00:15:06.871,          3,          0,   0.000000E+0,   1.000000E+2,   0.000000E+0,   0.000000E+0,   0.000000E+0,   0.000000E+0,   0.000000E+0,   1.000000E+2,   9.970596E+2,   1.176809E-3,   4.638672E-3,   1.495752E+3,   1.034916E-2,   4.284668E-2,   2.464603E+1,   3.716595E-3,   1.496220E+3,   5.300458E-4,   7.021470E+0,   2.840971E-5,   100,1,1,1
          4,2026-08-20,09:18:06.037,          1,          0,   1.003600E+2,   1.006870E+3,   0.000000E+0,   0.000000E+0,   0.000000E+0,   0.000000E+0,   0.000000E+0,   1.000000E+2,   1.004935E+3,   6.024943E-4,   3.051758E-3,   1.543003E+3,   9.023429E-3,   4.394531E-2,   2.370149E+1,   3.078766E-3,   1.497912E+3,   8.050053E-4,   6.891023E+0,   2.394567E-5,   100,1,1,1
          5,2026-08-20,09:24:02.749,          2,          0,   1.003600E+2,   1.006870E+3,   0.000000E+0,   0.000000E+0,   0.000000E+0,   0.000000E+0,   0.000000E+0,   1.000000E+2,   1.004939E+3,   7.044451E-4,   2.929688E-3,   1.542997E+3,   7.206327E-3,   4.016113E-2,   2.373992E+1,   4.290980E-3,   1.497922E+3,   9.035594E-4,   6.891049E+0,   1.927731E-5,   100,1,1,1
          6,2026-08-20,09:26:07.117,          3,          0,   1.003600E+2,   1.006870E+3,   0.000000E+0,   0.000000E+0,   0.000000E+0,   0.000000E+0,   0.000000E+0,   1.000000E+2,   1.004940E+3,   7.123410E-4,   3.051758E-3,   1.542991E+3,   7.771788E-3,   3.881836E-2,   2.375398E+1,   3.282262E-3,   1.497925E+3,   8.760545E-4,   6.891068E+0,   2.086574E-5,   100,1,1,1
          7,2026-08-20,11:32:24.579,          1,          1,   1.003600E+2,   1.006870E+3,   0.000000E+0,   0.000000E+0,   0.000000E+0,   0.000000E+0,   0.000000E+0,   1.000000E+2,   1.005290E+3,   1.352826E-3,   4.943848E-3,   1.541424E+3,   1.041913E-2,   4.553223E-2,   2.372909E+1,   1.413905E-3,   1.498006E+3,   4.556416E-4,   6.895253E+0,   2.809287E-5,   100,1,1,1
          8,2026-08-20,11:42:02.944,          2,          1,   1.003600E+2,   1.006870E+3,   0.000000E+0,   0.000000E+0,   0.000000E+0,   0.000000E+0,   0.000000E+0,   1.000000E+2,   1.005355E+3,   4.100476E-3,   1.470947E-2,   1.541047E+3,   2.449650E-2,   9.643555E-2,   2.361622E+1,   8.507211E-3,   1.497996E+3,   8.300083E-4,   6.896232E+0,   6.335228E-5,   100,0,1,0
          9,2026-08-20,11:52:10.626,          3,          1,   1.003600E+2,   1.006870E+3,   0.000000E+0,   0.000000E+0,   0.000000E+0,   0.000000E+0,   0.000000E+0,   1.000000E+2,   1.005407E+3,   4.100963E-3,   1.440430E-2,   1.540782E+3,   2.505425E-2,   9.265137E-2,   2.354464E+1,   8.219684E-3,   1.497994E+3,   8.296818E-4,   6.896921E+0,   6.495976E-5,   100,0,1,0
         10,2026-08-20,11:52:25.555,          4,          1,   1.003600E+2,   1.006870E+3,   0.000000E+0,   0.000000E+0,   0.000000E+0,   0.000000E+0,   0.000000E+0,   1.000000E+2,   0.000000E+0,   0.000000E+0,   0.000000E+0,   0.000000E+0,   0.000000E+0,   0.000000E+0,   0.000000E+0,   0.000000E+0,   0.000000E+0,   0.000000E+0,   0.000000E+0,   0.000000E+0,     0,0,1,0
         11,2026-08-20,11:54:25.557,          5,          1,   1.003600E+2,   1.006870E+3,   0.000000E+0,   0.000000E+0,   0.000000E+0,   0.000000E+0,   0.000000E+0,   1.000000E+2,   1.005423E+3,   3.187256E-3,   1.092529E-2,   1.540691E+3,   1.515166E-2,   6.555176E-2,   2.351149E+1,   5.927483E-3,   1.497991E+3,   3.783404E-4,   6.897154E+0,   3.918599E-5,   100,0,1,0
         12,2026-08-20,11:56:25.559,          6,          1,   1.003600E+2,   1.006870E+3,   0.000000E+0,   0.000000E+0,   0.000000E+0,   0.000000E+0,   0.000000E+0,   1.000000E+2,   1.005436E+3,   3.810688E-3,   1.293945E-2,   1.540620E+3,   2.488237E-2,   1.016846E-1,   2.348755E+1,   8.073735E-3,   1.497989E+3,   1.009231E-3,   6.897338E+0,   6.460313E-5,   100,0,1,0
         13,2026-08-20,12:06:08.289,          7,          1,   1.003600E+2,   1.006870E+3,   4.015000E+1,   0.000000E+0,   0.000000E+0,   0.000000E+0,   0.000000E+0,   1.000000E+2,   9.990446E+2,   3.992499E-2,   1.965332E-1,   1.572356E+3,   1.521285E-1,   6.082764E-1,   2.434576E+1,   2.937690E-2,   1.496648E+3,   1.245824E-2,   6.814262E+0,   3.936504E-4,   100,0,1,0
         14,2026-08-20,12:08:08.291,          8,          1,   1.003600E+2,   1.006870E+3,   4.015000E+1,   0.000000E+0,   0.000000E+0,   0.000000E+0,   0.000000E+0,   1.000000E+2,   9.990505E+2,   4.014613E-2,   1.531982E-1,   1.571906E+3,   1.086098E-1,   4.274902E-1,   2.434135E+1,   1.313539E-2,   1.496635E+3,   9.172156E-3,   6.815417E+0,   2.764152E-4,   100,0,1,0
         15,2026-08-20,12:10:08.293,          9,          1,   1.003600E+2,   1.006870E+3,   4.015000E+1,   0.000000E+0,   0.000000E+0,   0.000000E+0,   0.000000E+0,   1.000000E+2,   9.990530E+2,   8.086706E-2,   3.322754E-1,   1.571665E+3,   1.730756E-1,   1.010498E+0,   2.429788E+1,   8.551191E-3,   1.496625E+3,   1.765049E-2,   6.816027E+0,   4.439820E-4,   100,0,1,0
         16,2026-08-20,12:12:08.294,         10,          1,   1.003600E+2,   1.006870E+3,   4.015000E+1,   0.000000E+0,   0.000000E+0,   0.000000E+0,   0.000000E+0,   1.000000E+2,   9.992921E+2,   6.010251E-2,   2.545776E-1,   1.571253E+3,   8.578891E-2,   3.741455E-1,   2.424398E+1,   1.634290E-2,   1.496669E+3,   1.277461E-2,   6.817075E+0,   2.167475E-4,   100,0,1,0
         17,2026-08-20,12:14:08.296,         11,          1,   1.003600E+2,   1.006870E+3,   4.015000E+1,   0.000000E+0,   0.000000E+0,   0.000000E+0,   0.000000E+0,   1.000000E+2,   9.994417E+2,   4.398330E-2,   2.298584E-1,   1.570984E+3,   6.117566E-2,   2.178955E-1,   2.416846E+1,   1.834950E-2,   1.496688E+3,   1.092934E-2,   6.817746E+0,   1.529526E-4,   100,0,1,0
         18,2026-08-20,12:16:08.298,         12,          1,   1.003600E+2,   1.006870E+3,   4.015000E+1,   0.000000E+0,   0.000000E+0,   0.000000E+0,   0.000000E+0,   1.000000E+2,   9.994970E+2,   7.472640E-2,   3.393555E-1,   1.570849E+3,   3.224536E-2,   1.621094E-1,   2.410360E+1,   1.423024E-2,   1.496687E+3,   1.634002E-2,   6.818077E+0,   7.983372E-5,   100,0,1,0
         19,2026-08-20,12:18:08.300,         13,          1,   1.003600E+2,   1.006870E+3,   4.015000E+1,   0.000000E+0,   0.000000E+0,   0.000000E+0,   0.000000E+0,   1.000000E+2,   9.995633E+2,   1.306258E-2,   4.284668E-2,   1.570704E+3,   4.945930E-2,   2.075195E-1,   2.403886E+1,   2.076840E-2,   1.496689E+3,   2.124380E-3,   6.818432E+0,   1.221448E-4,   100,0,1,0
         20,2026-08-20,12:20:08.302,         14,          1,   1.003600E+2,   1.006870E+3,   4.015000E+1,   0.000000E+0,   0.000000E+0,   0.000000E+0,   0.000000E+0,   1.000000E+2,   9.996129E+2,   9.706391E-3,   3.479004E-2,   1.570538E+3,   3.119711E-2,   1.301270E-1,   2.394936E+1,   1.781276E-2,   1.496681E+3,   9.501228E-4,   6.818836E+0,   7.606436E-5,   100,0,1,0
         21,2026-08-20,12:22:08.304,         15,          1,   1.003600E+2,   1.006870E+3,   4.015000E+1,   0.000000E+0,   0.000000E+0,   0.000000E+0,   0.000000E+0,   1.000000E+2,   9.996426E+2,   7.244701E-3,   2.783203E-2,   1.570443E+3,   2.649933E-2,   9.753418E-2,   2.389672E+1,   1.020618E-2,   1.496679E+3,   7.543010E-4,   6.819066E+0,   6.589015E-5,   100,0,1,0
         22,2026-08-20,12:24:08.306,         16,          1,   1.003600E+2,   1.006870E+3,   4.015000E+1,   0.000000E+0,   0.000000E+0,   0.000000E+0,   0.000000E+0,   1.000000E+2,   9.996674E+2,   7.222514E-3,   2.850342E-2,   1.570347E+3,   3.095584E-2,   1.275635E-1,   2.385612E+1,   1.159485E-2,   1.496677E+3,   1.201592E-3,   6.819304E+0,   7.697795E-5,   100,0,1,0
         23,2026-08-20,12:26:08.308,         17,          1,   1.003600E+2,   1.006870E+3,   4.015000E+1,   0.000000E+0,   0.000000E+0,   0.000000E+0,   0.000000E+0,   1.000000E+2,   9.996983E+2,   7.676615E-3,   3.082275E-2,   1.570217E+3,   3.773323E-2,   1.420898E-1,   2.380157E+1,   1.671878E-2,   1.496672E+3,   2.357753E-3,   6.819623E+0,   9.304310E-5,   100,0,1,0
         24,2026-08-20,12:28:08.310,         18,          1,   1.003600E+2,   1.006870E+3,   4.015000E+1,   0.000000E+0,   0.000000E+0,   0.000000E+0,   0.000000E+0,   1.000000E+2,   9.997319E+2,   9.771835E-3,   3.417969E-2,   1.570082E+3,   2.867530E-2,   1.235352E-1,   2.373520E+1,   1.390105E-2,   1.496666E+3,   6.920407E-4,   6.819954E+0,   7.056820E-5,   100,0,1,0
         25,2026-08-20,12:30:08.312,         19,          1,   1.003600E+2,   1.006870E+3,   4.015000E+1,   0.000000E+0,   0.000000E+0,   0.000000E+0,   0.000000E+0,   1.000000E+2,   9.997532E+2,   6.247028E-3,   2.679443E-2,   1.570002E+3,   2.168832E-2,   9.948730E-2,   2.369327E+1,   7.533138E-3,   1.496664E+3,   6.807474E-4,   6.820149E+0,   5.427905E-5,   100,0,1,0
         26,2026-08-20,12:32:08.314,         20,          1,   1.003600E+2,   1.006870E+3,   4.015000E+1,   0.000000E+0,   0.000000E+0,   0.000000E+0,   0.000000E+0,   1.000000E+2,   9.997723E+2,   4.955480E-3,   1.947021E-2,   1.569930E+3,   2.063340E-2,   9.436035E-2,   2.366834E+1,   7.561989E-3,   1.496664E+3,   1.018140E-3,   6.820327E+0,   5.149590E-5,   100,0,1,0
         27,2026-08-20,12:34:08.316,         21,          1,   1.003600E+2,   1.006870E+3,   4.015000E+1,   0.000000E+0,   0.000000E+0,   0.000000E+0,   0.000000E+0,   1.000000E+2,   9.997943E+2,   6.920050E-3,   2.514648E-2,   1.569840E+3,   2.849143E-2,   1.147461E-1,   2.363219E+1,   1.081243E-2,   1.496662E+3,   9.888647E-4,   6.820550E+0,   7.086881E-5,   100,0,1,0
         28,2026-08-20,12:36:08.318,         22,          1,   1.003600E+2,   1.006870E+3,   4.015000E+1,   0.000000E+0,   0.000000E+0,   0.000000E+0,   0.000000E+0,   1.000000E+2,   9.998218E+2,   5.795586E-3,   2.185059E-2,   1.569718E+3,   3.243058E-2,   1.423340E-1,   2.358170E+1,   1.117660E-2,   1.496658E+3,   9.195374E-4,   6.820851E+0,   8.087698E-5,   100,0,1,0
         29,2026-08-20,12:38:08.320,         23,          1,   1.003600E+2,   1.006870E+3,   4.015000E+1,   0.000000E+0,   0.000000E+0,   0.000000E+0,   0.000000E+0,   1.000000E+2,   9.998414E+2,   4.286509E-3,   1.666260E-2,   1.569636E+3,   2.060358E-2,   8.862305E-2,   2.355308E+1,   4.808293E-3,   1.496657E+3,   5.371023E-4,   6.821056E+0,   5.214670E-5,   100,0,1,0
         30,2026-08-20,12:40:08.322,         24,          1,   1.003600E+2,   1.006870E+3,   4.015000E+1,   0.000000E+0,   0.000000E+0,   0.000000E+0,   0.000000E+0,   1.000000E+2,   9.998548E+2,   4.230333E-3,   1.507568E-2,   1.569584E+3,   1.587295E-2,   7.360840E-2,   2.353590E+1,   2.980403E-3,   1.496658E+3,   6.875752E-4,   6.821184E+0,   4.044098E-5,   100,0,1,0
         31,2026-08-20,12:42:08.324,         25,          1,   1.003600E+2,   1.006870E+3,   4.015000E+1,   0.000000E+0,   0.000000E+0,   0.000000E+0,   0.000000E+0,   1.000000E+2,   9.998683E+2,   3.168878E-3,   1.544189E-2,   1.569543E+3,   1.757186E-2,   8.532715E-2,   2.352662E+1,   2.112462E-3,   1.496660E+3,   5.494000E-4,   6.821287E+0,   4.495537E-5,   100,0,1,0
         32,2026-08-20,12:44:08.326,         26,          1,   1.003600E+2,   1.006870E+3,   4.015000E+1,   0.000000E+0,   0.000000E+0,   0.000000E+0,   0.000000E+0,   1.000000E+2,   9.998849E+2,   6.518508E-3,   2.429199E-2,   1.569457E+3,   2.954062E-2,   1.210938E-1,   2.350247E+1,   9.810190E-3,   1.496657E+3,   9.992180E-4,   6.821502E+0,   7.385007E-5,   100,0,1,0
         33,2026-08-20,12:46:08.328,         27,          1,   1.003600E+2,   1.006870E+3,   4.015000E+1,   0.000000E+0,   0.000000E+0,   0.000000E+0,   0.000000E+0,   1.000000E+2,   9.999072E+2,   5.573285E-3,   2.160645E-2,   1.569363E+3,   2.223880E-2,   9.960938E-2,   2.346238E+1,   9.793876E-3,   1.496654E+3,   7.916424E-4,   6.821734E+0,   5.515276E-5,   100,0,1,0
         34,2026-08-20,12:48:08.330,         28,          1,   1.003600E+2,   1.006870E+3,   4.015000E+1,   0.000000E+0,   0.000000E+0,   0.000000E+0,   0.000000E+0,   1.000000E+2,   9.999246E+2,   4.986864E-3,   2.026367E-2,   1.569288E+3,   2.017396E-2,   9.277344E-2,   2.343185E+1,   4.554083E-3,   1.496653E+3,   7.216763E-4,   6.821920E+0,   5.106805E-5,   100,0,1,0
         35,2026-08-20,12:50:08.332,         29,          1,   1.003600E+2,   1.006870E+3,   4.015000E+1,   0.000000E+0,   0.000000E+0,   0.000000E+0,   0.000000E+0,   1.000000E+2,   9.999367E+2,   3.897404E-3,   1.739502E-2,   1.569235E+3,   1.784813E-2,   7.678223E-2,   2.342257E+1,   1.209742E-3,   1.496655E+3,   8.996136E-4,   6.822054E+0,   4.584490E-5,   100,0,1,0
         36,2026-08-20,12:52:08.334,         30,          1,   1.003600E+2,   1.006870E+3,   4.015000E+1,   0.000000E+0,   0.000000E+0,   0.000000E+0,   0.000000E+0,   1.000000E+2,   9.999444E+2,   4.208553E-3,   2.056885E-2,   1.569203E+3,   1.578968E-2,   8.142090E-2,   2.342268E+1,   4.485385E-4,   1.496657E+3,   9.609093E-4,   6.822137E+0,   4.079160E-5,   100,0,1,0
         37,2026-08-20,12:54:08.337,         31,          1,   1.003600E+2,   1.006870E+3,   4.015000E+1,   0.000000E+0,   0.000000E+0,   0.000000E+0,   0.000000E+0,   1.000000E+2,   9.999578E+2,   5.170687E-3,   2.026367E-2,   1.569136E+3,   2.707226E-2,   1.326904E-1,   2.340995E+1,   7.647671E-3,   1.496656E+3,   9.568909E-4,   6.822307E+0,   6.806207E-5,   100,0,1,0
         38,2026-08-20,12:56:08.338,         32,          1,   1.003600E+2,   1.006870E+3,   4.015000E+1,   0.000000E+0,   0.000000E+0,   0.000000E+0,   0.000000E+0,   1.000000E+2,   9.999822E+2,   2.468955E-2,   1.763916E-1,   1.569047E+3,   2.317691E-2,   1.210938E-1,   2.337662E+1,   7.808542E-3,   1.496656E+3,   6.197628E-3,   6.822529E+0,   5.811934E-5,   100,0,1,0
         39,2026-08-20,12:58:08.341,         33,          1,   1.003600E+2,   1.006870E+3,   4.015000E+1,   0.000000E+0,   0.000000E+0,   0.000000E+0,   0.000000E+0,   1.000000E+2,   9.999893E+2,   3.698215E-3,   1.458740E-2,   1.569001E+3,   1.524501E-2,   6.188965E-2,   2.336062E+1,   1.248304E-3,   1.496655E+3,   1.011335E-3,   6.822643E+0,   3.925327E-5,   100,0,1,0
         40,2026-08-20,13:00:08.343,         34,          1,   1.003600E+2,   1.006870E+3,   4.015000E+1,   0.000000E+0,   0.000000E+0,   0.000000E+0,   0.000000E+0,   1.000000E+2,   1.000000E+3,   4.723930E-3,   1.910400E-2,   1.568945E+3,   2.137921E-2,   8.996582E-2,   2.335149E+1,   3.842897E-3,   1.496656E+3,   5.711076E-4,   6.822785E+0,   5.438524E-5,   100,0,1,0
         41,2026-08-20,13:02:08.345,         35,          1,   1.003600E+2,   1.006870E+3,   4.015000E+1,   0.000000E+0,   0.000000E+0,   0.000000E+0,   0.000000E+0,   1.000000E+2,   1.000003E+3,   5.454220E-2,   2.760620E-1,   1.568866E+3,   2.365280E-2,   9.704590E-2,   2.333087E+1,   5.022744E-3,   1.496652E+3,   1.262699E-2,   6.822983E+0,   5.994344E-5,   100,0,1,0
         42,2026-08-20,13:04:08.347,         36,          1,   1.003600E+2,   1.006870E+3,   4.015000E+1,   0.000000E+0,   0.000000E+0,   0.000000E+0,   0.000000E+0,   1.000000E+2,   1.000029E+3,   3.614980E-3,   1.507568E-2,   1.568816E+3,   1.942440E-2,   8.544922E-2,   2.331740E+1,   3.116159E-3,   1.496656E+3,   5.413466E-4,   6.823109E+0,   4.957198E-5,   100,0,1,0
         43,2026-08-20,13:06:08.349,         37,          1,   1.003600E+2,   1.006870E+3,   4.015000E+1,   0.000000E+0,   0.000000E+0,   0.000000E+0,   0.000000E+0,   1.000000E+2,   1.000026E+3,   5.325732E-2,   2.702026E-1,   1.568737E+3,   2.270034E-2,   1.134033E-1,   2.330027E+1,   5.608495E-3,   1.496651E+3,   1.271150E-2,   6.823307E+0,   5.746847E-5,   100,0,1,0
         44,2026-08-20,13:08:08.351,         38,          1,   1.003600E+2,   1.006870E+3,   4.015000E+1,   0.000000E+0,   0.000000E+0,   0.000000E+0,   0.000000E+0,   1.000000E+2,   1.000055E+3,   3.963102E-3,   1.654053E-2,   1.568671E+3,   1.676338E-2,   7.714844E-2,   2.328284E+1,   2.213361E-3,   1.496655E+3,   7.739983E-4,   6.823474E+0,   4.291898E-5,   100,0,1,0
         45,2026-08-20,13:10:08.353,         39,          1,   1.003600E+2,   1.006870E+3,   4.015000E+1,   0.000000E+0,   0.000000E+0,   0.000000E+0,   0.000000E+0,   1.000000E+2,   1.000060E+3,   1.939000E-2,   9.277344E-2,   1.568642E+3,   1.565790E-2,   7.482910E-2,   2.327919E+1,   1.012985E-3,   1.496656E+3,   4.574265E-3,   6.823549E+0,   4.030803E-5,   100,0,1,0
         46,2026-08-20,13:51:26.368,         40,          1,   1.340700E+2,   1.006870E+3,   4.015000E+1,   0.000000E+0,   0.000000E+0,   0.000000E+0,   0.000000E+0,   1.000000E+2,   1.002841E+3,   3.577762E-2,   1.132813E-1,   1.582289E+3,   9.434862E-2,   3.940430E-1,   2.338694E+1,   2.178219E-2,   1.497337E+3,   8.213050E-3,   6.788614E+0,   2.342117E-4,   100,0,1,0
         47,2026-08-20,13:53:26.371,         41,          1,   1.340700E+2,   1.006870E+3,   4.015000E+1,   0.000000E+0,   0.000000E+0,   0.000000E+0,   0.000000E+0,   1.000000E+2,   1.002914E+3,   1.034712E-2,   3.564453E-2,   1.582066E+3,   4.723563E-2,   2.237549E-1,   2.335431E+1,   2.472313E-3,   1.497355E+3,   2.684205E-3,   6.789171E+0,   1.195288E-4,   100,0,1,0
         48,2026-08-20,13:55:26.374,         42,          1,   1.340700E+2,   1.006870E+3,   4.015000E+1,   0.000000E+0,   0.000000E+0,   0.000000E+0,   0.000000E+0,   1.000000E+2,   1.002957E+3,   9.560112E-3,   3.381348E-2,   1.581910E+3,   5.579991E-2,   2.529297E-1,   2.334565E+1,   2.452479E-3,   1.497365E+3,   1.964119E-3,   6.789564E+0,   1.412124E-4,   100,0,1,0
         49,2026-08-20,13:57:26.376,         43,          1,   1.340700E+2,   1.006870E+3,   4.015000E+1,   0.000000E+0,   0.000000E+0,   0.000000E+0,   0.000000E+0,   1.000000E+2,   1.002990E+3,   6.879420E-3,   2.667236E-2,   1.581722E+3,   4.926684E-2,   2.089844E-1,   2.333400E+1,   2.833845E-3,   1.497371E+3,   1.086036E-3,   6.790039E+0,   1.245903E-4,   100,0,1,0
         50,2026-08-20,13:59:26.378,         44,          1,   1.340700E+2,   1.006870E+3,   4.015000E+1,   0.000000E+0,   0.000000E+0,   0.000000E+0,   0.000000E+0,   1.000000E+2,   1.003018E+3,   6.613144E-3,   2.380371E-2,   1.581640E+3,   8.980338E-2,   4.455566E-1,   2.332580E+1,   2.240945E-3,   1.497375E+3,   1.102637E-3,   6.790246E+0,   2.280649E-4,   100,0,1,0
         51,2026-08-20,14:01:26.380,         45,          1,   1.340700E+2,   1.006870E+3,   4.015000E+1,   0.000000E+0,   0.000000E+0,   0.000000E+0,   0.000000E+0,   1.000000E+2,   1.003043E+3,   6.476902E-3,   2.575684E-2,   1.581381E+3,   4.020364E-2,   1.555176E-1,   2.331995E+1,   6.970424E-4,   1.497381E+3,   1.721957E-3,   6.790902E+0,   1.023834E-4,   100,0,1,0
         52,2026-08-20,14:03:26.382,         46,          1,   1.340700E+2,   1.006870E+3,   4.015000E+1,   0.000000E+0,   0.000000E+0,   0.000000E+0,   0.000000E+0,   1.000000E+2,   1.003064E+3,   5.211715E-3,   2.014160E-2,   1.581299E+3,   3.322829E-2,   1.541748E-1,   2.331927E+1,   8.170324E-4,   1.497386E+3,   1.412360E-3,   6.791111E+0,   8.537100E-5,   100,0,1,0
         53,2026-08-20,14:05:26.384,         47,          1,   1.340700E+2,   1.006870E+3,   4.015000E+1,   0.000000E+0,   0.000000E+0,   0.000000E+0,   0.000000E+0,   1.000000E+2,   1.003080E+3,   3.018112E-3,   1.525879E-2,   1.581192E+3,   3.490950E-2,   1.682129E-1,   2.332435E+1,   1.623328E-3,   1.497391E+3,   9.670923E-4,   6.791383E+0,   8.914017E-5,   100,0,1,0
         54,2026-08-20,14:07:26.386,         48,          1,   1.340700E+2,   1.006870E+3,   4.015000E+1,   0.000000E+0,   0.000000E+0,   0.000000E+0,   0.000000E+0,   1.000000E+2,   1.003095E+3,   5.158191E-3,   2.105713E-2,   1.581121E+3,   2.851428E-2,   1.340332E-1,   2.333078E+1,   1.730047E-3,   1.497396E+3,   1.524310E-3,   6.791567E+0,   7.260672E-5,   100,0,1,0
         55,2026-08-20,14:09:26.387,         49,          1,   1.340700E+2,   1.006870E+3,   4.015000E+1,   0.000000E+0,   0.000000E+0,   0.000000E+0,   0.000000E+0,   1.000000E+2,   1.003104E+3,   2.209418E-3,   1.031494E-2,   1.581057E+3,   2.336242E-2,   1.243896E-1,   2.334195E+1,   3.600268E-3,   1.497401E+3,   1.061501E-3,   6.791732E+0,   5.996830E-5,   100,0,1,0
         56,2026-08-20,14:11:26.390,         50,          1,   1.340700E+2,   1.006870E+3,   4.015000E+1,   0.000000E+0,   0.000000E+0,   0.000000E+0,   0.000000E+0,   1.000000E+2,   1.003113E+3,   3.391277E-3,   1.660156E-2,   1.580986E+3,   2.513548E-2,   1.140137E-1,   2.335584E+1,   3.153461E-3,   1.497405E+3,   1.107311E-3,   6.791917E+0,   6.448348E-5,   100,0,1,0
         57,2026-08-20,14:13:26.392,         51,          1,   1.340700E+2,   1.006870E+3,   4.015000E+1,   0.000000E+0,   0.000000E+0,   0.000000E+0,   0.000000E+0,   1.000000E+2,   1.003128E+3,   3.902405E-3,   1.611328E-2,   1.580921E+3,   2.063276E-2,   8.959961E-2,   2.336595E+1,   2.112702E-3,   1.497411E+3,   1.410080E-3,   6.792085E+0,   5.283386E-5,   100,0,1,0
         58,2026-08-20,14:15:26.394,         52,          1,   1.340700E+2,   1.006870E+3,   4.015000E+1,   0.000000E+0,   0.000000E+0,   0.000000E+0,   0.000000E+0,   1.000000E+2,   1.003137E+3,   3.677064E-3,   1.739502E-2,   1.580852E+3,   2.621797E-2,   1.219482E-1,   2.337380E+1,   1.850127E-3,   1.497415E+3,   1.060560E-3,   6.792264E+0,   6.713006E-5,   100,0,1,0
         59,2026-08-20,14:17:26.397,         53,          1,   1.340700E+2,   1.006870E+3,   4.015000E+1,   0.000000E+0,   0.000000E+0,   0.000000E+0,   0.000000E+0,   1.000000E+2,   1.003145E+3,   3.539908E-3,   1.312256E-2,   1.580789E+3,   2.448124E-2,   1.265869E-1,   2.338000E+1,   2.121711E-3,   1.497418E+3,   1.164725E-3,   6.792425E+0,   6.270689E-5,   100,0,1,0
         60,2026-08-20,14:19:26.399,         54,          1,   1.340700E+2,   1.006870E+3,   4.015000E+1,   0.000000E+0,   0.000000E+0,   0.000000E+0,   0.000000E+0,   1.000000E+2,   1.003158E+3,   4.183697E-3,   1.763916E-2,   1.580714E+3,   2.220598E-2,   9.008789E-2,   2.338480E+1,   1.020798E-3,   1.497422E+3,   1.179184E-3,   6.792617E+0,   5.671531E-5,   100,0,1,0
         61,2026-08-20,14:21:26.401,         55,          1,   1.340700E+2,   1.006870E+3,   4.015000E+1,   0.000000E+0,   0.000000E+0,   0.000000E+0,   0.000000E+0,   1.000000E+2,   1.003166E+3,   2.628236E-3,   1.330566E-2,   1.580677E+3,   1.841602E-2,   9.082031E-2,   2.339023E+1,   2.132263E-3,   1.497426E+3,   1.086083E-3,   6.792713E+0,   4.708826E-5,   100,0,1,0
         62,2026-08-20,14:23:26.403,         56,          1,   1.340700E+2,   1.006870E+3,   4.015000E+1,   0.000000E+0,   0.000000E+0,   0.000000E+0,   0.000000E+0,   1.000000E+2,   1.003168E+3,   3.825114E-3,   1.550293E-2,   1.580665E+3,   2.954393E-2,   1.453857E-1,   2.340405E+1,   3.497627E-3,   1.497429E+3,   1.282443E-3,   6.792746E+0,   7.589695E-5,   100,0,1,0
         63,2026-08-20,14:25:26.405,         57,          1,   1.340700E+2,   1.006870E+3,   4.015000E+1,   0.000000E+0,   0.000000E+0,   0.000000E+0,   0.000000E+0,   1.000000E+2,   1.003174E+3,   3.332007E-3,   1.531982E-2,   1.580605E+3,   2.045918E-2,   8.850098E-2,   2.342003E+1,   4.495765E-3,   1.497434E+3,   1.417339E-3,   6.792904E+0,   5.245263E-5,   100,0,1,0
         64,2026-08-20,14:27:26.407,         58,          1,   1.340700E+2,   1.006870E+3,   4.015000E+1,   0.000000E+0,   0.000000E+0,   0.000000E+0,   0.000000E+0,   1.000000E+2,   1.003179E+3,   3.147920E-3,   1.397705E-2,   1.580579E+3,   2.279428E-2,   1.083984E-1,   2.343690E+1,   3.767290E-3,   1.497439E+3,   1.308394E-3,   6.792974E+0,   5.856340E-5,   100,0,1,0
         65,2026-08-20,14:29:26.409,         59,          1,   1.340700E+2,   1.006870E+3,   4.015000E+1,   0.000000E+0,   0.000000E+0,   0.000000E+0,   0.000000E+0,   1.000000E+2,   1.003185E+3,   3.087524E-3,   1.269531E-2,   1.580549E+3,   2.080478E-2,   8.886719E-2,   2.345317E+1,   4.714188E-3,   1.497443E+3,   1.513805E-3,   6.793056E+0,   5.350704E-5,   100,0,1,0
         66,2026-08-21,07:04:25.639,          1,          1,   1.340700E+2,   1.006870E+3,   4.015000E+1,   0.000000E+0,   0.000000E+0,   0.000000E+0,   0.000000E+0,   1.000000E+2,   9.960532E+2,   1.570009E-3,   5.676270E-3,   1.579625E+3,   6.155363E-3,   2.172852E-2,   2.072178E+1,   4.237600E-3,   1.495168E+3,   1.827105E-4,   6.794672E+0,   1.452587E-5,   100,1,1,1
         67,2026-08-21,07:06:25.641,          2,          1,   1.340700E+2,   1.006870E+3,   4.015000E+1,   0.000000E+0,   0.000000E+0,   0.000000E+0,   0.000000E+0,   1.000000E+2,   9.960465E+2,   2.027042E-3,   7.202148E-3,   1.579646E+3,   6.021937E-3,   2.038574E-2,   2.073975E+1,   5.192646E-3,   1.495169E+3,   1.922522E-4,   6.794621E+0,   1.398780E-5,   100,1,1,1
         68,2026-08-21,07:08:25.643,          3,          1,   1.340700E+2,   1.006870E+3,   4.015000E+1,   0.000000E+0,   0.000000E+0,   0.000000E+0,   0.000000E+0,   1.000000E+2,   1.002349E+3,   4.570183E+0,   1.356830E+1,   1.573985E+3,   3.914250E+0,   8.701416E+0,   2.070242E+1,   7.599917E-2,   1.496655E+3,   1.082121E+0,   6.809115E+0,   1.001916E-2,   100,0,1,0
         69,2026-08-21,07:10:25.645,          4,          1,   1.340700E+2,   1.006870E+3,   4.015000E+1,   0.000000E+0,   0.000000E+0,   0.000000E+0,   0.000000E+0,   1.000000E+2,   1.005329E+3,   5.801655E-3,   2.600098E-2,   1.571326E+3,   2.506505E-2,   1.026611E-1,   2.056777E+1,   4.932864E-3,   1.497355E+3,   4.389394E-3,   6.815890E+0,   6.467258E-5,   100,0,1,0
         70,2026-08-21,07:12:25.647,          5,          1,   1.340700E+2,   1.006870E+3,   4.015000E+1,   0.000000E+0,   0.000000E+0,   0.000000E+0,   0.000000E+0,   1.000000E+2,   1.005328E+3,   3.803277E-3,   1.898193E-2,   1.571367E+3,   1.706049E-2,   7.775879E-2,   2.061626E+1,   1.685215E-2,   1.497371E+3,   4.498641E-3,   6.815798E+0,   4.045376E-5,   100,0,1,0
         71,2026-08-21,07:14:25.649,          6,          1,   1.340700E+2,   1.006870E+3,   4.015000E+1,   0.000000E+0,   0.000000E+0,   0.000000E+0,   0.000000E+0,   1.000000E+2,   1.005336E+3,   4.211869E-3,   1.715088E-2,   1.571401E+3,   1.297659E-2,   7.397461E-2,   2.067670E+1,   1.287225E-2,   1.497387E+3,   3.176378E-3,   6.815725E+0,   3.297093E-5,   100,0,1,0
         72,2026-08-21,07:16:25.651,          7,          1,   1.340700E+2,   1.006870E+3,   4.015000E+1,   0.000000E+0,   0.000000E+0,   0.000000E+0,   0.000000E+0,   1.000000E+2,   1.005339E+3,   4.605417E-3,   2.069092E-2,   1.571397E+3,   1.073068E-2,   4.956055E-2,   2.071848E+1,   8.802224E-3,   1.497396E+3,   1.710243E-3,   6.815747E+0,   2.769700E-5,   100,0,1,0
         73,2026-08-21,07:18:25.653,          8,          1,   1.340700E+2,   1.006870E+3,   4.015000E+1,   0.000000E+0,   0.000000E+0,   0.000000E+0,   0.000000E+0,   1.000000E+2,   1.005341E+3,   4.554870E-3,   1.934814E-2,   1.571431E+3,   1.094804E-2,   5.517578E-2,   2.075923E+1,   9.762357E-3,   1.497405E+3,   2.548103E-3,   6.815672E+0,   2.647053E-5,   100,0,1,0
         74,2026-08-21,07:20:25.655,          9,          1,   1.340700E+2,   1.006870E+3,   4.015000E+1,   0.000000E+0,   0.000000E+0,   0.000000E+0,   0.000000E+0,   1.000000E+2,   1.005335E+3,   5.223549E-3,   2.081299E-2,   1.571463E+3,   1.393531E-2,   6.640625E-2,   2.080225E+1,   1.129299E-2,   1.497413E+3,   1.907393E-3,   6.815600E+0,   3.371491E-5,   100,0,1,0
         75,2026-08-21,07:22:25.657,         10,          1,   1.340700E+2,   1.006870E+3,   4.015000E+1,   0.000000E+0,   0.000000E+0,   0.000000E+0,   0.000000E+0,   1.000000E+2,   1.005325E+3,   4.761823E-3,   2.056885E-2,   1.571510E+3,   1.333539E-2,   7.006836E-2,   2.085095E+1,   1.169223E-2,   1.497421E+3,   2.058693E-3,   6.815491E+0,   3.242695E-5,   100,0,1,0
         76,2026-08-21,07:24:25.659,         11,          1,   1.340700E+2,   1.006870E+3,   4.015000E+1,   0.000000E+0,   0.000000E+0,   0.000000E+0,   0.000000E+0,   1.000000E+2,   1.005318E+3,   3.547982E-3,   1.538086E-2,   1.571555E+3,   1.646668E-2,   8.508301E-2,   2.090071E+1,   1.306932E-2,   1.497431E+3,   2.590809E-3,   6.815391E+0,   3.954066E-5,   100,0,1,0
         77,2026-08-21,07:26:25.661,         12,          1,   1.340700E+2,   1.006870E+3,   4.015000E+1,   0.000000E+0,   0.000000E+0,   0.000000E+0,   0.000000E+0,   1.000000E+2,   1.005310E+3,   3.297484E-3,   1.367188E-2,   1.571592E+3,   8.390346E-3,   4.187012E-2,   2.094906E+1,   9.311819E-3,   1.497438E+3,   1.606756E-3,   6.815308E+0,   2.145144E-5,   100,0,1,0
         78,2026-08-21,07:28:25.663,         13,          1,   1.340700E+2,   1.006870E+3,   4.015000E+1,   0.000000E+0,   0.000000E+0,   0.000000E+0,   0.000000E+0,   1.000000E+2,   1.005308E+3,   3.771991E-3,   1.605225E-2,   1.571597E+3,   9.779059E-3,   4.882812E-2,   2.097953E+1,   6.199677E-3,   1.497443E+3,   1.285034E-3,   6.815304E+0,   2.489039E-5,   100,0,1,0
         79,2026-08-21,07:30:25.665,         14,          1,   1.340700E+2,   1.006870E+3,   4.015000E+1,   0.000000E+0,   0.000000E+0,   0.000000E+0,   0.000000E+0,   1.000000E+2,   1.005306E+3,   2.721258E-3,   1.196289E-2,   1.571601E+3,   9.854506E-3,   5.236816E-2,   2.100363E+1,   6.242067E-3,   1.497448E+3,   1.536525E-3,   6.815300E+0,   2.499852E-5,   100,0,1,0
         80,2026-08-21,07:32:25.667,         15,          1,   1.340700E+2,   1.006870E+3,   4.015000E+1,   0.000000E+0,   0.000000E+0,   0.000000E+0,   0.000000E+0,   1.000000E+2,   1.005306E+3,   4.171513E-3,   1.690674E-2,   1.571621E+3,   1.166919E-2,   4.968262E-2,   2.103298E+1,   8.053857E-3,   1.497454E+3,   1.481018E-3,   6.815257E+0,   2.848077E-5,   100,0,1,0
         81,2026-08-21,08:20:29.998,         16,          1,   1.340700E+2,   1.006870E+3,   4.015000E+1,   0.000000E+0,   0.000000E+0,   0.000000E+0,   0.000000E+0,   1.000000E+2,   9.941438E+2,   4.268811E-3,   1.623535E-2,   1.507288E+3,   2.264616E-2,   7.214355E-2,   2.296141E+1,   1.446248E-2,   1.495166E+3,   1.629905E-3,   6.988472E+0,   6.003990E-5,   100,0,1,0
         82,2026-08-21,08:22:30.001,         17,          1,   1.340700E+2,   1.006870E+3,   4.015000E+1,   0.000000E+0,   0.000000E+0,   0.000000E+0,   0.000000E+0,   1.000000E+2,   9.941528E+2,   3.559676E-3,   1.367188E-2,   1.507244E+3,   1.321132E-2,   4.553223E-2,   2.293973E+1,   6.049731E-3,   1.495163E+3,   7.948795E-4,   6.988588E+0,   3.629760E-5,   100,0,0,0
         83,2026-08-21,08:24:30.003,         18,          1,   1.340700E+2,   1.006870E+3,   4.015000E+1,   0.000000E+0,   0.000000E+0,   0.000000E+0,   0.000000E+0,   1.000000E+2,   9.941528E+2,   3.559676E-3,   1.367188E-2,   1.507244E+3,   1.321132E-2,   4.553223E-2,   2.293973E+1,   6.049731E-3,   1.495163E+3,   7.948795E-4,   6.988588E+0,   3.629760E-5,   100,0,0,0
         84,2026-08-21,08:26:30.004,         19,          1,   1.340700E+2,   1.006870E+3,   4.015000E+1,   0.000000E+0,   0.000000E+0,   0.000000E+0,   0.000000E+0,   1.000000E+2,   9.967097E+2,   1.371500E+0,   3.366943E+0,   1.493799E+3,   7.171165E+0,   1.769653E+1,   2.257611E+1,   2.017008E-1,   1.495703E+3,   2.908141E-1,   7.026560E+0,   2.025296E-2,   100,0,1,0
         85,2026-08-21,08:28:30.007,         20,          1,   1.340700E+2,   1.006870E+3,   4.015000E+1,   0.000000E+0,   0.000000E+0,   0.000000E+0,   0.000000E+0,   1.000000E+2,   9.974651E+2,   2.148630E-3,   9.643555E-3,   1.490022E+3,   4.026449E-3,   2.148438E-2,   2.239554E+1,   3.674890E-3,   1.495854E+3,   3.835088E-4,   7.037204E+0,   1.094184E-5,   100,1,1,1
         86,2026-08-21,08:31:16.201,         21,          2,   0.000000E+0,   1.000000E+2,   0.000000E+0,   0.000000E+0,   0.000000E+0,   0.000000E+0,   0.000000E+0,   1.000000E+2,   9.974703E+2,   7.653681E-4,   3.540039E-3,   1.490002E+3,   4.800868E-3,   2.294922E-2,   2.238017E+1,   3.119917E-3,   1.495851E+3,   4.256596E-4,   7.037256E+0,   1.327452E-5,   100,1,1,1
         87,2026-08-21,09:35:18.227,         22,          3,   9.050000E+1,   9.093000E+2,   0.000000E+0,   0.000000E+0,   0.000000E+0,   0.000000E+0,   0.000000E+0,   1.000000E+2,   1.004825E+3,   9.654460E-3,   3.692627E-2,   1.542249E+3,   4.472328E-2,   1.865234E-1,   2.303746E+1,   5.983352E-3,   1.497754E+3,   9.524195E-4,   6.892856E+0,   1.180896E-4,   100,0,1,0
         88,2026-08-21,09:37:18.230,         23,          3,   9.050000E+1,   9.093000E+2,   0.000000E+0,   0.000000E+0,   0.000000E+0,   0.000000E+0,   0.000000E+0,   1.000000E+2,   1.004849E+3,   5.016189E-3,   1.696777E-2,   1.542107E+3,   3.962072E-2,   1.787109E-1,   2.301571E+1,   5.516862E-3,   1.497755E+3,   4.018463E-4,   6.893231E+0,   1.046074E-4,   100,0,1,0
         89,2026-08-21,09:39:18.232,         24,          3,   9.050000E+1,   9.093000E+2,   0.000000E+0,   0.000000E+0,   0.000000E+0,   0.000000E+0,   0.000000E+0,   1.000000E+2,   1.004877E+3,   1.009229E-2,   3.454590E-2,   1.541944E+3,   5.414213E-2,   2.143555E-1,   2.298473E+1,   1.242856E-2,   1.497754E+3,   9.254171E-4,   6.893659E+0,   1.416167E-4,   100,0,1,0
         90,2026-08-21,09:41:18.234,         25,          3,   9.050000E+1,   9.093000E+2,   0.000000E+0,   0.000000E+0,   0.000000E+0,   0.000000E+0,   0.000000E+0,   1.000000E+2,   1.004915E+3,   9.593928E-3,   3.015137E-2,   1.541721E+3,   5.724676E-2,   2.277832E-1,   2.292246E+1,   1.789627E-2,   1.497749E+3,   1.646254E-3,   6.894238E+0,   1.485698E-4,   100,0,1,0
         91,2026-08-21,09:43:18.236,         26,          3,   9.050000E+1,   9.093000E+2,   0.000000E+0,   0.000000E+0,   0.000000E+0,   0.000000E+0,   0.000000E+0,   1.000000E+2,   1.004942E+3,   5.729487E-3,   2.191162E-2,   1.541556E+3,   3.550616E-2,   1.622314E-1,   2.287024E+1,   1.052880E-2,   1.497745E+3,   8.337185E-4,   6.894664E+0,   9.243513E-5,   100,0,1,0
         92,2026-08-21,09:45:18.238,         27,          3,   9.050000E+1,   9.093000E+2,   0.000000E+0,   0.000000E+0,   0.000000E+0,   0.000000E+0,   0.000000E+0,   1.000000E+2,   1.004962E+3,   4.276433E-3,   1.800537E-2,   1.541441E+3,   2.920001E-2,   1.343994E-1,   2.283823E+1,   5.514212E-3,   1.497744E+3,   2.025274E-4,   6.894963E+0,   7.681270E-5,   100,0,1,0
         93,2026-08-21,09:47:18.240,         28,          3,   9.050000E+1,   9.093000E+2,   0.000000E+0,   0.000000E+0,   0.000000E+0,   0.000000E+0,   0.000000E+0,   1.000000E+2,   1.004976E+3,   3.633458E-3,   1.135254E-2,   1.541354E+3,   2.373830E-2,   1.071777E-1,   2.282100E+1,   3.436239E-3,   1.497744E+3,   3.818233E-4,   6.895192E+0,   6.276666E-5,   100,0,1,0
         94,2026-08-21,09:49:18.242,         29,          3,   9.050000E+1,   9.093000E+2,   0.000000E+0,   0.000000E+0,   0.000000E+0,   0.000000E+0,   0.000000E+0,   1.000000E+2,   1.004994E+3,   5.740904E-3,   1.892090E-2,   1.541248E+3,   3.594041E-2,   1.450195E-1,   2.280038E+1,   8.786435E-3,   1.497743E+3,   7.952013E-4,   6.895471E+0,   9.401724E-5,   100,0,1,0
         95,2026-08-21,09:51:18.244,         30,          3,   9.050000E+1,   9.093000E+2,   0.000000E+0,   0.000000E+0,   0.000000E+0,   0.000000E+0,   0.000000E+0,   1.000000E+2,   1.005018E+3,   5.696333E-3,   1.910400E-2,   1.541097E+3,   3.832928E-2,   1.510010E-1,   2.275437E+1,   1.299034E-2,   1.497739E+3,   1.383548E-3,   6.895862E+0,   9.936278E-5,   100,0,1,0
         96,2026-08-21,09:53:18.246,         31,          3,   9.050000E+1,   9.093000E+2,   0.000000E+0,   0.000000E+0,   0.000000E+0,   0.000000E+0,   0.000000E+0,   1.000000E+2,   1.005036E+3,   3.411736E-3,   1.354980E-2,   1.540989E+3,   2.571304E-2,   1.124268E-1,   2.271111E+1,   7.560941E-3,   1.497734E+3,   5.963009E-4,   6.896141E+0,   6.698331E-5,   100,0,1,0
         97,2026-08-21,09:55:18.248,         32,          3,   9.050000E+1,   9.093000E+2,   0.000000E+0,   0.000000E+0,   0.000000E+0,   0.000000E+0,   0.000000E+0,   1.000000E+2,   1.005051E+3,   3.407008E-3,   1.330566E-2,   1.540904E+3,   2.060314E-2,   9.277344E-2,   2.268682E+1,   4.492071E-3,   1.497734E+3,   2.519652E-4,   6.896361E+0,   5.423128E-5,   100,0,1,0
         98,2026-08-21,09:57:18.250,         33,          3,   9.050000E+1,   9.093000E+2,   0.000000E+0,   0.000000E+0,   0.000000E+0,   0.000000E+0,   0.000000E+0,   1.000000E+2,   1.005063E+3,   3.733715E-3,   1.361084E-2,   1.540843E+3,   1.837182E-2,   7.446289E-2,   2.267401E+1,   2.298339E-3,   1.497734E+3,   4.445391E-4,   6.896521E+0,   4.874100E-5,   100,0,1,0
         99,2026-08-21,09:59:18.252,         34,          3,   9.050000E+1,   9.093000E+2,   0.000000E+0,   0.000000E+0,   0.000000E+0,   0.000000E+0,   0.000000E+0,   1.000000E+2,   1.005076E+3,   4.120194E-3,   1.605225E-2,   1.540762E+3,   2.954434E-2,   1.239014E-1,   2.265845E+1,   7.101177E-3,   1.497734E+3,   9.604080E-4,   6.896732E+0,   7.738303E-5,   100,0,1,0
        100,2026-08-21,10:01:18.254,         35,          3,   9.050000E+1,   9.093000E+2,   0.000000E+0,   0.000000E+0,   0.000000E+0,   0.000000E+0,   0.000000E+0,   1.000000E+2,   1.005097E+3,   4.823477E-3,   1.922607E-2,   1.540618E+3,   3.375350E-2,   1.373291E-1,   2.261537E+1,   1.114249E-2,   1.497729E+3,   1.201802E-3,   6.897107E+0,   8.754000E-5,   100,0,1,0
        101,2026-08-21,10:03:18.256,         36,          3,   9.050000E+1,   9.093000E+2,   0.000000E+0,   0.000000E+0,   0.000000E+0,   0.000000E+0,   0.000000E+0,   1.000000E+2,   1.005115E+3,   3.793034E-3,   1.257324E-2,   1.540515E+3,   1.966823E-2,   8.801270E-2,   2.257710E+1,   6.018104E-3,   1.497726E+3,   2.847885E-4,   6.897374E+0,   5.134834E-5,   100,0,1,0
        102,2026-08-21,10:05:18.258,         37,          3,   9.050000E+1,   9.093000E+2,   0.000000E+0,   0.000000E+0,   0.000000E+0,   0.000000E+0,   0.000000E+0,   1.000000E+2,   1.005127E+3,   2.738100E-3,   1.013184E-2,   1.540454E+3,   1.861523E-2,   8.459473E-2,   2.255964E+1,   2.751890E-3,   1.497726E+3,   3.335122E-4,   6.897532E+0,   4.935675E-5,   100,0,1,0
        103,2026-08-21,10:07:18.260,         38,          3,   9.050000E+1,   9.093000E+2,   0.000000E+0,   0.000000E+0,   0.000000E+0,   0.000000E+0,   0.000000E+0,   1.000000E+2,   1.005135E+3,   2.350864E-3,   1.153564E-2,   1.540412E+3,   1.347193E-2,   6.665039E-2,   2.255394E+1,   6.820905E-4,   1.497727E+3,   5.001754E-4,   6.897643E+0,   3.606391E-5,   100,0,1,0
        104,2026-08-21,11:05:46.001,         39,          3,   1.118200E+2,   9.093000E+2,   0.000000E+0,   0.000000E+0,   0.000000E+0,   0.000000E+0,   0.000000E+0,   1.000000E+2,   1.007201E+3,   8.499688E-3,   2.874756E-2,   1.550118E+3,   2.684178E-2,   1.251221E-1,   2.215142E+1,   6.562210E-3,   1.498140E+3,   3.745078E-3,   6.871685E+0,   7.241630E-5,   100,0,1,0
        105,2026-08-21,11:07:46.004,         40,          3,   1.118200E+2,   9.093000E+2,   0.000000E+0,   0.000000E+0,   0.000000E+0,   0.000000E+0,   0.000000E+0,   1.000000E+2,   1.007226E+3,   4.667997E-3,   1.776123E-2,   1.550054E+3,   2.099051E-2,   9.545898E-2,   2.216984E+1,   2.204482E-3,   1.498150E+3,   1.482584E-3,   6.871858E+0,   5.594664E-5,   100,0,1,0
        106,2026-08-21,11:09:46.005,         41,          3,   1.118200E+2,   9.093000E+2,   0.000000E+0,   0.000000E+0,   0.000000E+0,   0.000000E+0,   0.000000E+0,   1.000000E+2,   1.007244E+3,   5.011912E-3,   1.617432E-2,   1.549979E+3,   2.686486E-2,   1.311035E-1,   2.217432E+1,   1.154546E-3,   1.498155E+3,   9.107009E-4,   6.872058E+0,   7.105092E-5,   100,0,1,0
        107,2026-08-21,11:11:46.007,         42,          3,   1.118200E+2,   9.093000E+2,   0.000000E+0,   0.000000E+0,   0.000000E+0,   0.000000E+0,   0.000000E+0,   1.000000E+2,   1.007258E+3,   1.945759E-3,   7.202148E-3,   1.549919E+3,   1.705465E-2,   6.848145E-2,   2.218006E+1,   4.046079E-3,   1.498160E+3,   1.550280E-3,   6.872219E+0,   4.574356E-5,   100,1,1,1
        108,2026-08-21,11:13:46.010,         43,          3,   1.118200E+2,   9.093000E+2,   0.000000E+0,   0.000000E+0,   0.000000E+0,   0.000000E+0,   0.000000E+0,   1.000000E+2,   1.007264E+3,   8.476325E-4,   3.662109E-3,   1.549901E+3,   1.170695E-2,   6.335449E-2,   2.220174E+1,   6.423451E-3,   1.498167E+3,   1.494230E-3,   6.872272E+0,   3.155615E-5,   100,1,1,1
        109,2026-08-21,11:15:46.012,         44,          3,   1.118200E+2,   9.093000E+2,   0.000000E+0,   0.000000E+0,   0.000000E+0,   0.000000E+0,   0.000000E+0,   1.000000E+2,   1.007271E+3,   2.620968E-3,   8.911133E-3,   1.549864E+3,   1.899815E-2,   8.593750E-2,   2.221679E+1,   8.671654E-4,   1.498171E+3,   5.993512E-4,   6.872375E+0,   5.045560E-5,   100,1,1,1
        110,2026-08-21,11:17:46.014,         45,          3,   1.118200E+2,   9.093000E+2,   0.000000E+0,   0.000000E+0,   0.000000E+0,   0.000000E+0,   0.000000E+0,   1.000000E+2,   1.007282E+3,   3.547078E-3,   1.257324E-2,   1.549790E+3,   2.546176E-2,   1.049805E-1,   2.221436E+1,   2.749022E-3,   1.498172E+3,   2.955951E-4,   6.872570E+0,   6.676916E-5,   100,0,1,0
        111,2026-08-21,11:19:46.016,         46,          3,   1.118200E+2,   9.093000E+2,   0.000000E+0,   0.000000E+0,   0.000000E+0,   0.000000E+0,   0.000000E+0,   1.000000E+2,   1.007292E+3,   1.831068E-3,   7.446289E-3,   1.549726E+3,   1.420558E-2,   6.835937E-2,   2.220855E+1,   1.443972E-3,   1.498174E+3,   9.807581E-4,   6.872737E+0,   3.780618E-5,   100,1,1,1
        112,2026-08-21,11:21:46.018,         47,          3,   1.118200E+2,   9.093000E+2,   0.000000E+0,   0.000000E+0,   0.000000E+0,   0.000000E+0,   0.000000E+0,   1.000000E+2,   1.007297E+3,   9.323555E-4,   4.333496E-3,   1.549705E+3,   1.153050E-2,   5.236816E-2,   2.222034E+1,   4.595897E-3,   1.498179E+3,   1.166527E-3,   6.872797E+0,   3.104092E-5,   100,1,1,1
        113,2026-08-21,11:23:46.020,         48,          3,   1.118200E+2,   9.093000E+2,   0.000000E+0,   0.000000E+0,   0.000000E+0,   0.000000E+0,   0.000000E+0,   1.000000E+2,   1.007303E+3,   2.410250E-3,   9.338379E-3,   1.549664E+3,   1.871101E-2,   7.727051E-2,   2.223066E+1,   8.618447E-4,   1.498182E+3,   3.274824E-4,   6.872909E+0,   4.952858E-5,   100,1,1,1
        114,2026-08-21,11:25:46.021,         49,          3,   1.118200E+2,   9.093000E+2,   0.000000E+0,   0.000000E+0,   0.000000E+0,   0.000000E+0,   0.000000E+0,   1.000000E+2,   1.007313E+3,   2.003473E-3,   8.361816E-3,   1.549603E+3,   1.608135E-2,   8.349609E-2,   2.222548E+1,   8.969830E-4,   1.498183E+3,   5.127540E-4,   6.873067E+0,   4.244728E-5,   100,1,1,1
        115,2026-08-21,11:27:46.024,         50,          3,   1.118200E+2,   9.093000E+2,   0.000000E+0,   0.000000E+0,   0.000000E+0,   0.000000E+0,   0.000000E+0,   1.000000E+2,   1.007319E+3,   9.509423E-4,   4.638672E-3,   1.549575E+3,   9.783585E-3,   5.371094E-2,   2.223057E+1,   3.088570E-3,   1.498186E+3,   1.029314E-3,   6.873144E+0,   2.627949E-5,   100,1,1,1
        116,2026-08-21,11:29:46.026,         51,          3,   1.118200E+2,   9.093000E+2,   0.000000E+0,   0.000000E+0,   0.000000E+0,   0.000000E+0,   0.000000E+0,   1.000000E+2,   1.007322E+3,   6.359206E-4,   3.173828E-3,   1.549566E+3,   8.845149E-3,   3.967285E-2,   2.224629E+1,   5.105913E-3,   1.498190E+3,   1.298690E-3,   6.873173E+0,   2.296626E-5,   100,1,1,1
        117,2026-08-21,11:31:46.027,         52,          3,   1.118200E+2,   9.093000E+2,   0.000000E+0,   0.000000E+0,   0.000000E+0,   0.000000E+0,   0.000000E+0,   1.000000E+2,   1.007324E+3,   1.189352E-3,   6.103516E-3,   1.549557E+3,   9.893992E-3,   4.589844E-2,   2.226478E+1,   3.209091E-3,   1.498194E+3,   7.670568E-4,   6.873202E+0,   2.679191E-5,   100,1,1,1
        118,2026-08-21,11:33:46.030,         53,          3,   1.118200E+2,   9.093000E+2,   0.000000E+0,   0.000000E+0,   0.000000E+0,   0.000000E+0,   0.000000E+0,   1.000000E+2,   1.007330E+3,   1.810388E-3,   7.202148E-3,   1.549520E+3,   1.355285E-2,   6.555176E-2,   2.227102E+1,   7.292750E-4,   1.498197E+3,   4.692997E-4,   6.873302E+0,   3.597971E-5,   100,1,1,1
        119,2026-08-21,11:35:46.031,         54,          3,   1.118200E+2,   9.093000E+2,   0.000000E+0,   0.000000E+0,   0.000000E+0,   0.000000E+0,   0.000000E+0,   1.000000E+2,   1.007341E+3,   3.122292E-3,   1.202393E-2,   1.549443E+3,   1.866777E-2,   7.788086E-2,   2.225926E+1,   4.507970E-3,   1.498196E+3,   4.525657E-4,   6.873501E+0,   4.835844E-5,   100,0,1,0
        120,2026-08-21,11:37:46.033,         55,          3,   1.118200E+2,   9.093000E+2,   0.000000E+0,   0.000000E+0,   0.000000E+0,   0.000000E+0,   0.000000E+0,   1.000000E+2,   1.007348E+3,   9.820411E-4,   4.577637E-3,   1.549418E+3,   8.749021E-3,   4.846191E-2,   2.225797E+1,   2.745130E-3,   1.498198E+3,   1.013535E-3,   6.873569E+0,   2.333496E-5,   100,1,1,1
        121,2026-08-21,11:50:07.275,         56,          3,   1.118200E+2,   1.126730E+3,   0.000000E+0,   0.000000E+0,   0.000000E+0,   0.000000E+0,   0.000000E+0,   1.000000E+2,   1.005509E+3,   3.952621E-3,   1.379395E-2,   1.538678E+3,   1.420867E-2,   6.323242E-2,   2.224277E+1,   8.930723E-3,   1.497752E+3,   9.544284E-4,   6.902210E+0,   3.738678E-5,   100,0,1,0
        122,2026-08-21,11:52:07.277,         57,          3,   1.118200E+2,   1.126730E+3,   0.000000E+0,   0.000000E+0,   0.000000E+0,   0.000000E+0,   0.000000E+0,   1.000000E+2,   1.005520E+3,   1.589973E-3,   6.713867E-3,   1.538682E+3,   1.378537E-2,   7.458496E-2,   2.224244E+1,   3.231619E-3,   1.497757E+3,   1.209928E-3,   6.902200E+0,   3.654782E-5,   100,1,1,1
        123,2026-08-21,11:54:07.279,         58,          3,   1.118200E+2,   1.126730E+3,   0.000000E+0,   0.000000E+0,   0.000000E+0,   0.000000E+0,   0.000000E+0,   1.000000E+2,   1.005525E+3,   1.249963E-3,   6.042480E-3,   1.538673E+3,   1.248271E-2,   6.164551E-2,   2.225328E+1,   2.214938E-3,   1.497760E+3,   6.007822E-4,   6.902225E+0,   3.367032E-5,   100,1,1,1
        124,2026-08-21,11:56:07.281,         59,          3,   1.118200E+2,   1.126730E+3,   0.000000E+0,   0.000000E+0,   0.000000E+0,   0.000000E+0,   0.000000E+0,   1.000000E+2,   1.005527E+3,   5.959686E-4,   2.685547E-3,   1.538676E+3,   1.351688E-2,   6.640625E-2,   2.226413E+1,   4.040003E-3,   1.497763E+3,   9.113923E-4,   6.902220E+0,   3.593700E-5,   100,1,1,1
        125,2026-08-21,11:58:07.283,         60,          3,   1.118200E+2,   1.126730E+3,   0.000000E+0,   0.000000E+0,   0.000000E+0,   0.000000E+0,   0.000000E+0,   1.000000E+2,   1.005527E+3,   7.172660E-4,   3.173828E-3,   1.538705E+3,   1.429893E-2,   7.604980E-2,   2.228354E+1,   5.982817E-3,   1.497767E+3,   1.171027E-3,   6.902148E+0,   3.757009E-5,   100,1,1,1
        126,2026-08-21,12:00:07.285,         61,          3,   1.118200E+2,   1.126730E+3,   0.000000E+0,   0.000000E+0,   0.000000E+0,   0.000000E+0,   0.000000E+0,   1.000000E+2,   1.005526E+3,   9.726001E-4,   4.638672E-3,   1.538719E+3,   1.491263E-2,   7.104492E-2,   2.230175E+1,   2.227603E-3,   1.497770E+3,   3.094005E-4,   6.902115E+0,   4.025316E-5,   100,1,1,1
        127,2026-08-21,12:02:07.287,         62,          3,   1.118200E+2,   1.126730E+3,   0.000000E+0,   0.000000E+0,   0.000000E+0,   0.000000E+0,   0.000000E+0,   1.000000E+2,   1.005531E+3,   1.638052E-3,   6.103516E-3,   1.538693E+3,   1.313226E-2,   5.639648E-2,   2.230183E+1,   1.312535E-3,   1.497771E+3,   2.170212E-4,   6.902187E+0,   3.517875E-5,   100,1,1,1
        128,2026-08-21,12:04:07.289,         63,          3,   1.118200E+2,   1.126730E+3,   0.000000E+0,   0.000000E+0,   0.000000E+0,   0.000000E+0,   0.000000E+0,   1.000000E+2,   1.005533E+3,   6.492182E-4,   3.112793E-3,   1.538694E+3,   1.002952E-2,   6.335449E-2,   2.230616E+1,   3.103910E-3,   1.497773E+3,   7.495368E-4,   6.902183E+0,   2.683043E-5,   100,1,1,1
        129,2026-08-21,12:06:07.291,         64,          3,   1.118200E+2,   1.126730E+3,   0.000000E+0,   0.000000E+0,   0.000000E+0,   0.000000E+0,   0.000000E+0,   1.000000E+2,   1.005532E+3,   7.675263E-4,   3.601074E-3,   1.538709E+3,   1.275108E-2,   6.127930E-2,   2.232215E+1,   4.509008E-3,   1.497776E+3,   9.008342E-4,   6.902149E+0,   3.365319E-5,   100,1,1,1
        130,2026-08-21,12:08:07.293,         65,          3,   1.118200E+2,   1.126730E+3,   0.000000E+0,   0.000000E+0,   0.000000E+0,   0.000000E+0,   0.000000E+0,   1.000000E+2,   1.005532E+3,   1.064850E-3,   4.028320E-3,   1.538713E+3,   1.350093E-2,   6.250000E-2,   2.233696E+1,   1.791943E-3,   1.497779E+3,   3.675566E-4,   6.902142E+0,   3.636668E-5,   100,1,1,1
        131,2026-08-21,12:10:07.295,         66,          3,   1.118200E+2,   1.126730E+3,   0.000000E+0,   0.000000E+0,   0.000000E+0,   0.000000E+0,   0.000000E+0,   1.000000E+2,   1.005537E+3,   1.107710E-3,   5.310059E-3,   1.538686E+3,   1.077992E-2,   6.323242E-2,   2.233641E+1,   1.026353E-3,   1.497779E+3,   3.549381E-4,   6.902214E+0,   2.889271E-5,   100,1,1,1
        132,2026-08-21,12:23:55.698,         67,          3,   1.118200E+2,   1.126730E+3,   0.000000E+0,   0.000000E+0,   0.000000E+0,   0.000000E+0,   0.000000E+0,   1.000000E+2,   1.006885E+3,   2.792635E-3,   1.086426E-2,   1.550489E+3,   1.277248E-2,   5.810547E-2,   2.270935E+1,   2.799913E-3,   1.498183E+3,   4.738559E-4,   6.870854E+0,   3.358477E-5,   100,0,1,0
        133,2026-08-21,12:25:55.700,         68,          3,   1.118200E+2,   1.126730E+3,   0.000000E+0,   0.000000E+0,   0.000000E+0,   0.000000E+0,   0.000000E+0,   1.000000E+2,   1.006898E+3,   3.804355E-3,   1.525879E-2,   1.550434E+3,   2.293235E-2,   9.265137E-2,   2.269895E+1,   5.885815E-3,   1.498183E+3,   9.385633E-4,   6.870998E+0,   5.933484E-5,   100,0,1,0
        134,2026-08-21,12:27:55.702,         69,          3,   1.118200E+2,   1.126730E+3,   0.000000E+0,   0.000000E+0,   0.000000E+0,   0.000000E+0,   0.000000E+0,   1.000000E+2,   1.006915E+3,   5.093287E-3,   2.038574E-2,   1.550340E+3,   2.352681E-2,   9.606934E-2,   2.266914E+1,   7.088593E-3,   1.498179E+3,   6.738661E-4,   6.871239E+0,   6.059124E-5,   100,0,1,0
        135,2026-08-21,12:29:55.704,         70,          3,   1.118200E+2,   1.126730E+3,   0.000000E+0,   0.000000E+0,   0.000000E+0,   0.000000E+0,   0.000000E+0,   1.000000E+2,   1.006927E+3,   1.710357E-3,   6.530762E-3,   1.550293E+3,   1.228119E-2,   6.835937E-2,   2.265433E+1,   1.684813E-3,   1.498179E+3,   2.289848E-4,   6.871359E+0,   3.219413E-5,   100,1,1,1
        136,2026-08-21,12:31:55.707,         71,          3,   1.118200E+2,   1.126730E+3,   0.000000E+0,   0.000000E+0,   0.000000E+0,   0.000000E+0,   0.000000E+0,   1.000000E+2,   1.006933E+3,   2.131416E-3,   9.521484E-3,   1.550268E+3,   1.433383E-2,   5.187988E-2,   2.264925E+1,   1.351045E-3,   1.498180E+3,   5.160138E-4,   6.871424E+0,   3.776592E-5,   100,1,1,1
        137,2026-08-21,12:33:55.709,         72,          3,   1.118200E+2,   1.126730E+3,   0.000000E+0,   0.000000E+0,   0.000000E+0,   0.000000E+0,   0.000000E+0,   1.000000E+2,   1.006944E+3,   4.072050E-3,   1.617432E-2,   1.550212E+3,   1.888598E-2,   8.337402E-2,   2.263753E+1,   5.440135E-3,   1.498179E+3,   6.053198E-4,   6.871567E+0,   4.872881E-5,   100,0,1,0
        138,2026-08-21,12:35:55.711,         73,          3,   1.118200E+2,   1.126730E+3,   0.000000E+0,   0.000000E+0,   0.000000E+0,   0.000000E+0,   0.000000E+0,   1.000000E+2,   1.006956E+3,   3.680891E-3,   1.470947E-2,   1.550171E+3,   1.910650E-2,   9.484863E-2,   2.262075E+1,   3.666479E-3,   1.498178E+3,   4.242783E-4,   6.871671E+0,   5.007750E-5,   100,0,1,0
        139,2026-08-21,12:37:55.713,         74,          3,   1.118200E+2,   1.126730E+3,   0.000000E+0,   0.000000E+0,   0.000000E+0,   0.000000E+0,   0.000000E+0,   1.000000E+2,   1.006969E+3,   3.979726E-3,   1.409912E-2,   1.550093E+3,   1.584499E-2,   7.763672E-2,   2.259386E+1,   6.840028E-3,   1.498176E+3,   5.624969E-4,   6.871872E+0,   4.099772E-5,   100,0,1,0
        140,2026-08-21,12:39:55.715,         75,          3,   1.118200E+2,   1.126730E+3,   0.000000E+0,   0.000000E+0,   0.000000E+0,   0.000000E+0,   0.000000E+0,   1.000000E+2,   1.006976E+3,   1.813318E-3,   8.239746E-3,   1.550070E+3,   1.124392E-2,   5.249023E-2,   2.259170E+1,   1.210053E-3,   1.498177E+3,   5.983974E-4,   6.871932E+0,   2.967821E-5,   100,1,1,1
        141,2026-08-21,12:41:55.717,         76,          3,   1.118200E+2,   1.126730E+3,   0.000000E+0,   0.000000E+0,   0.000000E+0,   0.000000E+0,   0.000000E+0,   1.000000E+2,   1.006979E+3,   2.365884E-3,   1.232910E-2,   1.550107E+3,   2.115677E-2,   9.606934E-2,   2.259566E+1,   1.540057E-3,   1.498179E+3,   5.528888E-4,   6.871836E+0,   5.619507E-5,   100,0,1,0
        142,2026-08-21,12:43:55.719,         77,          3,   1.118200E+2,   1.126730E+3,   0.000000E+0,   0.000000E+0,   0.000000E+0,   0.000000E+0,   0.000000E+0,   1.000000E+2,   1.006955E+3,   1.121807E-1,   5.703125E-1,   1.550044E+3,   2.385793E-2,   1.103516E-1,   2.257772E+1,   9.616171E-3,   1.498168E+3,   2.748853E-2,   6.871995E+0,   6.099964E-5,   100,0,1,0
        143,2026-08-21,12:57:07.473,         78,          3,   1.118200E+2,   1.126730E+3,   2.008000E+1,   2.460000E+1,   0.000000E+0,   0.000000E+0,   0.000000E+0,   1.000000E+2,   1.004172E+3,   1.222185E-2,   4.437256E-2,   1.563705E+3,   3.809045E-2,   1.635742E-1,   2.296848E+1,   9.297537E-4,   1.497583E+3,   2.642595E-3,   6.836262E+0,   9.893507E-5,   100,0,1,0
        144,2026-08-21,12:59:07.475,         79,          3,   1.118200E+2,   1.126730E+3,   2.008000E+1,   2.460000E+1,   0.000000E+0,   0.000000E+0,   0.000000E+0,   1.000000E+2,   1.004219E+3,   1.162727E-2,   4.089355E-2,   1.563572E+3,   3.938884E-2,   1.640625E-1,   2.295503E+1,   5.397672E-3,   1.497590E+3,   1.481232E-3,   6.836605E+0,   1.010679E-4,   100,0,1,0
        145,2026-08-21,13:01:07.477,         80,          3,   1.118200E+2,   1.126730E+3,   2.008000E+1,   2.460000E+1,   0.000000E+0,   0.000000E+0,   0.000000E+0,   1.000000E+2,   1.004271E+3,   1.457295E-2,   5.474854E-2,   1.563416E+3,   4.413768E-2,   2.025146E-1,   2.291854E+1,   1.233655E-2,   1.497594E+3,   1.169535E-3,   6.837001E+0,   1.117890E-4,   100,0,1,0
        146,2026-08-21,13:03:07.479,         81,          3,   1.118200E+2,   1.126730E+3,   2.008000E+1,   2.460000E+1,   0.000000E+0,   0.000000E+0,   0.000000E+0,   1.000000E+2,   1.004312E+3,   8.453555E-3,   3.643799E-2,   1.563316E+3,   2.440073E-2,   1.411133E-1,   2.288729E+1,   3.060919E-3,   1.497598E+3,   1.764200E-3,   6.837254E+0,   6.290166E-5,   100,0,1,0
        147,2026-08-21,13:05:07.481,         82,          3,   1.118200E+2,   1.126730E+3,   2.008000E+1,   2.460000E+1,   0.000000E+0,   0.000000E+0,   0.000000E+0,   1.000000E+2,   1.004340E+3,   6.735558E-3,   2.886963E-2,   1.563255E+3,   1.928806E-2,   9.594727E-2,   2.287972E+1,   1.868704E-3,   1.497603E+3,   1.197549E-3,   6.837409E+0,   4.984362E-5,   100,0,1,0
        148,2026-08-21,13:07:07.483,         83,          3,   1.118200E+2,   1.126730E+3,   2.008000E+1,   2.460000E+1,   0.000000E+0,   0.000000E+0,   0.000000E+0,   1.000000E+2,   1.004364E+3,   5.197046E-3,   2.673340E-2,   1.563191E+3,   1.895807E-2,   1.119385E-1,   2.286873E+1,   3.362003E-3,   1.497606E+3,   6.198837E-4,   6.837573E+0,   4.869812E-5,   100,0,1,0
        149,2026-08-21,13:09:07.485,         84,          3,   1.118200E+2,   1.126730E+3,   2.008000E+1,   2.460000E+1,   0.000000E+0,   0.000000E+0,   0.000000E+0,   1.000000E+2,   1.004386E+3,   6.466268E-3,   2.447510E-2,   1.563103E+3,   2.897578E-2,   1.072998E-1,   2.284764E+1,   8.400584E-3,   1.497606E+3,   8.516683E-4,   6.837796E+0,   7.330752E-5,   100,0,1,0
        150,2026-08-21,13:11:07.487,         85,          3,   1.118200E+2,   1.126730E+3,   2.008000E+1,   2.460000E+1,   0.000000E+0,   0.000000E+0,   0.000000E+0,   1.000000E+2,   1.004406E+3,   3.416182E-3,   1.177979E-2,   1.563035E+3,   1.598143E-2,   7.788086E-2,   2.281972E+1,   3.616242E-3,   1.497606E+3,   5.083910E-4,   6.837966E+0,   4.094301E-5,   100,0,1,0
        151,2026-08-21,13:13:07.489,         86,          3,   1.118200E+2,   1.126730E+3,   2.008000E+1,   2.460000E+1,   0.000000E+0,   0.000000E+0,   0.000000E+0,   1.000000E+2,   1.004417E+3,   2.510926E-3,   1.129150E-2,   1.562992E+3,   1.461371E-2,   7.800293E-2,   2.281298E+1,   1.014336E-3,   1.497608E+3,   5.056718E-4,   6.838074E+0,   3.789077E-5,   100,0,1,0
        152,2026-08-21,13:15:07.491,         87,          3,   1.118200E+2,   1.126730E+3,   2.008000E+1,   2.460000E+1,   0.000000E+0,   0.000000E+0,   0.000000E+0,   1.000000E+2,   1.004429E+3,   3.414521E-3,   1.458740E-2,   1.562948E+3,   1.699426E-2,   7.397461E-2,   2.280790E+1,   2.375339E-3,   1.497610E+3,   4.225275E-4,   6.838190E+0,   4.376684E-5,   100,0,1,0
        153,2026-08-21,13:17:07.493,         88,          3,   1.118200E+2,   1.126730E+3,   2.008000E+1,   2.460000E+1,   0.000000E+0,   0.000000E+0,   0.000000E+0,   1.000000E+2,   1.004447E+3,   5.239546E-3,   1.922607E-2,   1.562862E+3,   2.748882E-2,   1.079102E-1,   2.278321E+1,   9.217245E-3,   1.497608E+3,   1.047603E-3,   6.838405E+0,   6.919377E-5,   100,0,1,0
        154,2026-08-21,13:19:07.495,         89,          3,   1.118200E+2,   1.126730E+3,   2.008000E+1,   2.460000E+1,   0.000000E+0,   0.000000E+0,   0.000000E+0,   1.000000E+2,   1.004464E+3,   2.387488E-3,   9.643555E-3,   1.562792E+3,   1.211586E-2,   6.127930E-2,   2.275284E+1,   3.825071E-3,   1.497606E+3,   3.983986E-4,   6.838581E+0,   3.088809E-5,   100,1,1,1
        155,2026-08-21,13:21:07.497,         90,          3,   1.118200E+2,   1.126730E+3,   2.008000E+1,   2.460000E+1,   0.000000E+0,   0.000000E+0,   0.000000E+0,   1.000000E+2,   1.004472E+3,   1.910751E-3,   8.666992E-3,   1.562763E+3,   1.283493E-2,   6.433105E-2,   2.274580E+1,   7.048416E-4,   1.497607E+3,   5.354759E-4,   6.838653E+0,   3.329713E-5,   100,1,1,1
        156,2026-08-21,13:23:07.499,         91,          3,   1.118200E+2,   1.126730E+3,   2.008000E+1,   2.460000E+1,   0.000000E+0,   0.000000E+0,   0.000000E+0,   1.000000E+2,   1.004474E+3,   1.439146E-3,   6.347656E-3,   1.562755E+3,   1.324338E-2,   8.728027E-2,   2.274615E+1,   1.228998E-3,   1.497608E+3,   6.442216E-4,   6.838675E+0,   3.461014E-5,   100,1,0,0
        157,2026-08-21,13:25:07.501,         92,          3,   1.118200E+2,   1.126730E+3,   2.008000E+1,   2.460000E+1,   0.000000E+0,   0.000000E+0,   0.000000E+0,   1.000000E+2,   1.004474E+3,   1.439146E-3,   6.347656E-3,   1.562755E+3,   1.324338E-2,   8.728027E-2,   2.274615E+1,   1.228998E-3,   1.497608E+3,   6.442216E-4,   6.838675E+0,   3.461014E-5,   100,1,0,0
        158,2026-08-21,13:31:24.112,         93,          3,   1.118200E+2,   1.250110E+3,   2.008000E+1,   2.460000E+1,   0.000000E+0,   0.000000E+0,   0.000000E+0,   1.000000E+2,   1.003801E+3,   2.276669E-3,   9.399414E-3,   1.556269E+3,   1.216667E-2,   5.358887E-2,   2.265010E+1,   1.369018E-2,   1.497421E+3,   7.403363E-4,   6.855607E+0,   3.175408E-5,   100,0,1,0
        159,2026-08-21,13:33:24.114,         94,          3,   1.118200E+2,   1.250110E+3,   2.008000E+1,   2.460000E+1,   0.000000E+0,   0.000000E+0,   0.000000E+0,   1.000000E+2,   1.003815E+3,   5.632650E-3,   2.215576E-2,   1.556227E+3,   1.889777E-2,   7.299805E-2,   2.262869E+1,   3.571580E-3,   1.497424E+3,   6.910689E-4,   6.855710E+0,   4.878390E-5,   100,0,1,0
        160,2026-08-21,13:35:24.116,         95,          3,   1.118200E+2,   1.250110E+3,   2.008000E+1,   2.460000E+1,   0.000000E+0,   0.000000E+0,   0.000000E+0,   1.000000E+2,   1.003834E+3,   3.881577E-3,   1.464844E-2,   1.556151E+3,   1.745516E-2,   7.006836E-2,   2.260593E+1,   6.010377E-3,   1.497423E+3,   4.311476E-4,   6.855906E+0,   4.449988E-5,   100,0,1,0
        161,2026-08-21,13:37:24.118,         96,          3,   1.118200E+2,   1.250110E+3,   2.008000E+1,   2.460000E+1,   0.000000E+0,   0.000000E+0,   0.000000E+0,   1.000000E+2,   1.003842E+3,   1.051933E-3,   4.516602E-3,   1.556129E+3,   8.862389E-3,   5.908203E-2,   2.259798E+1,   1.463149E-3,   1.497425E+3,   6.871022E-4,   6.855960E+0,   2.336432E-5,   100,1,1,1
        162,2026-08-21,13:39:24.120,         97,          3,   1.118200E+2,   1.250110E+3,   2.008000E+1,   2.460000E+1,   0.000000E+0,   0.000000E+0,   0.000000E+0,   1.000000E+2,   1.003844E+3,   8.635762E-4,   4.455566E-3,   1.556129E+3,   7.267382E-3,   4.418945E-2,   2.260643E+1,   3.100275E-3,   1.497428E+3,   9.600317E-4,   6.855962E+0,   1.892260E-5,   100,1,1,1
        163,2026-08-21,13:41:24.122,         98,          3,   1.118200E+2,   1.250110E+3,   2.008000E+1,   2.460000E+1,   0.000000E+0,   0.000000E+0,   0.000000E+0,   1.000000E+2,   1.003850E+3,   2.074857E-3,   7.751465E-3,   1.556102E+3,   1.256376E-2,   5.969238E-2,   2.260898E+1,   1.757667E-3,   1.497429E+3,   1.102531E-4,   6.856034E+0,   3.262936E-5,   100,1,1,1
        164,2026-08-21,13:43:24.124,         99,          3,   1.118200E+2,   1.250110E+3,   2.008000E+1,   2.460000E+1,   0.000000E+0,   0.000000E+0,   0.000000E+0,   1.000000E+2,   1.003856E+3,   1.410104E-3,   5.676270E-3,   1.556071E+3,   9.112238E-3,   4.785156E-2,   2.260302E+1,   9.071778E-4,   1.497430E+3,   3.713130E-4,   6.856114E+0,   2.384065E-5,   100,1,1,1
        165,2026-08-21,13:45:24.126,        100,          3,   1.118200E+2,   1.250110E+3,   2.008000E+1,   2.460000E+1,   0.000000E+0,   0.000000E+0,   0.000000E+0,   1.000000E+2,   1.003860E+3,   9.513599E-4,   4.455566E-3,   1.556054E+3,   8.300888E-3,   3.564453E-2,   2.260345E+1,   1.090889E-3,   1.497431E+3,   5.107953E-4,   6.856160E+0,   2.187016E-5,   100,1,1,1
        166,2026-08-21,13:47:24.128,        101,          3,   1.118200E+2,   1.250110E+3,   2.008000E+1,   2.460000E+1,   0.000000E+0,   0.000000E+0,   0.000000E+0,   1.000000E+2,   1.003862E+3,   6.600536E-4,   2.929688E-3,   1.556055E+3,   7.404523E-3,   3.698730E-2,   2.261215E+1,   3.380334E-3,   1.497434E+3,   7.408190E-4,   6.856159E+0,   1.926546E-5,   100,1,1,1
//END