model,step_g_per100g,CW_m_s_per_g,CI_m_s_per_g,RhoW_kg_m3_per_g,RhoI_kg_m3_per_g,CT_m_s_K,RhoT_kg_m3_K,critical_water_IPA_ratio,critical_water_fraction,stable_IDW_neighbors,outside_field_box
physics,0.01,0.45820411407930806,-8.118299705006393,0.09293231045717221,1.7519519655877502,1.6418692782508515,-0.31909789530573107,17.717649090338025,0.9465744872567252,True,False
physics,0.001,0.45820410912256193,-8.118301602621614,0.09293230942830633,1.751951812138941,1.6418692782508515,-0.31909789530573107,17.717653423422494,0.9465744996245822,True,False
physics,0.0001,0.45820410832675407,-8.118301622062063,0.0929323084619682,1.7519518115705068,1.6418692782508515,-0.31909789530573107,17.717653496621963,0.9465744998335142,True,False
hybrid,0.01,0.46479809684569773,-8.072297018452446,0.09801124095361047,1.51140414081965,1.6418692782508515,-0.31909789530573107,17.36731943016596,0.9455554740144809,True,False
hybrid,0.001,0.46479807201649237,-8.07227402560784,0.09801123360375641,1.5113812251001946,1.6418692782508515,-0.31909789530573107,17.367270889457156,0.9455553301294205,True,False
hybrid,0.0001,0.46479807110699767,-8.072273797097296,0.09801123269426171,1.5113809968170244,1.6418692782508515,-0.31909789530573107,17.367270431806585,0.9455553287728425,True,False
all_nodes,0.01,0.4707214183213182,-8.698033559721807,0.09661821840154516,1.5222188818881932,1.6418692782508515,-0.31909789530573107,18.478091756990032,0.9486602685480658,True,False
all_nodes,0.001,0.4707214324071174,-8.698042485434598,0.09661822639372986,1.522222736070944,1.6418692782508515,-0.31909789530573107,18.47811016582699,0.9486603170694439,True,False
all_nodes,0.0001,0.4707214316113095,-8.698042573769271,0.09661822559792199,1.5222227762023977,1.6418692782508515,-0.31909789530573107,18.478110384724392,0.9486603176464056,True,False
