loss_g_per100g,IPA_loss_g_per100g,Water_loss_g_per100g,instant_water_fraction,instant_water_IPA_ratio,critical_ratio,dc_dE_m_s_g,C_m_s
0.0,0.0,0.0,0.5000088710660028,1.0000354848935888,17.717653423422494,-3.829972664001284,1543.7664821842166
0.01,0.00499990964676548,0.00500009035323452,0.5000091995809013,1.000036799000676,17.733770010954828,-3.8305246622958697,1543.7281796965854
0.02,0.009999815947555061,0.01000018405244494,0.5000095402611826,1.000038161772877,17.74991791297775,-3.8310754715349944,1543.6898716949192
0.03,0.014999718778462495,0.015000281221537504,0.5000098935573307,1.0000395750123983,17.766097243553798,-3.8316250911578784,1543.6515581911106
0.04,0.019999618010993293,0.020000381989006707,0.5000102599365094,1.0000410405881852,17.782308093326897,-3.832173519779154,1543.613239197064
0.05,0.024999513511894847,0.025000486488105156,0.5000106398831797,1.0000425604383951,17.79855054536448,-3.8327207559793988,1543.5749147246966
0.06,0.029999405142980242,0.030000594857019756,0.500011033899741,1.000044136572961,17.814824678528325,-3.8332667981290562,1543.5365847859387
0.07,0.03499929276094557,0.035000707239054435,0.5000114425071945,1.0000457710762498,17.83113060850851,-3.8338116451221844,1543.4982493927375
0.08,0.03999917621718044,0.040000823782819564,0.5000118662458318,1.0000474661098164,17.8474684182423,-3.834355294834857,1543.4599085570562
0.09,0.04499905535757153,0.045000944642428466,0.5000123056759496,1.0000492239152654,17.86383818446864,-3.834897745427157,1543.421562290877
0.1,0.04999893002229884,0.050001069977701165,0.5000127613785893,1.0000510468172128,17.880240016673604,-3.8354389945973724,1543.3832106062002
0.11,0.05499880004562436,0.05500119995437564,0.5000132339563061,1.0000529372263625,17.896674001874427,-3.8359790404287653,1543.3448535150505
0.12,0.059998665255673,0.06000133474432699,0.5000137240339645,1.0000548976426922,17.913140235326434,-3.83651788070011,1543.3064910294743
0.13,0.06499852547420537,0.06500147452579463,0.5000142322595641,1.0000569306587601,17.92963880008141,-3.837055512081692,1543.2681231615422
0.14,0.06999838051638207,0.07000161948361794,0.5000147593050968,1.0000590389631352,17.946169812024376,-3.837591932632052,1543.229749923353
0.15,0.0749982301905194,0.07500176980948059,0.5000153058674339,1.0000612253439496,17.9627333299999,-3.8381271387739435,1543.1913713270333
0.16,0.07999807429783601,0.080001925702164,0.5000158726692477,1.000063492692588,17.979329481570186,-3.8386611277338933,1543.1529873847412
0.17,0.08499791263218995,0.08500208736781006,0.5000164604599662,1.00006584400751,17.99595833563186,-3.839193895712371,1543.1145981086677
0.18,0.0899977449798063,0.0900022550201937,0.5000170700167634,1.000068282398217,18.012619995029635,-3.839725439526307,1543.0762035110367
0.19,0.09499757111899455,0.09500242888100545,0.5000177021455864,1.000070811089362,18.029314568541718,-3.840255755063034,1543.0378036041122
0.2,0.09999739081985552,0.10000260918014449,0.5000183576822202,1.0000734334250159,18.04604214710759,-3.8407848386946237,1542.9993984001958
0.21,0.10499720384397745,0.10500279615602254,0.5000190374933923,1.0000761528730888,18.062802795035353,-3.8413126853320794,1542.9609879116301
0.22,0.10999700994412091,0.11000299005587909,0.5000197424779175,1.0000789730299164,18.07959665301343,-3.841839291206338,1542.9225721508042
0.23,0.11499680886389191,0.1150031911361081,0.5000204735678857,1.000081897625016,18.096423787708627,-3.8423646510670646,1542.884151130153
0.24,0.119996600337403,0.12000339966259699,0.5000212317298934,1.0000849305260178,18.11328430749498,-3.842888759937876,1542.845724862161
0.25,0.12499638408892194,0.12500361591107806,0.5000220179663207,1.0000880757437804,18.13017830784251,-3.843411612478765,1542.807293359365
0.26,0.12999615983250706,0.13000384016749295,0.5000228333166552,1.000091337437694,18.14710587914687,-3.843933202803717,1542.7688566343581
0.27,0.13499592727162946,0.13500407272837056,0.5000236788588658,1.0000947199211825,18.164067135687546,-3.844453525095738,1542.7304146997915
0.28,0.139995686098781,0.14000431390121904,0.5000245557108262,1.000098227667405,18.18106214740726,-3.8449725729677278,1542.6919675683766
0.29,0.14499543599506787,0.1450045640049321,0.5000254650317916,1.0001018653151732,18.198091032578787,-3.845490339677784,1542.6535152528916
0.3,0.14999517662978926,0.15000482337021073,0.5000264080239302,1.0001056376750852,18.215153907853974,-3.846006818629062,1542.615057766182
0.31,0.15499490766000004,0.15500509233999996,0.5000273859339109,1.0001095497358874,18.232250824115887,-3.846522001816823,1542.5765951211645
0.32,0.15999462873005774,0.16000537126994227,0.50002840005455,1.0001136066710712,18.249381921367522,-3.8470358820378316,1542.5381273308335
0.33,0.1649943394711524,0.1650056605288476,0.5000294517265179,1.000117813845714,18.266547289074857,-3.8475484511081994,1542.4996544082596
0.34,0.16999403950081926,0.17000596049918076,0.5000305423401109,1.0001221768235757,18.283747006042578,-3.8480596999619743,1542.4611763665996
0.35000000000000003,0.17499372842243327,0.17500627157756676,0.5000316733370861,1.000126701374455,18.30098118768016,-3.848569620289324,1542.4226932190957
0.36,0.17999340582468498,0.180006594175315,0.5000328462125656,1.0001313934818188,18.31824995093645,-3.849078202581164,1542.3842049790828
0.37,0.1849930712810371,0.1850069287189629,0.5000340625170108,1.000136259350716,18.33555336242667,-3.8495854364540225,1542.345711659992
0.38,0.1899927243491607,0.1900072756508393,0.5000353238582694,1.0001413054159827,18.352891557476852,-3.8500913124011324,1542.3072132753543
0.39,0.19499236457035088,0.19500763542964913,0.5000366319036984,1.000146538350751,18.370264621360676,-3.850595819092765,1542.2687098388071
0.4,0.19999199146892058,0.20000800853107945,0.500037988382365,1.0001519650752748,18.387672657637577,-3.85109894569649,1542.230201364098
0.41000000000000003,0.20499160455157212,0.20500839544842792,0.5000393950873292,1.0001575927660784,18.405115746053955,-3.851600679460907,1542.1916878650907
0.42,0.2099912033067454,0.2100087966932546,0.5000408538780111,1.0001634288654504,18.422594023485658,-3.8521010087199015,1542.1531693557697
0.43,0.21499078720394213,0.21500921279605786,0.5000423666826448,1.0001694810912825,18.440107588242608,-3.8525999205317025,1542.1146458502465
0.44,0.2199903556930248,0.2200096443069752,0.500043935500823,1.0001757574472752,18.457656525381697,-3.8530974013417736,1542.076117362764
0.45,0.22498990820349002,0.22501009179651,0.5000455624061371,1.0001822662335247,18.475240945481907,-3.853593436560499,1542.0375839077062
0.46,0.22998944414371478,0.23001055585628524,0.5000472495489121,1.0001890160574953,18.492860949804967,-3.854088011795576,1541.9990454995989
0.47000000000000003,0.23498896290017499,0.23501103709982504,0.5000489991590453,1.0001960158454044,18.510516646408192,-3.8545811114003903,1541.9605021531206
0.48,0.239988463836635,0.24001153616336499,0.5000508135489476,1.0002032748540242,18.52820815489732,-3.8550727194764463,1541.9219538831082
0.49,0.24498794629330728,0.2450120537066927,0.5000526951165949,1.0002108026829235,18.54593553748111,-3.855562818704792,1541.883400704563
0.5,0.24998740958598087,0.25001259041401913,0.5000546463486908,1.0002186092871619,18.56369894762009,-3.8560513919754005,1541.8448426326588
0.51,0.2549868530051177,0.2550131469948823,0.5000566698239475,1.0002267049904536,18.581498453421656,-3.856538420587978,1541.8062796827485
0.52,0.2599862758149155,0.2600137241850845,0.5000587682164863,1.0002351004988193,18.59933417611218,-3.857023885593864,1541.7677118703734
0.53,0.26498567725233624,0.2650143227476638,0.500060944299365,1.0002438069147432,18.617206221756593,-3.8575077667944067,1541.7291392112709
0.54,0.2699850565260982,0.2700149434739018,0.5000632009482339,1.000252835751854,18.635114694505596,-3.8579900436236354,1541.690561721382
0.55,0.2749844128156314,0.27501558718436864,0.5000655411451278,1.0002621989501501,18.653059691332967,-3.8584706939728606,1541.65197941686
0.56,0.2799837452699938,0.28001625473000624,0.5000679679823978,1.0002719088917889,18.671041331905695,-3.858949695642648,1541.613392314082
0.5700000000000001,0.28498305300674787,0.2850169469932522,0.5000704846667873,1.0002819784174586,18.68905972880724,-3.8594270248218847,1541.5748004296543
0.58,0.2899823351107956,0.2900176648892044,0.500073094523659,1.0002924208433606,18.70711495216541,-3.859902656451116,1541.5362037804252
0.59,0.2949815906331704,0.29501840936682955,0.5000758010013774,1.0003032499788136,18.72520716168263,-3.8603765656716345,1541.4976023834959
0.6,0.29998081858978426,0.3000191814102157,0.5000786076758529,1.000314480144518,18.74333642705124,-3.8608487250418433,1541.4589962562272
0.61,0.30498001796012875,0.30501998203987124,0.5000815182552536,1.0003261261914906,18.761502870248012,-3.861319107184054,1541.4203854162547
0.62,0.309979187685928,0.31002081231407197,0.5000845365848903,1.0003382035207025,18.779706591807376,-3.861787682855558,1541.3817698814964
0.63,0.3149783266697422,0.3150216733302578,0.5000876666522811,1.0003507281034418,18.797947704296853,-3.862254422105866,1541.343149670167
0.64,0.3199774337735188,0.32002256622648123,0.500090912592404,1.0003637165024364,18.816226323767346,-3.8627192933737486,1541.30452480079
0.65,0.3249765078170911,0.32502349218290894,0.5000942786931415,1.0003771858937522,18.83454255227561,-3.863182263726139,1541.2658952922086
0.66,0.32997554757662073,0.3300244524233793,0.5000977694009255,1.000391154089504,18.852896494806842,-3.863643299438881,1541.2272611636006
0.67,0.33497455178298313,0.3350254482170169,0.5001013893265918,1.000405639561411,18.87128825872539,-3.8641023648023185,1541.1886224344903
0.68,0.33997351912009294,0.3400264808799071,0.5001051432514473,1.0004206614652176,18.889717963846625,-3.8645594232132354,1541.1499791247657
0.6900000000000001,0.3449724482231679,0.34502755177683214,0.5001090361335632,1.0004362396660256,18.90818571350379,-3.8650144359763203,1541.1113312546895
0.7000000000000001,0.3499713376769286,0.35002866232307145,0.5001130731142974,1.0004523947645596,18.926691612911387,-3.8654673631635132,1541.0726788449165
0.71,0.3549701860137318,0.35502981398626815,0.5001172595250584,1.000469148124406,18.945235783742678,-3.8659181636132662,1541.0340219165093
0.72,0.35996899171163493,0.36003100828836504,0.5001216008943165,1.000486521900262,18.963818324727384,-3.8663667935536155,1540.9953604909545
0.73,0.364967753192389,0.365032246807611,0.5001261029548733,1.0005045390672274,18.982439369158453,-3.8668132086576095,1540.956694590178
0.74,0.36996646881935763,0.37003353118064236,0.500130771651399,1.0005232234511854,19.00109898207954,-3.867257361402075,1540.9180242365671
0.75,0.37496513689535943,0.37503486310464057,0.5001356131482448,1.0005425997603028,19.019797327840482,-3.867699204092573,1540.8793494529828
0.76,0.3799637556604305,0.3800362443395695,0.500140633837544,1.0005626936177017,19.038534482717072,-3.868138685586677,1540.840670262783
0.77,0.38496232328950475,0.38503767671049527,0.5001458403476087,1.0005835315953362,19.05731054421902,-3.8685757531114615,1540.8019866898426
0.78,0.3899608378900085,0.3900391621099915,0.5001512395516364,1.0006051412491281,19.07612566675941,-3.8690103525326363,1540.7632987585698
0.79,0.39495929749936665,0.3950407025006334,0.5001568385767344,1.0006275511553977,19.094979940277323,-3.8694424270735657,1540.7246064939316
0.8,0.3999577000824166,0.40004229991758344,0.5001626448132762,1.0006507909486495,19.113873472947343,-3.8698719174069156,1540.6859099214735
0.81,0.4049560435287272,0.40504395647127284,0.5001686659246002,1.0006748913607515,19.13280637079715,-3.870298762372917,1540.6472090673433
0.8200000000000001,0.4099543256498189,0.4100456743501812,0.5001749098570639,1.000699884261568,19.151778764244284,-3.8707228983203286,1540.608503958314
0.8300000000000001,0.41495254417628125,0.4150474558237188,0.5001813848504666,1.0007258027010952,19.17079074239798,-3.871144258500517,1540.5697946218083
0.84,0.4199506967547846,0.4200493032452154,0.5001880994488537,1.0007526809531595,19.18984242330295,-3.8715627744645764,1540.531081085925
0.85,0.42494878094498173,0.42505121905501825,0.5001950625117156,1.000780554560729,19.208933933564875,-3.8719783747064493,1540.4923633794647
0.86,0.42994679421629517,0.4300532057837048,0.5002022832255972,1.0008094603829034,19.228065380289713,-3.8723909848491513,1540.4536415319571
0.87,0.43494473394458655,0.43505526605541345,0.5002097711161317,1.0008394366436504,19.247236845681513,-3.8728005274837436,1540.4149155736886
0.88,0.43994259740870334,0.44005740259129666,0.5002175360605134,1.000870522982334,19.26644848465926,-3.873206922922672,1540.3761855357345
0.89,0.44494038178689865,0.44505961821310136,0.5002255883004268,1.000902760506124,19.285700368217658,-3.8736100871955434,1540.3374514499867
0.9,0.4499380841531193,0.4500619158468807,0.5002339384554481,1.0009361918443405,19.304992646856604,-3.874009934170753,1540.298713349186
0.91,0.45493570147315743,0.4550642985268426,0.5002425975369336,1.0009708612048083,19.32432542200751,-3.8744063743457433,1540.259971266956
0.92,0.45993323060066066,0.4600667693993394,0.500251576962418,1.001006814432305,19.343698762812377,-3.874799313117656,1540.2212252378356
0.93,0.4649306682729959,0.46506933172700415,0.5002608885705339,1.0010440990691627,19.363112830174366,-3.8751886547844236,1540.1824752973164
0.9400000000000001,0.46992801110696086,0.4700719888930392,0.5002705446364771,1.0010827644181204,19.382567723062746,-3.8755742982818533,1540.1437214818766
0.9500000000000001,0.4749252555943383,0.4750747444056618,0.5002805578880342,1.001122861607499,19.402063535631342,-3.8759561386514996,1540.104963829021
0.96,0.4799223980972871,0.48007760190271287,0.5002909415221921,1.0011644436587896,19.42160040862739,-3.87633406821757,1540.0662023773211
0.97,0.48491943484356437,0.4850805651564356,0.5003017092223536,1.0012075655567445,19.441178415564533,-3.8767079735697028,1540.0274371664523
0.98,0.48991636192157173,0.49008363807842825,0.5003128751761763,1.0012522843220608,19.460797689774367,-3.8770777378771846,1539.9886682372396
0.99,0.49491317527522055,0.49508682472477944,0.5003244540940601,1.0012986590867554,19.480458333639618,-3.8774432395815657,1539.9498956317018
1.0,0.4999098706986087,0.5000901293013913,0.500336461228305,1.0013467511723273,19.500160466308454,-3.877804352748668,1539.9111193930933
1.01,0.5049064438305023,0.5050935561694977,0.5003489123929632,1.0013966241708159,19.519904180525185,-3.8781609463233755,1539.8723395659556
1.02,0.5099028901486155,0.5100971098513846,0.5003618239844109,1.0014483440288582,19.53968959677478,-3.8785128846992274,1539.8335561961628
1.03,0.5148992049636801,0.5151007950363199,0.5003752130026627,1.0015019791348532,19.559516822398358,-3.8788600263867345,1539.7947693309748
1.04,0.5198953834132995,0.5201046165867005,0.5003890970734595,1.0015576004093596,19.579385973661378,-3.879202225258139,1539.7559790190885
1.05,0.5248914204555765,0.5251085795444236,0.5004034944711506,1.0016152813988302,19.599297138790917,-3.87953932902994,1539.7171853106943
1.06,0.5298873108625087,0.5301126891374913,0.5004184241424046,1.0016750983728184,19.619250447222658,-3.8798711807243844,1539.6783882575276
1.07,0.5348830492131429,0.5351169507868572,0.5004339057307735,1.0017371304247868,19.6392459691235,-3.880197615643798,1539.6395879129348
1.08,0.5398786298864783,0.5401213701135218,0.5004499596021419,1.0018014595766362,19.659283843297416,-3.8805184643106827,1539.6007843319278
1.09,0.5448740470541121,0.545125952945888,0.5004666068710915,1.0018681708871104,19.679364182946824,-3.8808335507468255,1539.5619775712503
1.1,0.5498692946726156,0.5501307053273845,0.5004838694282133,1.0019373525642084,19.699487050833593,-3.8811426914337397,1539.5231676894416
1.11,0.5548643664756325,0.5551356335243676,0.5005017699684001,1.0020090960817554,19.719652604060016,-3.8814456972537426,1539.4843547469054
1.12,0.5598592559656898,0.5601407440343104,0.5005203320201529,1.0020834963002894,19.739860884054583,-3.8817423704199583,1539.4455388059796
1.1300000000000001,0.5648539564057093,0.5651460435942908,0.5005395799759372,1.0021606515924175,19.760112053934037,-3.882032507263238,1539.4067199310077
1.1400000000000001,0.5698484608102116,0.5701515391897886,0.5005595391236249,1.0022406639728112,19.780406189290797,-3.882315895430455,1539.3678981884173
1.1500000000000001,0.5748427619361981,0.575157238063802,0.5005802356790584,1.0023236392330102,19.800743382454268,-3.8825923148122325,1539.3290736467955
1.16,0.5798368522737039,0.5801631477262961,0.5006016968197763,1.002409687081212,19.821123742663215,-3.8828615372527544,1539.290246376969
1.17,0.5848307240360052,0.5851692759639947,0.5006239507199413,1.0024989212872375,19.84154736831256,-3.8831233259038176,1539.2514164520924
1.18,0.589824369149473,0.5901756308505269,0.5006470265865073,1.0025914598328485,19.86201435265716,-3.88337743502845,1539.212583947732
1.19,0.5948177792430571,0.5951822207569428,0.500670954696674,1.002687425067638,19.882524800971577,-3.8836236099661523,1539.173748941955
1.2,0.5998109456373905,0.6001890543626095,0.5006957664366658,1.0027869438706754,19.903078803126252,-3.883861586568567,1539.134911515427
1.21,0.6048038593334977,0.6051961406665023,0.500721494341885,1.0028901478181358,19.923676444548274,-3.88409108987747,1539.0960717515043
1.22,0.6097965110010959,0.6102034889989041,0.5007481721384819,1.0029971733571275,19.94431783416799,-3.884311836237922,1539.0572297363376
1.23,0.6147888909664715,0.6152111090335285,0.5007758347863916,1.0031081619859474,19.96500306597152,-3.8845235304564785,1539.0183855589748
1.24,0.6197809891999201,0.6202190108000799,0.5008045185238846,1.0032232604410027,19.985732189681492,-3.8847258659909025,1538.9795393114682
1.25,0.6247727953027322,0.6252272046972678,0.5008342609136813,1.003342620890642,20.006505357907937,-3.884918526339275,1538.9406910889873
1.26,0.6297642984937104,0.6302357015062896,0.5008651008906844,1.0034664011361583,20.027322604619417,-3.8851011818062253,1538.9018409899331
1.27,0.6347554875952001,0.6352445124048,0.5008970788113781,1.0035947648202168,20.048184041836468,-3.885273491152807,1538.8629891160606
1.28,0.6397463510186184,0.6402536489813816,0.5009302365049537,1.0037278816429958,20.069089755184326,-3.8854351005207186,1538.8241355726004
1.29,0.6447368767494626,0.6452631232505375,0.500964617326212,1.0038659275863113,20.09003979651691,-3.8855856426315722,1538.7852804683873
1.3,0.64972705233178,0.6502729476682201,0.5010002662103047,1.0040090851460304,20.111034279049502,-3.8857247370664414,1538.7464239159965
1.31,0.6547168648520816,0.6552831351479185,0.5010372297293709,1.004157543573074,20.132073261228896,-3.8858519891414773,1538.7075660318799
1.32,0.6597063009226791,0.6602936990773209,0.5010755561511308,1.0043114991233284,20.153156827510003,-3.8859669894067044,1538.6687069365075
1.33,0.664695346664426,0.6653046533355741,0.5011152954994966,1.0044711553167913,20.174285041980855,-3.88606931358191,1538.629846754519
1.34,0.6696839876888422,0.6703160123111579,0.5011564996172672,1.0046367232062956,20.195457979118967,-3.886158521673414,1538.5909856148749
1.35,0.674672209079601,0.6753277909203991,0.5011992222309679,1.0048084216561635,20.216675707523134,-3.886234157415052,1538.552123651016
1.36,0.6796599953733566,0.6803400046266435,0.5012435190179056,1.004986477631156,20.23793829297788,-3.8862957483231133,1538.5132610010298
1.37,0.6846473305398896,0.6853526694601105,0.5012894476755044,1.005171126496098,20.25924579156999,-3.886342803719704,1538.4743978078184
1.3800000000000001,0.6896341979615471,0.690365802038453,0.5013370679929927,1.0053626123265722,20.280598283644686,-3.886374815439093,1538.4355342192766
1.3900000000000001,0.6946205804119546,0.6953794195880455,0.5013864419255135,1.0055611882310926,20.301995789422598,-3.8863912567826713,1538.3966703884755
1.4000000000000001,0.6996064600339734,0.7003935399660267,0.501437633670728,1.0057671166851714,20.32343840493503,-3.886391581579582,1538.3578064738497
1.41,0.7045918183168797,0.7054081816831203,0.5014907097479899,1.0059806698777323,20.3449261496437,-3.886375223841095,1538.3189426393953
1.42,0.7095766360727389,0.710423363927261,0.5015457390801625,1.00620213007031,20.366459072779328,-3.886341596315093,1538.2800790548733
1.43,0.7145608934119473,0.7154391065880527,0.5016027930781572,1.0064317899695157,20.388037246760156,-3.8862900917118477,1538.2412158960171
1.44,0.7195445697179151,0.7204554302820848,0.5016619457282712,1.0066699531132532,20.409660675647398,-3.8862200791875656,1538.2023533447539
1.45,0.7245276436208617,0.7254723563791382,0.5017232736824029,1.0069169342711966,20.4313294058318,-3.8861309057583284,1538.163491589426
1.46,0.7295100929706936,0.7304899070293064,0.5017868563512264,1.007173059860043,20.45304346506438,-3.886021894401926,1538.124630825027
1.47,0.7344918948089354,0.7355081051910646,0.5018527760004061,1.0074386683741015,20.47480288339844,-3.8858923440925888,1538.0857712534423
1.48,0.7394730253396837,0.7405269746603163,0.501921117849933,1.0077141108317624,20.496607710202596,-3.885741527855188,1538.046913083697
1.49,0.7444534598995507,0.7455465401004493,0.5019919701766684,1.007999751238449,20.51845791473154,-3.8855686922191475,1538.0080565322176
1.5,0.7494331729265665,0.7505668270734335,0.5020654244201763,1.008295967066642,20.540353560085777,-3.8853730574121688,1537.9692018230958
1.51,0.754412137928006,0.755587862071994,0.502141575291932,1.0086031497536185,20.562294614213776,-3.885153814623553,1537.9303491883686
1.52,0.7593903274471064,0.7606096725528936,0.5022205208879895,1.008921705217542,20.58428109220506,-3.884910126481611,1537.8914988683016
1.53,0.7643677130286405,0.7656322869713595,0.502302362805195,1.0092520543925905,20.60631299109753,-3.884641125415432,1537.852651111687
1.54,0.7693442651833093,0.7706557348166907,0.5023872062610327,1.0095946337838129,20.62839032443393,-3.884345912740652,1537.8138061761479
1.55,0.7743199533509183,0.7756800466490817,0.5024751602171854,1.0099498960424405,20.650513032454207,-3.884023556725179,1537.7749643284583
1.56,0.7792947458622979,0.7807052541377022,0.502566337506899,1.0103183105624045,20.672681143439767,-3.8836730941492896,1537.7361258448666
1.57,0.7842686098999322,0.7857313901000679,0.5026608549662335,1.0107003640988397,20.694894590878512,-3.883293525711477,1537.6972910114364
1.58,0.7892415114572546,0.7907584885427454,0.5027588335692832,1.0110965614093723,20.71715337353981,-3.8828838171768356,1537.658460124398
1.59,0.794213415296571,0.7957865847034291,0.5028603985674529,1.0115074259190393,20.73945743230395,-3.8824428975901353,1537.6196334905076
1.6,0.7991842849055694,0.8008157150944307,0.5029656796328663,1.011933500409693,20.76180671703565,-3.881969657702927,1537.580811427421
1.61,0.8041540824523751,0.805845917547625,0.5030748110059897,1.0123753477347948,20.784201188741932,-3.881462949104164,1537.541994264084
1.62,0.8091227687391074,0.8108772312608927,0.5031879316475467,1.0128335515605273,20.806640753556803,-3.8809215824443006,1537.50318234113
1.6300000000000001,0.8140903031538956,0.8159096968461045,0.5033051853947983,1.013308717134184,20.829125349079014,-3.8803443271893214,1537.4643760112913
1.6400000000000001,0.8190566436213104,0.8209433563786898,0.5034267211222605,1.0138014720808375,20.851654920187528,-3.879729908856391,1537.4255756398281
1.6500000000000001,0.8240217465511644,0.8259782534488357,0.5035526929069266,1.014312467229319,20.87422934646662,-3.8790770082116643,1537.3867816049662
1.6600000000000001,0.8289855667856395,0.8310144332143606,0.5036832601980572,1.014842377468578,20.89684854007408,-3.878384259648117,1537.3479942983563
1.67,0.8339480575446911,0.8360519424553088,0.5038185879915991,1.01539190263554,20.919512386602676,-3.8776502506492445,1537.309214125539
1.68,0.8389091703696867,0.8410908296303132,0.5039588470092825,1.0159617684355984,20.942220784123904,-3.8768735187603793,1537.2704415064336
1.69,0.843868855065228,0.8461311449347719,0.5041042138824481,1.0165527273969421,20.964973592387675,-3.876052550398589,1537.2316768758362
1.7,0.8488270596391125,0.8511729403608874,0.5042548713406408,1.0171655598599516,20.98777067255936,-3.875185780149986,1537.1929206839388
1.71,0.8537837302403843,0.8562162697596156,0.5044110084050052,1.017801075002933,21.010611869170837,-3.874271587896583,1537.1541733968597
1.72,0.8587388110954268,0.8612611889045731,0.5045728205865061,1.0184601119055259,21.033497015578437,-3.8733082981970366,1537.1154354971975
1.73,0.8636922444420494,0.8663077555579506,0.5047405100889885,1.0191435406511453,21.056425964165857,-3.8722941775107547,1537.0767074845942
1.74,0.8686439704615191,0.8713560295384809,0.5049142860170823,1.0198522634698843,21.079398477202915,-3.871227433130318,1537.037989876323
1.75,0.8735939272084889,0.8764060727915111,0.5050943645889434,1.0205872159233433,21.102414415182235,-3.8701062110384346,1536.9992832078917
1.76,0.8785420505387752,0.8814579494612248,0.5052809693538118,1.0213493681329138,21.12547348619565,-3.868928593927572,1536.960588033662
1.77,0.8834882740349344,0.8865117259650657,0.5054743314143537,1.02213972605309,21.14857553611272,-3.867692600082769,1536.921904927494
1.78,0.8884325289295939,0.8915674710704061,0.5056746896537364,1.0229593327914421,21.171720283770885,-3.8663961798840183,1536.8832344834032
1.79,0.8933747440264883,0.8966252559735117,0.505882290967373,1.0238092699769423,21.19490745361115,-3.8650372152633765,1536.844577316243
1.8,0.8983148456191552,0.9016851543808448,0.506097390499252,1.024690659178397,21.21813681594049,-3.8636135172760446,1536.8059340624013
1.81,0.9032527574072452,0.9067472425927549,0.5063202518827473,1.0256046633747926,21.24140804518223,-3.8621228234201737,1536.7673053805256
1.82,0.9081884004104025,0.9118115995895976,0.5065511474857876,1.0265524884794373,21.264720856530804,-3.8605627963525793,1536.7286919522617
1.83,0.9131216928796724,0.9168783071203277,0.5067903586602321,1.027535384919835,21.288074879344645,-3.858931020679381,1536.690094483018
1.84,0.9180525502063948,0.9219474497936053,0.5070381759952861,1.028554649275311,21.311469816445552,-3.857225002292798,1536.6515137027502
1.85,0.9229808848285446,0.9270191151714555,0.5072948995747505,1.0296116259744594,21.334905292855606,-3.855442165085772,1536.6129503667678
1.86,0.9279066061344814,0.9320933938655187,0.5075608392378822,1.0307077090545795,21.35838090061844,-3.8535798480845442,1536.5744052565633
1.87,0.932829620364074,0.9371703796359261,0.5078363148436006,1.031844343985316,21.381896258427062,-3.85163530523648,1536.5358791806639
1.8800000000000001,0.9377498305071673,0.9422501694928328,0.5081216565377498,1.0330230295588245,21.405450919236845,-3.849605700683804,1536.497372975507
1.8900000000000001,0.9426671361993632,0.947332863800637,0.5084172050230849,1.034245319848837,21.429044461828756,-3.8474881087368153,1536.458887506338
1.9000000000000001,0.9475814336150896,0.9524185663849105,0.5087233118316145,1.035512826241104,21.452676432259175,-3.8452795097402124,1536.4204236681308
1.9100000000000001,0.9524926153579371,0.9575073846420631,0.5090403395988895,1.0368272195377666,21.476346276866185,-3.842976787966465,1536.3819823865351
1.92,0.9574005703482436,0.9625994296517564,0.5093686623397844,1.038190232138301,21.500053526127726,-3.840576730202482,1536.343564618842
1.93,0.9623051837079183,0.9676948162920816,0.5097086657252684,1.0396036602997687,21.523797600217268,-3.838076022838212,1536.305171354981
1.94,0.9672063366424939,0.972793663357506,0.5100607473596164,1.041069366479199,21.5475779610179,-3.8354712490117255,1536.2668036185314
1.95,0.9721039063204086,0.9778960936795914,0.510425317057454,1.0425892817610318,21.571394003406997,-3.832758886800479,1536.2284624677682
1.96,0.9769977657495215,0.9830022342504785,0.5108027971199743,1.0441654083726382,21.595245069959088,-3.8299353062123864,1536.1901489967242
1.97,0.9818877836508736,0.9881122163491264,0.5111936226096054,1.0457998222910476,21.61913055853818,-3.8269967682678927,1536.151864336278
1.98,0.9867738243297138,0.9932261756702861,0.5115982416223409,1.0474946759441128,21.643049752977216,-3.8239394202553534,1536.1136096552682
1.99,0.9916557475438177,0.9983442524561823,0.5120171155568821,1.0492522010094512,21.66700194105722,-3.8207592956545646,1536.075386161626
2.0,0.996533408369135,1.0034665916308652,0.5124507193796661,1.051074711314616,21.690986394873036,-3.8174523105332177,1536.0371951035374
2.0100000000000002,1.0014066570628128,1.0085933429371874,0.5128995418847799,1.0529646058420608,21.71500230338881,-3.8140142617164394,1535.9990377706235
2.02,1.0062753389236505,1.0137246610763495,0.513364085947684,1.0549243718425898,21.73904886111751,-3.8104408247384054,1535.9609154951427
2.0300000000000002,1.0111392941500543,1.018860705849946,0.5138448687715819,1.0569565880610932,21.76312523360426,-3.8067275511830343,1535.9228296532192
2.04,1.0159983576955705,1.0240016423044296,0.514342422125189,1.0590639280785035,21.787230528286464,-3.802869867168231,1535.8847816660875
2.05,1.0208523591220915,1.0291476408779083,0.5148572925705632,1.0612491637740393,21.811363805738218,-3.798863071200191,1535.8467730013604
2.06,1.025701122450841,1.034298877549159,0.5153900416795606,1.06351516891192,21.835524120082347,-3.7947023315820547,1535.808805174315
2.07,1.0305444660112562,1.0394555339887437,0.5159412462373884,1.06586492285689,21.859710470362817,-3.790382686299418,1535.7708797491966
2.08,1.0353822022879113,1.0446177977120887,0.5165114984316178,1.0683015144230168,21.883921796497678,-3.78589903957057,1535.732998340542
2.09,1.0402141377656287,1.0497858622343712,0.517101406024919,1.0708281458603772,21.908157022074988,-3.781246161202871,1535.695162614516
2.1,1.0450400727729559,1.0549599272270442,0.5177115925096664,1.0734481369843887,21.932415016609248,-3.776418685438028,1535.6573742902638
2.11,1.049859801324195,1.0601401986758048,0.5183426972424521,1.0761649294526954,21.95669461659647,-3.7714111089980307,1535.6196351412748
2.12,1.0546731109602008,1.0653268890397993,0.5189953755564307,1.078982091194673,21.980994584950064,-3.76621779101309,1535.5819469967605
2.13,1.059479782588172,1.0705202174118278,0.5196702988492953,1.0819033209987723,22.00531364436301,-3.7608329513625107,1535.5443117430375
2.14,1.064279590320703,1.0757204096792972,0.520368154644568,1.084932453263082,22.029650464485197,-3.7552506702212516,1535.5067313249185
2.15,1.0690723013143613,1.0809276986856386,0.5210896466237643,1.0880734629146602,22.05400372906992,-3.7494648893536944,1535.4692077471097
2.16,1.0738576756081082,1.086142324391892,0.5218354946268645,1.0913304705033477,22.078371968038436,-3.7434694089006073,1535.4317430756068
2.17,1.0786354659618818,1.0913645340381182,0.5226064346184023,1.0947077474759517,22.102753746600996,-3.737257891266831,1535.3943394390951
2.18,1.083405417695708,1.0965945823042922,0.5234032186163553,1.098209721636859,22.127147501236706,-3.730823858138803,1535.3569990303356
2.19,1.0881672685297217,1.1018327314702783,0.5242266145808971,1.1018409828013234,22.151551662587543,-3.7241606947589903,1535.3197241075582
2.2,1.0929207484255175,1.1070792515744827,0.5250774062599496,1.1056062886478537,22.17596458647885,-3.7172616483441985,1535.2825169958285
2.21,1.0976655794292758,1.1123344205707242,0.5259563929883498,1.1095105707762953,22.20038455471598,-3.710119831205964,1535.2453800884125
2.22,1.1024014755171474,1.1175985244828528,0.5268643894373382,1.1135589409784248,22.224809825965053,-3.702728223780633,1535.2083158481155
2.23,1.1071281424434058,1.1228718575565941,0.5278022253109513,1.1177566977280213,22.249238588716047,-3.69507967479623,1535.1713268085973
2.24,1.111845277591922,1.1281547224080781,0.5287707449858112,1.1221093328976144,22.273668935701775,-3.6871669057808374,1535.1344155756644
2.25,1.1165525698315395,1.1334474301684605,0.5297708070906937,1.1266225387092699,22.298098918131174,-3.678982514950488,1535.0975848285245
2.2600000000000002,1.1212496993759753,1.138750300624025,0.530803284022181,1.1313022149269998,22.322526520467026,-3.6705189804821905,1535.0608373210048
2.27,1.125936337648901,1.144063662351099,0.5318690613926207,1.1361544762985607,22.346949680977634,-3.6617686653982897,1535.0241758827262
2.2800000000000002,1.1306121471549053,1.149387852845095,0.532969037406555,1.141185660254628,22.37136620553682,-3.652723823107482,1534.987603420226
2.29,1.135276781357064,1.1547232186429361,0.5341041221617325,1.1464023348735082,22.395773892275603,-3.6433766030633343,1534.951122918029
2.3000000000000003,1.1399298845619015,1.1600701154380988,0.53527523687079,1.1518113071197897,22.420170453179587,-3.633719057804393,1534.9147374396468
2.31,1.1445710918125491,1.165428908187451,0.5364833129996743,1.157419631365499,22.44455351945416,-3.6237431501998656,1534.8784501285177
2.32,1.1492000287909563,1.1707999712090436,0.537729291318895,1.1632346182025666,22.46892064776478,-3.613440760432918,1534.8422642088635
2.33,1.1538163117300433,1.1761836882699568,0.5390141208637268,1.1692638435555798,22.493269386980643,-3.6028037131387527,1534.8061829864596
2.34,1.1584195473367267,1.1815804526632732,0.5403387577995523,1.1755151581040262,22.5175962438482,-3.5918239211945053,1534.7702098482084
2.35,1.1630093327267859,1.1869906672732142,0.5417041641886273,1.181996697023414,22.541899475002623,-3.580492899100708,1534.7343482639578
2.36,1.1675852553725692,1.1924147446274307,0.5431113066546777,1.1887168900548546,22.566176239850876,-3.568802286842532,1534.6986017878612
2.37,1.1721468930645864,1.1978531069354137,0.5445611549419062,1.1956844719128958,22.590423767207582,-3.5567437067740975,1534.6629740577066
2.38,1.176693813888051,1.203306186111949,0.5460546803651865,1.2029084930415679,22.61447701895091,-3.5443601502525075,1534.6274687552966
2.39,1.1812255762154829,1.2087744237845173,0.5475928541484711,1.2103983307287998,22.63756638603563,-3.5318435808274087,1534.592087742627
2.4,1.1857417287164969,1.214258271283503,0.5491766456487281,1.2181637005895252,22.66062715094887,-3.518931744987381,1534.556833862343
2.41,1.190241810385938,1.2197581896140621,0.5508070204630646,1.226214668427991,22.683644853793762,-3.5056142557608965,1534.521711128584
2.42,1.1947253505915372,1.2252746494084628,0.5524849384170807,1.234561662489904,22.70661644384659,-3.491882680459661,1534.4867236400446
2.43,1.1991918691422871,1.230808130857713,0.5542113514329462,1.2432154861152411,22.729538815152537,-3.4777286500495563,1534.4518755794286
2.44,1.2036408763787414,1.2363591236212585,0.5559872012761865,1.2521873308026505,22.75240875929966,-3.463143878834131,1534.4171712127136
2.45,1.2080718732864568,1.2419281267135434,0.5578134171807271,1.2614887896965257,22.77522301467979,-3.4481201852089605,1534.3826148882135
2.46,1.2124843516337913,1.2475156483662087,0.5596909133523567,1.2711318715079083,22.79797821807524,-3.432649512180505,1534.348211035435
2.47,1.2168777941352724,1.2531222058647278,0.5616205863514562,1.2811290148805137,22.820671024596855,-3.4167239526223243,1534.3139641637067
2.48,1.2212516746417321,1.2587483253582679,0.56360331235657,1.2914931032131887,22.843297851237125,-3.4003357685820363,1534.2798788605812
2.49,1.2256054583583933,1.264394541641607,0.5656399443112089,1.3022374799502208,22.865855207141145,-3.383477421139656,1534.2459597899967
2.5,1.2299386020920515,1.2700613979079485,0.5677313089571286,1.3133759643508913,22.888339436613833,-3.3661415916916346,1534.2122116901796
2.5100000000000002,1.2342505545284748,1.2757494454715255,0.5698782037582619,1.3249228677497145,22.91074681302404,-3.3483212114450565,1534.1786393712905
2.52,1.238540756541081,1.281459243458919,0.5720813937204556,1.3368930103187304,22.933073600747026,-3.3300094877724837,1534.1452477127993
2.5300000000000002,1.2428086415319128,1.2871913584680874,0.5743416081132134,1.349301738343203,22.955315908749313,-3.3111999327005788,1534.1120416605784
2.54,1.247053635805843,1.292946364194157,0.5766595371007271,1.362164942021935,22.977469883235823,-3.2918863927811386,1534.0790262237065
2.5500000000000003,1.2512751589788864,1.2987248410211139,0.579035828290626,1.375499073803321,22.999531545220986,-3.2720630787998997,1534.0462064709764
2.56,1.255472624421383,1.304527375578617,0.5814710832100466,1.3893211672680403,23.02149687173629,-3.251724595982685,1534.013587527103
2.57,1.2596454397367334,1.3103545602632665,0.5839658537198447,1.403648856569107,23.043361769195794,-3.230865975374583,1533.9811745686188
2.58,1.263793007276239,1.316206992723761,0.5865206383790063,1.418500396439682,23.06512209770611,-3.2094827059305264,1533.948972819456
2.59,1.2679147246904812,1.3220852753095187,0.5891358787725736,1.4338946827787573,23.086773660037423,-3.187570765844537,1533.916987546209
2.6,1.2720099855175302,1.32799001448247,0.5918119558176606,1.449851273824413,23.10831224386483,-3.165126655711091,1533.8852240530812
2.61,1.2760781798081249,1.333921820191875,0.5945491860633861,1.4663904119238862,23.12973352077733,-3.142147429357392,1533.8536876765043
2.62,1.2801186947877992,1.339881305212201,0.5973478180017896,1.4835330459091975,23.151033204240832,-3.118630727387515,1533.8223837794349
2.63,1.28413091555575,1.3458690844442498,0.6002080284079875,1.5013008540864332,23.17220693262776,-3.094574808458438,1533.7913177453377
2.64,1.2881142258200653,1.3518857741799348,0.6031299187289842,1.5197162678461449,23.193250299142385,-3.069978581002167,1533.760494971839
2.65,1.2920680086687122,1.3579319913312877,0.6061135115416258,1.5388024959015059,23.214158900310796,-3.044841633947667,1533.7299208640811
2.66,1.2959916473754982,1.364008352624502,0.6091587471011872,1.558583549160037,23.234928261723827,-3.019164267361531,1533.699600827758
2.67,1.2998845262399774,1.3701154737600225,0.6122654800029764,1.5790842662337015,23.255553951866187,-2.992947521625866,1533.669540261863
2.68,1.303746031460062,1.3762539685399382,0.6154334759801162,1.6003303395911175,23.27603152060728,-2.966193205725407,1533.6397445511425
2.69,1.3075755520358547,1.3824244479641452,0.6186624088612948,1.6223483423543905,23.296356490045078,-2.938903923572722,1533.610219058281
2.7,1.3113724807029845,1.3886275192970157,0.6219518577127614,1.6451657557417814,23.316524360614725,-2.9110830989131755,1533.5809691158229
2.71,1.3151362148934749,1.394863785106525,0.6253013041891371,1.6688109971558887,23.336530708676893,-2.8827350001796037,1533.5520000178524
2.72,1.3188661577219407,1.4011338422780595,0.6287101301177281,1.6933134489154762,23.356371062092062,-2.8538647602817067,1533.5233170114473
2.73,1.3225617189946475,1.4074382810053525,0.6321776153409202,1.718703487627217,23.376040997367834,-2.824478396213827,1533.494925287935
2.74,1.3262223162387383,1.413777683761262,0.635702935840917,1.745012514191756,23.395536112394353,-2.794582826698082,1533.4668299739656
2.75,1.329847375748681,1.420152624251319,0.6392851621705138,1.7722729844362841,23.414852071156304,-2.764185885385622,1533.4390361224273
2.7600000000000002,1.3334363336467645,1.4265636663532357,0.6429232582127969,1.8005184403635612,23.433984518660246,-2.733296332017463,1533.4115487032432
2.77,1.3369886369542425,1.4330113630457575,0.6466160802915851,1.8297835420047488,23.452929225834428,-2.701923861623114,1533.3843725940606
2.7800000000000002,1.3405037446695192,1.439496255330481,0.650362376653108,1.8601040998607088,23.471681929752414,-2.6700791081164774,1533.3575125708824
2.79,1.3439811288495644,1.4460188711504356,0.6541607873378184,1.8915171079134034,23.49023852439783,-2.6377736481365437,1533.3309732986604
2.8000000000000003,1.3474202756905784,1.4525797243094218,0.6580098444593867,1.9240607771858633,23.508594882514195,-2.6050199963816647,1533.3047593218876
2.81,1.3508206866037524,1.4591793133962476,0.6619079729058098,1.957774569825649,23.526747083907043,-2.5718316033067787,1533.2788750552338
2.82,1.3541818792818472,1.4658181207181527,0.6658534914752119,1.9926992336830496,23.544691163263074,-2.5382228427819222,1533.253324774246
2.83,1.3575033887521897,1.4724966112478104,0.6698446144563157,2.0288768373511377,23.56242335573592,-2.5042090015908207,1533.2281126061703
2.84,1.3607847684116043,1.4792152315883955,0.6738794536607571,2.066350805630511,23.57993991546298,-2.4698062601318207,1533.203242520916
2.85,1.3640255910387435,1.4859744089612565,0.6779560209114063,2.1051659553768642,23.597237245572227,-2.4350316730090533,1533.1787183222148
2.86,1.367225449779248,1.492774550220752,0.682072230987683,2.1453685316844986,23.61431190638271,-2.3999031439145275,1533.1545436390104
2.87,1.370383959099182,1.4996160409008181,0.6862259050255383,2.187006244353571,23.631160509566207,-2.364439395809298,1533.1307219171122
2.88,1.3735007557022225,1.5064992442977774,0.6904147743663458,2.2301283045830615,23.647779855934633,-2.3286599388880633,1533.1072564111646
2.89,1.3765754994061636,1.5134245005938365,0.6946364848454608,2.2747854618254486,23.664166871595036,-2.2925850337265827,1533.0841501769582
2.9,1.379607873974398,1.520392126025602,0.6988886015076613,2.321030040732395,23.680318601064183,-2.2562356506914205,1533.0614060641285
2.91,1.3825975878981938,1.5274024121018064,0.7031686137331826,2.3689159781139675,23.69623230640918,-2.2196334264345503,1533.0390267092778
2.92,1.385544375125755,1.534455624874245,0.7074739407545719,2.4184988598263804,23.711905302838037,-2.182800615496876,1533.0170145295508
2.93,1.3884479957342761,1.541552004265724,0.7118019375412274,2.469835957495559,23.72733517692724,-2.1457600414436984,1532.9953717167018
2.94,1.3913082365414438,1.5486917634585562,0.7161499010252347,2.5229862649753785,23.742519620250476,-2.108535041329882,1532.9741002316823
2.95,1.3941249116531222,1.555875088346878,0.7205150766390678,2.578010534430799,23.757456517971093,-2.0711494109464317,1532.953201799779
2.96,1.3968978629442625,1.5631021370557374,0.724894665132872,2.6349713119267064,23.772143932328348,-2.0336273448933166,1532.9326779063292
2.97,1.399626960470416,1.5703730395295843,0.7292858296364763,2.693932972393605,23.786580120696605,-1.995993376531228,1532.9125297930275
2.98,1.4023121028075884,1.5776878971924115,0.7336857029289922,2.7549617538309192,23.80076351564892,-1.9582723144518939,1532.8927584548626
2.99,1.404953217318559,1.5850467826814412,0.738091394876911,2.818125790597948,23.814692712556855,-1.9204891781982736,1532.8733646376793
3.0,1.4075502603441745,1.5924497396558255,0.7424999999999999,2.883495145631067,23.82836652803764,-1.8826691335024544,1532.8543488363978
3.0100000000000002,1.410103217318559,1.5998967826814412,0.7469086051230891,2.951141841414018,23.84178397326371,-1.8448374253985222,1532.8357112938832
3.02,1.4126121028075884,1.6073878971924116,0.7513142970710078,3.0211398895156125,23.85494422675213,-1.8070193115308077,1532.8174520004884
3.0300000000000002,1.4150769604704159,1.6149230395295844,0.755714170363524,3.0935653184964065,23.867846689142773,-1.769239995834003,1532.799570694256
3.04,1.4174978629442625,1.6225021370557375,0.7601053348671278,3.168496199972279,23.880490955608742,-1.7315245620881905,1532.7820668617924
3.0500000000000003,1.4198749116531222,1.630125088346878,0.7644849233609323,3.2460126726091647,23.89287678898917,-1.6938979076446286,1532.7649397397965
3.06,1.4222082365414437,1.6377917634585564,0.7688500989747653,3.3261969638084756,23.90500420141477,-1.656384679741896,1532.7481883172477
3.0700000000000003,1.424497995734276,1.6455020042657242,0.7731980624587727,3.409133408828234,23.916873314752717,-1.6190092110523295,1532.7318113382219
3.08,1.426744375125755,1.6532556248742452,0.7775260592454281,3.4949084670693034,23.92848451219214,-1.5817954592390024,1532.7158073053433
3.09,1.4289475878981936,1.6610524121018062,0.7818313862668174,3.583610735240711,23.93983837138703,-1.5447669477403918,1532.7001744838335
3.1,1.4311078739743979,1.6688921260256022,0.7861113984923387,3.675330957101895,23.95093559942707,-1.5079467074447666,1532.68491090614
3.11,1.4332254994061635,1.6767745005938364,0.7903635151545392,3.7701620294634157,23.96177714808937,-1.4713572238308306,1532.6700143771302
3.12,1.4353007557022226,1.6846992442977775,0.7945852256336541,3.868199004111336,23.972364071265712,-1.435020384129532,1532.6554824798068
3.13,1.437333959099182,1.6926660409008178,0.7987740949744617,3.969539085303587,23.98269766583926,-1.3989574304261665,1532.6413125815225
3.14,1.4393254497792483,1.7006745502207519,0.8029277690123169,4.0742816224701865,23.99277940545317,-1.3631889144428853,1532.627501840664
3.15,1.4412755910387436,1.7087244089612563,0.8070439790885937,4.182528097732381,24.002610920200187,-1.3277346557399536,1532.6140472137645
3.16,1.4431847684116044,1.7168152315883958,0.811120546339243,4.294382107839438,24.012193923721895,-1.2926137032519993,1532.600945463011
3.17,1.4450533887521897,1.7249466112478102,0.8151553855436842,4.409949340105492,24.021530399018967,-1.2578443035905373,1532.5881931641118
3.18,1.4468818792818474,1.7331181207181527,0.8191465085247881,4.529337541913376,24.03062238411754,-1.2234438688512401,1532.5757867144814
3.19,1.4486706866037524,1.7413293133962475,0.8230920270941902,4.652656483336817,24.039472136270707,-1.1894289521891812,1532.5637223417075
3.2,1.4504202756905784,1.7495797243094218,0.8269901555406134,4.78001791241854,24.048082046016393,-1.1558152249417288,1532.5519961122586
3.21,1.4521311288495644,1.7578688711504356,0.8308392126621816,4.911535502627892,24.056454579357688,-1.122617457792463,1532.5406039403922
3.22,1.4538037446695191,1.766196255330481,0.8346376233468921,5.047324792009787,24.0645923145158,-1.089849506837888,1532.5295415972282
3.23,1.4554386369542425,1.7745613630457575,0.8383839197084149,5.187503113525684,24.072498054967912,-1.0575243049480143,1532.5188047199422
3.24,1.4570363336467644,1.7829636663532358,0.8420767417872033,5.332189516078314,24.080174639045808,-1.0256538524313514,1532.508388821048
3.25,1.458597375748681,1.791402624251319,0.8457148378294862,5.481504675704421,24.087624960176882,-0.9942492149250359,1532.498289297724
3.2600000000000002,1.4601223162387382,1.799877683761262,0.8492970641590831,5.635570796415057,24.094852150811857,-0.9633205257513459,1532.488501441157
3.27,1.4616117189946474,1.8083882810053526,0.8528223846590799,5.794511500159956,24.101859260347585,-0.9328769862663575,1532.4790204458593
3.2800000000000002,1.4630661577219406,1.8169338422780597,0.8562898698822721,5.958451705393321,24.108649583078353,-0.902926877164552,1532.4698414189318
3.29,1.464486214893475,1.825513785106525,0.8596986958108628,6.127517493721378,24.115226357277926,-0.8734775648852549,1532.460959389241
3.3000000000000003,1.4658724807029846,1.8341275192970157,0.8630481422872387,6.301835964119376,24.12159294297852,-0.8445355172183986,1532.4523693164783
3.31,1.4672255520358548,1.8427744479641452,0.8663375911387052,6.481535074216177,24.127752832629096,-0.8161063191009175,1532.4440661000763
3.3200000000000003,1.4685460314600618,1.8514539685399385,0.8695665240198839,6.66674346816031,24.133709442628945,-0.7881946885319975,1532.4360445879515
3.33,1.4698345262399772,1.8601654737600228,0.8727345199970236,6.857590290600502,24.139466315702016,-0.7608044993131443,1532.428299585061
3.34,1.471091647375498,1.8689083526245018,0.8758412528988126,7.054204986339113,24.14502699325915,-0.7339388024931721,1532.4208258617346
3.35,1.4723180086687122,1.8776819913312879,0.878886488458374,7.256717085246976,24.150395097319006,-0.7075998515799076,1532.4136181617812
3.36,1.4735142258200653,1.8864857741799346,0.8818700812710157,7.465255972064263,24.15557428112676,-0.6817891280143331,1532.406671210336
3.37,1.47468091555575,1.89531908444425,0.8847919715920125,7.679950640754728,24.160568139562457,-0.6565073675568054,1532.3999797214465
3.38,1.475818694787799,1.904181305212201,0.8876521819982104,7.900929433129451,24.165380381495783,-0.6317545911462918,1532.393538405376
3.39,1.4769281798081249,1.9130718201918753,0.8904508139366138,8.12831976151234,24.170014684815268,-0.6075301326276494,1532.3873419756162
3.4,1.4780099855175302,1.9219900144824698,0.8931880441823394,8.362247815283029,24.174474679295994,-0.5838326692272764,1532.3813851555997
3.41,1.4790647246904813,1.9309352753095188,0.8958641212274265,8.602838251203893,24.17876415117846,-0.5606602550426478,1532.375662685105
3.42,1.4800930072762393,1.9399069927237607,0.8984793616209937,8.850213867516349,24.182886661273926,-0.5380103478555147,1532.3701693263517
3.43,1.4810954397367335,1.9489045602632666,0.9010341462801554,9.104495261879206,24.186845969069385,-0.5158798462974605,1532.3648998697734
3.44,1.4820726244213829,1.957927375578617,0.9035289167899534,9.365800473315915,24.190645688465796,-0.4942651174287131,1532.3598491394807
3.45,1.4830251589788863,1.9669748410211139,0.905964171709374,9.634244608442353,24.19428944096323,-0.4731620305473038,1532.3550119983956
3.46,1.4839536358058432,1.9760463641941568,0.9083404628992728,9.909939452356962,24.19778089227699,-0.45256598948674676,1532.3503833530788
3.47,1.484858641531913,1.9851413584680873,0.9106583918867865,10.192993064696156,24.20112358254339,-0.43247196176455943,1532.3459581582338
3.48,1.4857407565410812,1.9942592434589188,0.9129186062795442,10.48350936148483,24.20432109412144,-0.412874511840605,1532.3417314209025
3.49,1.4866005545284748,2.0033994454715254,0.9151217962417382,10.781587683547823,24.207376946054264,-0.3937678301435474,1532.3376982043537
3.5,1.4874386020920518,2.012561397907948,0.9172686910428713,11.08732235239019,24.210294636141896,-0.3751457636679245,1532.3338536316687
3.5100000000000002,1.4882554583583936,2.0217445416416067,0.9193600556887911,11.400802214604214,24.21307761479455,-0.3570018446640012,1532.3301928890332
3.52,1.4890516746417324,2.030948325358268,0.9213966876434299,11.722110176014915,24.215729281453598,-0.3393293190896801,1532.326711228741
3.5300000000000002,1.4898277941352724,2.040172205864728,0.9233794136485439,12.05132272693703,24.2182529817792,-0.322121174112435,1532.3234039719184
3.54,1.4905843516337915,2.0494156483662085,0.9253090866476433,12.388509460079426,24.220652097776085,-0.3053701659823995,1532.3202665109775
3.5500000000000003,1.491321873286457,2.058678126713543,0.927186582819273,12.733732582800556,24.222929828140128,-0.28906884293508694,1532.3172943118077
3.56,1.4920408763787416,2.067959123621258,0.9290127987238135,13.087046425585195,24.2250894315981,-0.2732095731180039,1532.3144829157125
3.5700000000000003,1.4927418691422873,2.0772581308577127,0.9307886485670538,13.44849694878197,24.227134062017203,-0.25778456619864243,1532.3118279411103
3.58,1.4934253505915374,2.0865746494084627,0.9325150615829193,13.818121249806108,24.229066892023663,-0.24278589775059767,1532.3093250849936
3.59,1.494091810385938,2.095908189614062,0.9341929795369354,14.195947073173869,24.23089091463123,-0.22820552833142643,1532.3069701241739
3.6,1.494741728716497,2.1052582712835033,0.9358233543512718,14.58199232589243,24.232609169182144,-0.21403532717114926,1532.304758916312
3.61,1.495375576215483,2.114624423784517,0.9374071458515288,14.976264600875773,24.234224585423526,-0.20026708964539253,1532.302687400745
3.62,1.4959938138880513,2.1240061861119486,0.9389453196348135,15.378760711196886,24.235740072388094,-0.18689255708502622,1532.3007515991276
3.63,1.4965968930645868,2.133403106935413,0.9404388450580938,15.789466238110467,24.237158488206514,-0.1739034338575044,1532.2989476158868
3.64,1.4971852553725697,2.1428147446274304,0.9418886933453223,16.208355095892596,24.238482578100985,-0.16129140307130357,1532.2972716385116
3.65,1.4977593327267862,2.1522406672732135,0.9432958358113727,16.635389116634954,24.23971509515252,-0.14904814366186098,1532.2957199376808
3.66,1.498319547336727,2.161680452663273,0.9446612422004477,17.070517658206082,24.24085866147251,-0.13716534304388467,1532.2942888672417
3.67,1.4988663117300434,2.171133688269957,0.9459858791362732,17.513677238641314,24.241915930392555,-0.12563471280851807,1532.2929748640452
3.68,1.4994000287909566,2.180599971209044,0.947270708681105,17.964791200250016,24.242889401055162,-0.11444799884923401,1532.2917744476558
3.69,1.4999210918125494,2.1900789081874503,0.9485166870003257,18.423769406726514,24.243781603430378,-0.10359699550548873,1532.2906842199375
3.7,1.5004298845619017,2.1995701154380987,0.9497247631292101,18.890507976522393,24.24459495052935,-0.09307355437287068,1532.2897008645243
3.71,1.5009267813570644,2.209073218642936,0.9508958778382675,19.364889055675096,24.245331815784773,-0.08286959529876231,1532.2888211461934
3.72,1.5014121471549058,2.2185878528450944,0.9520309625934451,19.84678063319552,24.245994520173397,-0.07297711530794082,1532.2880419101375
3.73,1.5018863376489016,2.2281136623510984,0.9531309386073793,20.336036401988732,24.246585287508484,-0.06338819634034693,1532.2873600811533
3.74,1.5023496993759755,2.2376503006240247,0.9541967159778191,20.832495668121418,24.247106353708936,-0.05409501428586766,1532.2867726627471
3.75,1.50280256983154,2.24719743016846,0.9552291929093062,21.335983311050537,24.247559856906147,-0.0450898443588702,1532.2862767361735
3.7600000000000002,1.5032452775919225,2.2567547224080777,0.9562292550141888,21.846309797198124,24.247947899448963,-0.036365068089109054,1532.2858694594017
3.77,1.5036781424434063,2.2663218575565938,0.9571977746890487,22.36327124898669,24.248272484958136,-0.027913177974419334,1532.2855480660317
3.7800000000000002,1.5041014755171478,2.2758985244828525,0.9581356105626619,22.88664957115364,24.248535631403218,-0.019726783900360978,1532.2853098641488
3.79,1.5045155794292762,2.285484420570724,0.9590436070116501,23.416212635825925,24.2487392233181,-0.011798615418687097,1532.285152235143
3.8000000000000003,1.5049207484255176,2.2950792515744824,0.9599225937400505,23.951714527477517,24.248885183543557,-0.004121527831117022,1532.2850726324807
3.81,1.5053172685297218,2.3046827314702782,0.9607733854191027,24.49289584849833,24.24897533680569,0.003311496459565688,1532.2850685804406
3.8200000000000003,1.505705417695708,2.314294582304292,0.9615967813836448,25.03948408569377,24.249011405870526,0.010507345287435466,1532.285137672826
3.83,1.5060854659618819,2.323914534038118,0.9623935653815977,25.59119403759326,24.248995162229193,0.017472772397972958,1532.285277571649
3.84,1.5064576756081083,2.3335423243918916,0.9631645053731355,26.14772830200274,24.248928292163573,0.024214397457943737,1532.2854860057905
3.85,1.5068223013143613,2.343177698685639,0.9639103533762357,26.708777822765352,24.248812373200415,0.03073870496189568,1532.285760769652
3.86,1.507179590320703,2.352820409679297,0.964631845355432,27.27402249423224,24.24864898204266,0.03705204170672749,1532.2860997217845
3.87,1.5075297825881724,2.3624702174118277,0.9653297011507047,27.84313182147047,24.248439758364505,0.043160615213028164,1532.2865007835205
3.88,1.507873110960201,2.372126889039799,0.9660046244435693,28.415765633771183,24.248186077965045,0.049070497867587604,1532.2869619375892
3.89,1.5082098013241956,2.3817901986758043,0.9666573027575479,28.99157484856369,24.247889429195666,0.054787621663478,1532.287481226737
3.9,1.508540072772956,2.391459927227044,0.9672884074903336,29.57020228240178,24.247551240039492,0.06031778079127137,1532.2880567523466
3.91,1.508864137765629,2.401135862234371,0.9678985939750809,30.151283505268868,24.24717284836503,0.06566663252469779,1532.2886866730578
3.92,1.5091822022879118,2.410817797712088,0.9684885015683822,30.73444773405716,24.246755546791558,0.07083969728974115,1532.2893692033945
3.93,1.5094944660112568,2.4205055339887434,0.9690587537626116,31.319318760717323,24.246300686446656,0.0758423581515128,1532.290102612402
3.94,1.5098011224508416,2.4301988775491585,0.9696099583204394,31.9055159102519,24.245809439979897,0.0806798651862724,1532.2908852222906
3.95,1.5101023591220923,2.439897640877908,0.9701427074294369,32.492655023447064,24.24528308158677,0.0853573329089144,1532.2917154070942
3.96,1.510398357695571,2.4496016423044287,0.970657577874811,33.08034945900222,24.244722683468332,0.0898797459057385,1532.2925915913395
3.97,1.510689294150055,2.459310705849945,0.9711551312284181,33.66821110953382,24.244129481440986,0.09425195535443334,1532.2935122487347
3.98,1.5109753389236513,2.4690246610763484,0.971635914052316,34.25585142579402,24.24350450374091,0.09847868589368947,1532.2944759008683
3.99,1.5112566570628136,2.478743342937187,0.9721004581152201,34.84288244336839,24.242848842485856,0.10256453367832416,1532.2954811159302
4.0,1.5115334083691359,2.488466591630864,0.9725492806203339,35.42891780609365,24.242163481527264,0.10651397070681404,1532.2965265074515
4.01,1.5118057475438187,2.498194252456181,0.9729828844431179,36.013573780464796,24.241449444745054,0.11033134477515086,1532.2976107330603
4.0200000000000005,1.512073824329715,2.5079261756702858,0.9734017583776591,36.59647025538937,24.240707689109975,0.11402088306135233,1532.2987324932606
4.03,1.5123377836508747,2.517662216349126,0.9738063773903947,37.17723172178921,24.23993917540355,0.11758669328361268,1532.2998905302352
4.04,1.5125977657495226,2.527402234250477,0.9741972028800256,37.75548822673509,24.239144792957525,0.12103276699969368,1532.3010836266599
4.05,1.5128539063204098,2.53714609367959,0.974574682942546,38.330876297050075,24.23832539283575,0.1243629813685693,1532.3023106045562
4.0600000000000005,1.5131063366424953,2.546893663357505,0.9749392526403836,38.90303982759225,24.237481844980724,0.1275811006890947,1532.3035703241503
4.07,1.5133551837079198,2.5566448162920805,0.9752913342747316,39.47163092976509,24.236614947949057,0.13069077994997408,1532.3048616827652
4.08,1.5136005703482451,2.5663994296517547,0.9756313376602156,40.03631073616194,24.23572548504038,0.13369556643080996,1532.3061836137351
4.09,1.5138426153579385,2.5761573846420616,0.9759596604011105,40.596750157647215,24.23481425601145,0.13659890161779503,1532.3075350853385
4.1,1.514081433615091,2.5859185663849087,0.9762766881683855,41.15263058960288,24.233881965431564,0.13940412511589878,1532.3089150997598
4.11,1.5143171361993644,2.595682863800636,0.9765827949769152,41.70364456450703,24.23292935947423,0.14211447513805403,1532.3103226920714
4.12,1.5145498305071685,2.6054501694928316,0.9768783434622502,42.24949634847058,24.23195710874156,0.14473309251166838,1532.311756929243
4.13,1.5147796203640753,2.6152203796359244,0.9771636851563994,42.78990247983155,24.230965909222963,0.14726302164388752,1532.3132169091696
4.14,1.5150066061344827,2.624993393865517,0.9774391607621178,43.324592248363096,24.229956369318618,0.1497072144270604,1532.3147017597273
4.15,1.5152308848285458,2.6347691151714545,0.9777051004252495,43.85330811413582,24.22892914898077,0.15206853067083806,1532.31621063785
4.16,1.515452550206396,2.6445474497936043,0.9779618240047139,44.37580606552447,24.2278848670347,0.15434974171218915,1532.3177427286316
4.17,1.5156716928796736,2.654328307120326,0.9782096413397678,44.89185591630578,24.226824053368915,0.15655353334470676,1532.319297244448
4.18,1.5158884004104036,2.664111599589596,0.9784488525142123,45.40124154221808,24.225747274926455,0.15868250638944517,1532.3208734241052
4.19,1.5161027574072463,2.673897242592754,0.9786797481172527,45.90376105777695,24.22465513022384,0.16073917898165496,1532.3224705320065
4.2,1.5163148456191564,2.6836851543808438,0.978902609500748,46.39922693450909,24.22354813949958,0.16272599031222168,1532.324087857347
4.21,1.5165247440264895,2.6934752559735102,0.979117709032627,46.88746606214914,24.222426757098717,0.16464530266484997,1532.325724713323
4.22,1.516732528929595,2.7032674710704048,0.9793253103462636,47.36831975464626,24.221291540515214,0.16649940121455453,1532.32738043637
4.23,1.5169382740349355,2.7130617259650647,0.9795256685856464,47.841643703146545,24.220142897763367,0.16829049960436565,1532.3290543854168
4.24,1.5171420505387763,2.7228579494612237,0.979719030646188,48.30730787836048,24.218981374405143,0.17002073808198426,1532.330745941163
4.25,1.51734392720849,2.73265607279151,0.9799056354110565,48.76519638497189,24.2178073630568,0.1716921895594993,1532.3324545053763
4.26,1.5175439704615201,2.74245602953848,0.9800857139829176,49.21520727091101,24.216621258619615,0.1733068594744219,1532.334179500211
4.2700000000000005,1.5177422444420505,2.7522577555579497,0.9802594899110115,49.65725229449941,24.21542355193227,0.17486668639021852,1532.3359203675425
4.28,1.517938811095428,2.762061188904572,0.980427179413494,50.091256652575936,24.2142145609348,0.17637354772947417,1532.3376765683283
4.29,1.5181337302403854,2.771866269759615,0.9805889915949948,50.51715867281507,24.21299476625267,0.17782925690074558,1532.339447581979
4.3,1.5183270596391136,2.7816729403608864,0.9807451286593591,50.93490947349624,24.211764469089932,0.17923556999299448,1532.3412329057549
4.3100000000000005,1.518518855065229,2.7914811449347714,0.9808957861175518,51.34447259401442,24.2105240418028,0.18059418399882643,1532.3430320541775
4.32,1.5187091703696878,2.8012908296303127,0.9810411529907175,51.745823599419616,24.209273856971883,0.18190673959300546,1532.344844558459
4.33,1.5188980575446922,2.811101942455308,0.9811814120084009,52.138949662239064,24.208014245784796,0.18317482343044503,1532.34666996595
4.34,1.5190855667856404,2.8209144332143596,0.9813167398019428,52.52384912478954,24.206745513197795,0.18439996959389562,1532.3485078396031
4.3500000000000005,1.5192717465511654,2.830728253448835,0.9814473070930734,52.90053104509972,24.205467963728115,0.18558366086762831,1532.350357757453
4.36,1.5194566436213113,2.840543356378689,0.9815732788777394,53.26901472948097,24.204181943735644,0.18672732973665032,1532.3522193121128
4.37,1.5196403031538965,2.8503596968461036,0.9816948146052016,53.629329254658025,24.20288768980714,0.18783236205514495,1532.3540921102879
4.38,1.5198227687391082,2.8601772312608915,0.9818120683524533,53.981512982257364,24.201585563914403,0.18890009526175244,1532.355975772301
4.39,1.5200040824523757,2.869995917547624,0.9819251889940103,54.32561306829788,24.200275744020914,0.18993182419251392,1532.3578699316347
4.4,1.52018428490557,2.8798157150944306,0.9820343203671337,54.66168497019199,24.198958557875603,0.19092879781788982,1532.3597742344903
4.41,1.5203634152965717,2.889636584703428,0.9821396014325471,54.989791953596395,24.197634232428438,0.19189222415482288,1532.3616883393543
4.42,1.5205415114572554,2.8994584885427446,0.9822411664307168,55.310004601296725,24.196303002456077,0.19282327009323594,1532.3636119165876
4.43,1.520718609899933,2.909281390100067,0.9823391450337665,55.62240032614169,24.194965136658197,0.19372306235188946,1532.365544648019
4.44,1.5208947458622988,2.9191052541377016,0.9824336624931009,55.92706288987425,24.193620843191223,0.1945926900648166,1532.3674862265586
4.45,1.521069953350919,2.9289300466490813,0.9825248397828146,56.224081929536744,24.192270341447266,0.19543320505293346,1532.3694363558195
4.46,1.5212442651833102,2.9387557348166897,0.9826127937389673,56.51355249296982,24.190913846648147,0.19624562319095698,1532.3713947497533
4.47,1.5214177130286415,2.9485822869713583,0.9826976371948049,56.795574584746504,24.189551559834424,0.19703092577281742,1532.3733611322978
4.48,1.5215903274471074,2.958409672552893,0.9827794791120106,57.07025272374062,24.18818367134413,0.19779006056100606,1532.3753352370345
4.49,1.521762137928007,2.968237862071993,0.9828584247080678,57.3376955133557,24.186810399231927,0.19852394238926893,1532.3773168068603
4.5,1.5219331729265677,2.978066827073432,0.9829345755798237,57.598015225317624,24.18543189935897,0.19923345544828022,1532.3793055936665
4.51,1.522103459899552,2.987896540100448,0.9830080298233317,57.85132739775525,24.184048371107096,0.19991945287963242,1532.381301358031
4.5200000000000005,1.522273025339685,2.9977269746603152,0.9830788821500669,58.09775044820417,24.18265999696255,0.20058275861849206,1532.383303868919
4.53,1.5224418948089367,3.0075581051910634,0.9831472239995939,58.33740530200491,24.181266875263763,0.20122416931516626,1532.3853129033946
4.54,1.5226100929706947,3.0173899070293055,0.9832131436487735,58.57041503646033,24.179869227858354,0.2018444523454593,1532.3873282463428
4.55,1.5227776436208629,3.027222356379137,0.9832767263175972,58.796904541020524,24.178467196192205,0.20244434964286284,1532.3893496901978
4.5600000000000005,1.5229445697179163,3.0370554302820842,0.9833380542717288,59.01700019363577,24.177060934718618,0.20302457721528522,1532.3913770346824
4.57,1.5231108934119484,3.046889106588052,0.9833972069218427,59.23082955334824,24.17565055047004,0.20358582691176474,1532.393410086558
4.58,1.5232766360727399,3.05672336392726,0.9834542609198373,59.43852106908537,24.174236247867103,0.20412876516856462,1532.3954486593782
4.59,1.5234418183168807,3.066558181683119,0.9835092902520101,59.64020380456277,24.172818083413624,0.2046540373222541,1532.3974925732562
4.6000000000000005,1.5236064600339743,3.076393539966026,0.983562366329272,59.836007179110545,24.171396220594048,0.2051622647627554,1532.3995416546347
4.61,1.5237705804119555,3.0862294195880446,0.9836135580744865,60.02606072420211,24.169970813913483,0.20565404733523124,1532.4015957360664
4.62,1.523934197961548,3.096065802038452,0.9836629320070073,60.210493855379596,24.1685419255911,0.20612996525222343,1532.403654656006
4.63,1.5240973305398904,3.1059026694601095,0.9837105523244956,60.389435659243894,24.167109736759436,0.20659057684210502,1532.4057182585964
4.64,1.5242599953733573,3.1157400046266424,0.9837564809820945,60.56301469513351,24.165674285889654,0.20703642290807314,1532.4077863934792
4.65,1.5244222090796018,3.1255777909203983,0.9838007777690321,60.731358811061185,24.164235741696068,0.2074680235159989,1532.409858915599
4.66,1.524583987688843,3.135416012311157,0.9838435003827328,60.89459497348394,24.162794176159508,0.2078858819021499,1532.4119356850176
4.67,1.5247453466644267,3.145254653335573,0.9838847045005035,61.0528491104145,24.161349684543005,0.20829048335622122,1532.4140165667388
4.68,1.52490630092268,3.1550936990773195,0.9839244438488692,61.2062459674006,24.159902388441086,0.2086822958060163,1532.4161014305325
4.69,1.5250668648520824,3.164933135147918,0.9839627702706291,61.35490897586743,24.15845236522108,0.20906177136558377,1532.4181901507689
4.7,1.5252270523317808,3.1747729476682194,0.9839997337896953,61.4989601332987,24.15699971104264,0.20942934604658248,1532.4202826062606
4.71,1.5253868767494634,3.1846131232505366,0.984035382673788,61.63851989474988,24.155544488121468,0.20978544102651583,1532.4223786801028
4.72,1.5255463510186191,3.194453648981381,0.9840697634950462,61.77370707516043,24.154086848041253,0.21013046141448968,1532.4244782595256
4.73,1.5257054875952007,3.2042945124047995,0.9841029211886219,61.904638761950544,24.152626762530275,0.21046480062349093,1532.4265812357498
4.74,1.525864298493711,3.2141357015062892,0.9841348991093157,62.03143023736986,24.151164415969856,0.21078883523830205,1532.4286875038445
4.75,1.5260227953027328,3.2239772046972672,0.9841657390863187,62.1541949100994,24.14969981359261,0.21110293111253028,1532.4307969625952
4.76,1.5261809891999205,3.2338190108000795,0.9841954814761154,62.27304425558714,24.14823306505397,0.21140743974121004,1532.43290951437
4.7700000000000005,1.526338890966472,3.2436611090335283,0.9842241652136083,62.38808776462381,24.146764199853948,0.21170270138218944,1532.4350250649982
4.78,1.5264965110010962,3.253503488998904,0.984251827861518,62.49943289967058,24.14529334298501,0.2119890429295464,1532.4371435236428
4.79,1.526653859333498,3.263346140666502,0.9842785056581149,62.60718505847171,24.1438205245706,0.21226678111084019,1532.4392648026892
4.8,1.5268109456373906,3.273189054362609,0.9843042335633341,62.711447544476755,24.142345812040208,0.21253622093232924,1532.441388817629
4.8100000000000005,1.5269677792430574,3.283032220756943,0.984329045303326,62.81232154364144,24.140869250201153,0.21279765697467942,1532.4435154869493
4.82,1.5271243691494734,3.292875630850527,0.9843529734134927,62.90990610716527,24.139390933441312,0.2130513727188968,1532.4456447320308
4.83,1.5272807240360056,3.3027192759639945,0.9843760492800588,63.00429813975796,24.137910879164583,0.21329764269014723,1532.4477764770427
4.84,1.527436852273704,3.312563147726296,0.9843983031802237,63.09559239302909,24.136429165624413,0.21353673089066338,1532.449910648847
4.8500000000000005,1.5275927619361982,3.3224072380638026,0.9844197643209416,63.1838814636233,24.13494584471791,0.21376889234100427,1532.452047176902
4.86,1.5277484608102117,3.3322515391897887,0.984440460876375,63.26925579573509,24.133460960113002,0.2139943731616767,1532.4541859931705
4.87,1.5279039564057095,3.3420960435942906,0.9844604200240628,63.35180368764675,24.13197454691323,0.21421341088993592,1532.4563270320336
4.88,1.52805925596569,3.3519407440343096,0.9844796679798471,63.431611301969305,24.130486657634982,0.21442623442354083,1532.458470230203
4.89,1.5282143664756327,3.361785633524367,0.9844982300315999,63.50876267925973,24.12899736802083,0.21463306420960335,1532.4606155266392
4.9,1.5283692946726157,3.3716307053273846,0.9845161305717867,63.583339754718445,24.127506705585233,0.21483411357420804,1532.4627628624744
4.91,1.5285240470541122,3.381475952945888,0.9845333931289085,63.65542237768344,24.126014680408634,0.21502958853698467,1532.4649121809325
4.92,1.5286786298864783,3.3913213701135216,0.9845500403978582,63.72508833365313,24.124521384570084,0.21521968665743427,1532.4670634272577
4.93,1.5288330492131428,3.401166950786857,0.9845660942692265,63.79241336858169,24.12302682127349,0.21540459975460138,1532.4692165486415
4.94,1.5289873108625087,3.4110126891374914,0.9845815758575954,63.85747121521625,24.12153102345678,0.21558451241210896,1532.471371494154
4.95,1.5291414204555764,3.420858579544424,0.9845965055288495,63.92033362123884,24.120034068767623,0.21575960206115843,1532.47352821468
4.96,1.5292953834132994,3.4307046165867003,0.9846109029265404,63.981070379016856,24.11853593374339,0.2159300412472407,1532.4756866628513
4.97,1.52944920496368,3.4405507950363194,0.9846247869973372,64.0397493567611,24.11703670317202,0.21609599488398235,1532.477846792987
4.98,1.5296028901486154,3.450397109851385,0.9846381760155891,64.09643653089607,24.1155364109368,0.21625762272308122,1532.4800085610327
4.99,1.5297564438305022,3.460243556169498,0.9846510876070368,64.15119601949486,24.114035025698037,0.21641507978601318,1532.4821719245049
5.0,1.5299098706986085,3.4700901293013917,0.984663538771695,64.20409011659076,24.11253263150511,0.21656851396988094,1532.4843368424315
5.01,1.5300631752752203,3.4799368247247795,0.9846755459059399,64.25517932724317,24.111029262539923,0.21671806860334997,1532.486503275304
5.0200000000000005,1.5302163619215714,3.4897836380784293,0.9846871248238237,64.30452240319933,24.109524928736995,0.21686388227383105,1532.4886711850197
5.03,1.5303694348435641,3.499630565156436,0.9846982907776464,64.35217637903754,24.108019647536903,0.21700608854108422,1532.4908405348363
5.04,1.5305223980972869,3.509477601902713,0.9847090584778079,64.39819660867023,24.10651347014539,0.21714481574746589,1532.493011289321
5.05,1.530675255594338,3.5193247444056617,0.9847194421119658,64.44263680209446,24.105006391111154,0.21728018848354916,1532.4951834143071
5.0600000000000005,1.5308280111069605,3.52917198889304,0.9847294553635229,64.48554906229566,24.103498449350642,0.21741232624622164,1532.4973568768448
5.07,1.5309806682729956,3.5390193317270047,0.9847391114294661,64.52698392220925,24.101989665997124,0.21754134459308985,1532.4995316451616
5.08,1.5311332306006604,3.5488667693993396,0.984748423037582,64.5669903816596,24.100480114033417,0.21766735417930397,1532.5017076886206
5.09,1.5312857014731571,3.5587142985268425,0.9847574024630663,64.60561594419472,24.098969747049455,0.2177904634495634,1532.5038849776768
5.1000000000000005,1.531438084153119,3.5685619158468818,0.9847660615445519,64.64290665375327,24.09745860595037,0.2179107757446461,1532.506063483842
5.11,1.5315903817868983,3.5784096182131018,0.9847744116995731,64.67890713109352,24.095946707756053,0.21802839106915578,1532.508243179646
5.12,1.531742597408703,3.5882574025912968,0.9847824639394867,64.7136606099336,24.09443406367459,0.21814340597686976,1532.5104240386004
5.13,1.5318947339445863,3.5981052660554136,0.9847902288838684,64.74720897274973,24.092920740130022,0.2182559127761183,1532.5126060351638
5.14,1.532046794216295,3.607953205783705,0.9847977167744028,64.7795927861825,24.09140669481595,0.2183660020128872,1532.5147891447084
5.15,1.5321987809449815,3.6178012190550186,0.9848049374882843,64.81085133601675,24.08989197197529,0.21847375983555337,1532.5169733434868
5.16,1.5323506967547844,3.6276493032452155,0.9848119005511462,64.84102266169103,24.088376606296148,0.21857926943850864,1532.5191586086023
5.17,1.532502544176281,3.637497455823719,0.9848186151495333,64.87014359031004,24.08686058715956,0.2186826116597928,1532.5213449179769
5.18,1.5326543256498186,3.647345674350181,0.9848250901429361,64.89824977012955,24.08534395978749,0.2187838637275954,1532.5235322503236
5.19,1.532806043528727,3.657193956471273,0.9848313340753998,64.92537570349035,24.08382670571701,0.21888310096745534,1532.5257205851183
5.2,1.5329577000824164,3.6670422999175836,0.9848373551867238,64.95155477917758,24.082308877644643,0.21898039506348463,1532.5279099025718
5.21,1.5331092974993665,3.6768907025006334,0.9848431614232656,64.97681930419101,24.080790434281315,0.2190758164492413,1532.5301001836037
5.22,1.5332608378900083,3.6867391621099914,0.9848487604483636,65.0012005349089,24.079271409251895,0.21916943200780434,1532.532291409819
5.23,1.5334123232895045,3.6965876767104957,0.9848541596523912,65.02472870763349,24.077751867487045,0.21926130576431366,1532.5344835634808
5.24,1.5335637556604302,3.70643624433957,0.9848593661624561,65.04743306850995,24.076231746918047,0.21935150130636422,1532.5366766274894
5.25,1.5337151368953592,3.716284863104641,0.984864386851755,65.06934190280583,24.074711112798763,0.2194400781235469,1532.5388705853597
5.26,1.5338664688193575,3.7261335311806425,0.984869228348601,65.09048256356053,24.073189957189754,0.21952709461989833,1532.5410654211971
5.2700000000000005,1.5340177531923889,3.7359822468076116,0.9848738970451267,65.11088149957514,24.071668304818722,0.21961260665585208,1532.5432611196784
5.28,1.5341689917116348,3.7458310082883655,0.9848783991056835,65.13056428277083,24.0701461497776,0.21969666855620043,1532.5454576660318
5.29,1.5343201860137317,3.7556798139862684,0.9848827404749416,65.1495556348953,24.06862348378753,0.21977933273190017,1532.5476550460157
5.3,1.5344713376769283,3.7655286623230717,0.9848869268857026,65.16787945358173,24.067100347889735,0.21986064902445981,1532.5498532459005
5.3100000000000005,1.5346224482231676,3.775377551776833,0.9848909638664369,65.18555883777454,24.0655767749438,0.21994066560103176,1532.5520522524512
5.32,1.5347735191200926,3.7852264808799077,0.9848948567485527,65.20261611250758,24.064052702576685,0.22001943030441928,1532.554252052909
5.33,1.5349245517829828,3.795075448217017,0.9848986106734082,65.21907285305977,24.062528202755118,0.2200969873233523,1532.5564526349756
5.34,1.5350755475766205,3.8049244524233794,0.9849022305990744,65.23494990847429,24.061003245075664,0.22017338075562545,1532.5586539867936
5.3500000000000005,1.5352265078170908,3.8147734921829097,0.9849057213068586,65.25026742446357,24.059477886174005,0.22024865186128564,1532.5608560969354
5.36,1.5353774337735184,3.824622566226482,0.984909087407596,65.26504486569934,24.057952068462363,0.22032284206028876,1532.5630589543835
5.37,1.535528326669742,3.834471673330258,0.9849123333477189,65.27930103750066,24.056425851953158,0.2203959896552745,1532.5652625485197
5.38,1.5356791876859277,3.844320812314072,0.9849154634151098,65.29305410692407,24.054899227323403,0.22046813252522562,1532.567466869109
5.39,1.5358300179601285,3.8541699820398714,0.9849184817447463,65.30632162326528,24.053372204274062,0.2205393069556267,1532.5696719062855
5.4,1.535980818589784,3.8640191814102165,0.9849213923241471,65.31912053799336,24.051844790468007,0.22060954794812102,1532.5718776505391
5.41,1.5361315906331703,3.87386840936683,0.9849241989986226,65.33146722410538,24.050316979633216,0.22067888947967224,1532.574084092706
5.42,1.5362823351107955,3.8837176648892044,0.984926905476341,65.3433774949385,24.048788794376524,0.22074736386933497,1532.5762912239536
5.43,1.5364330530067478,3.8935669469932517,0.9849295153332127,65.3548666224269,24.047260237927343,0.22081500260247963,1532.578499035767
5.44,1.5365837452699938,3.903416254730007,0.9849320320176022,65.36594935482898,24.04573128466216,0.2208818364229849,1532.580707519942
5.45,1.5367344128156313,3.9132655871843687,0.9849344588548722,65.37663993393289,24.044202000629706,0.22094789368081263,1532.5829166685724
5.46,1.536885056526098,3.9231149434739017,0.9849367990517661,65.38695211174537,24.04267235340631,0.22101320310833192,1532.5851264740377
5.47,1.5370356772523361,3.9329643227476634,0.984939055700635,65.3968991666852,24.041142361153785,0.22107779171327,1532.5873369289939
5.48,1.5371862758149155,3.942813724185085,0.9849412317835137,65.40649391928356,24.039612005719057,0.22114168602769183,1532.5895480263648
5.49,1.5373368530051177,3.9526631469948823,0.9849433301760526,65.41574874741006,24.03808129745472,0.22120491127169156,1532.5917597593318
5.5,1.537487409585981,3.9625125904140193,0.9849453536513092,65.42467560102885,24.03655026028454,0.22126749154114406,1532.593972121325
5.51,1.5376379462933074,3.9723620537066924,0.9849473048834052,65.43328601650566,24.0350189282949,0.22132944993278209,1532.5961851060124
5.5200000000000005,1.537788463836635,3.9822115361633657,0.9849491864510523,65.44159113046211,24.0334872585617,0.2213908097910032,1532.598398707294
5.53,1.537938962900175,3.992061037099825,0.9849510008409547,65.449601693209,24.031955231235404,0.22145159337829023,1532.600612919293
5.54,1.5380894441437147,4.001910555856285,0.9849527504510879,65.45732808174883,24.030422906860778,0.22151182092206195,1532.6028277363466
5.55,1.5382399082034899,4.01176009179651,0.9849544375938629,65.46478031237305,24.02889027371678,0.22157151303359468,1532.605043152999
5.5600000000000005,1.5383903556930247,4.0216096443069755,0.9849560644991769,65.47196805286022,24.02735732925146,0.22163068939951605,1532.6072591639952
5.57,1.538540787203942,4.031459212796058,0.9849576333173553,65.47890063428395,24.025824068195696,0.2216893690962159,1532.6094757642722
5.58,1.5386912033067452,4.041308796693254,0.9849591461219889,65.48558706244351,24.024290497151622,0.22174757031153125,1532.611692948953
5.59,1.538841604551572,4.051158395448428,0.9849606049126707,65.49203602892906,24.022756633560434,0.22180531044920007,1532.61391071334
5.6000000000000005,1.5389919914689205,4.06100800853108,0.984962011617635,65.49825592182893,24.02122247757354,0.22186260652773,1532.6161290529078
5.61,1.5391423645703508,4.0708576354296495,0.9849633680963016,65.5042548360873,24.019688012739955,0.22191947519922678,1532.618347963299
5.62,1.5392927243491605,4.080707275650839,0.9849646761417306,65.51004058352882,24.018153289018287,0.22197593157555007,1532.6205674403159
5.63,1.539443071281037,4.0905569287189625,0.9849659374829891,65.51562070255527,24.01661825709127,0.2220319916380373,1532.622787479916
5.64,1.539593405824685,4.100406594175315,0.9849671537874344,65.5210024675249,24.015082934389646,0.22208766986677328,1532.6250080782074
5.65,1.5397437284224331,4.110256271577567,0.9849683266629139,65.52619289781947,24.01354733765898,0.2221429802215408,1532.6272292314395
5.66,1.5398940395008192,4.120105960499181,0.9849694576598891,65.53119876661884,24.012011474156026,0.22219793628278037,1532.6294509360052
5.67,1.5400443394711523,4.129955660528847,0.9849705482734821,65.53602660938073,24.010475328109735,0.22225255149255096,1532.631673188428
5.68,1.5401946287300576,4.139805371269942,0.98497159994545,65.54068273204118,24.008938909485394,0.22230683845972277,1532.6338959853629
5.69,1.54034490766,4.149655092340001,0.984972614066089,65.54517321894221,24.007402208273728,0.22236080959734833,1532.6361193235875
5.7,1.5404951766297892,4.159504823370211,0.9849735919760698,65.54950394049318,24.005865251022122,0.22241447638476372,1532.6383432000023
5.71,1.5406454359950679,4.169354564004932,0.9849745349682084,65.55368056057853,24.00432800402846,0.22246785072909658,1532.6405676116215
5.72,1.540795686098781,4.179204313901218,0.9849754442891738,65.55770854371653,24.00279051786121,0.2225209429271568,1532.6427925555734
5.73,1.5409459272716295,4.189054072728371,0.9849763211411342,65.56159316197567,24.00125275746711,0.2225737640948232,1532.6450180290917
5.74,1.541096159832507,4.198903840167493,0.9849771666833448,65.56533950165978,23.999714734831723,0.2226263243416848,1532.6472440295174
5.75,1.541246384088922,4.208753615911078,0.9849779820336793,65.56895246976757,23.998176464641304,0.22267863332283136,1532.6494705542889
5.76,1.541396600337403,4.218603399662597,0.9849787682701066,65.57243680023392,23.99663794669365,0.22273070057200256,1532.6516976009439
5.7700000000000005,1.5415468088638917,4.228453191136109,0.9849795264321143,65.57579705995649,23.99509914866118,0.22278253575733026,1532.6539251671109
5.78,1.5416970099441207,4.23830299005588,0.9849802575220825,65.57903765462241,23.993560097404277,0.22283414737545637,1532.6561532505104
5.79,1.5418472038439772,4.248152796156023,0.9849809625066077,65.58216283433316,23.992020807260307,0.22288554374986078,1532.65838184895
5.8,1.5419973908198552,4.258002609180145,0.9849816423177797,65.5851766990386,23.99048125436174,0.22293673348140403,1532.6606109603194
5.8100000000000005,1.5421475711189943,4.267852428881007,0.9849822978544136,65.58808320378716,23.988941480424593,0.22298772392300406,1532.6628405825907
5.82,1.542297744979806,4.277702255020194,0.9849829299832366,65.59088616379276,23.987401436233913,0.22303852346134478,1532.6650707138128
5.83,1.5424479126321897,4.287552087367811,0.9849835395400338,65.59358925933282,23.98586116248418,0.22308913889889284,1532.6673013521104
5.84,1.5425980742978358,4.2974019257021645,0.9849841273307522,65.59619604047273,23.984320627207758,0.22313957784321561,1532.6695324956795
5.8500000000000005,1.5427482301905193,4.307251769809481,0.9849846941325661,65.59870993163435,23.98277983122266,0.22318984717073587,1532.6717641427888
5.86,1.542898380516382,4.317101619483618,0.9849852406949031,65.60113423600083,23.981238829728692,0.2232399526931592,1532.6739962917713
5.87,1.5430485254742055,4.326951474525795,0.9849857677404359,65.60347213977572,23.979697577929784,0.22328990150330474,1532.6762289410265
5.88,1.543198665255673,4.336801334744327,0.9849862759660355,65.60572671628768,23.97815610398975,0.2233396993204115,1532.6784620890173
5.89,1.5433488000456244,4.346651199954375,0.984986766043694,65.60790092996368,23.976614354350353,0.2233893529129644,1532.6806957342646
5.9,1.5434989300222988,4.356501069977702,0.9849872386214107,65.60999764015206,23.97507238587947,0.22343886718837624,1532.682929875351
5.91,1.5436490553575715,4.366350944642429,0.9849876943240504,65.6120196048264,23.973530188236136,0.2234882478143323,1532.6851645109127
5.92,1.5437991762171803,4.37620082378282,0.9849881337541682,65.6139694841511,23.97198772408726,0.22353750070873465,1532.6873996396405
5.93,1.5439492927609455,4.386050707239054,0.9849885574928054,65.61584984392599,23.970445073900375,0.2235866298341909,1532.6896352602787
5.94,1.5440994051429802,4.39590059485702,0.9849889661002589,65.61766315891445,23.968902154773826,0.22363564135795314,1532.6918713716213
5.95,1.5442495135118948,4.405750486488105,0.9849893601168203,65.6194118160516,23.967359018142822,0.22368453934071905,1532.6941079725116
5.96,1.5443996180109931,4.415600381989007,0.9849897400634906,65.62109811754185,23.965815622973707,0.22373332900053206,1532.6963450618387
5.97,1.5445497187784623,4.425450281221537,0.9849901064426692,65.62272428385072,23.96427202607917,0.22378201395870562,1532.6985826385376
5.98,1.544699815947555,4.435300184052446,0.9849904597388173,65.62429245658997,23.962728194186813,0.2238305989933451,1532.7008207015874
5.99,1.5448499096467654,4.445150090353235,0.9849908004190988,65.6258047013029,23.961184145643852,0.22387908799894446,1532.7030592500096
6.0,1.545,4.455,0.9849911289339972,65.6272630101501,23.959639828979526,0.2239274857027948,1532.705298282864
6.01,1.5451500871267403,4.46484991287326,0.9849914457179116,65.62866930450647,23.958095313464383,0.22397579498248615,1532.7075377992517
6.0200000000000005,1.545300171142202,4.474699828857799,0.9849917511897313,65.63002543746433,23.95655057156865,0.22402401993059998,1532.709777798312
6.03,1.5454502521574864,4.484549747842514,0.9849920457533878,65.63133319624399,23.955005597696122,0.22407216423850604,1532.7120182792191
6.04,1.5456003302797274,4.494399669720273,0.9849923297983912,65.63259430453131,23.953460405792963,0.2241202311380523,1532.7142592411826
6.05,1.5457504056122338,4.504249594387766,0.9849926037003429,65.63381042472037,23.951914958248018,0.2241682245451644,1532.7165006834462
6.0600000000000005,1.5459004782546248,4.514099521745376,0.9849928678214337,65.63498316008929,23.95036931012212,0.2242161468506338,1532.718742605288
6.07,1.546050548302963,4.523949451697037,0.9849931225109216,65.63611405688995,23.948823445701706,0.22426400139262842,1532.7209850060146
6.08,1.5462006158498804,4.53379938415012,0.984993368105594,65.63720460636937,23.94727734085873,0.2243117915202092,1532.7232278849651
6.09,1.5463506809847014,4.543649319015298,0.9849936049302127,65.63825624671992,23.945731003812465,0.22435951999929107,1532.7254712415067
6.1000000000000005,1.5465007437935607,4.55349925620644,0.9849938332979435,65.63927036495998,23.944184477134833,0.22440718900527326,1532.727715075036
6.11,1.546650804359517,4.563349195640483,0.9849940535107705,65.64024829874943,23.94263770133222,0.22445480207287985,1532.729959384977
6.12,1.5468008627626637,4.573199137237337,0.9849942658598939,65.64119133813537,23.941090719985066,0.2245023611777396,1532.732204170779
6.13,1.5469509190802337,4.583049080919766,0.9849944706261169,65.64210072724822,23.939543506276905,0.2245498691884961,1532.7344494319163
6.140000000000001,1.547100973386702,4.592899026613298,0.9849946680802155,65.64297766592576,23.93799606236522,0.22459732850188266,1532.7366951678894
6.15,1.5472510257538845,4.602748974246116,0.9849948584832975,65.64382331128837,23.936448427083764,0.22464474085248798,1532.7389413782216
6.16,1.5474010762510322,4.612598923748968,0.9849950420871467,65.64463877925294,23.93490054502481,0.2246921093095897,1532.7411880624581
6.17,1.5475511249449236,4.622448875055076,0.984995219134557,65.64542514599907,23.933352449979488,0.2247394355486565,1532.7434352201674
6.18,1.5477011718999525,4.632298828100048,0.984995389859652,65.64618344937581,23.931804148124122,0.22478672154447277,1532.745682850939
6.19,1.5478512171782133,4.642148782821787,0.9849955544881959,65.64691469026903,23.930255592826416,0.2248339700133765,1532.7479309543824
6.2,1.5480012608395828,4.651998739160417,0.9849957132378909,65.64761983390906,23.928706855195475,0.22488118182808697,1532.750179530126
6.21,1.5481513029418,4.6618486970582005,0.984995866318666,65.64829981114177,23.927157888601815,0.2249283595647987,1532.7524285778186
6.22,1.5483013435405417,4.6716986564594585,0.9849960139329537,65.64895551964868,23.925608684432124,0.22497550514933,1532.754678097127
6.23,1.5484513826894972,4.681548617310503,0.984996156275958,65.64958782512602,23.92405929930975,0.2250226194845402,1532.756928087736
6.24,1.548601420440438,4.6913985795595625,0.9849962935359129,65.65019756242242,23.922509661067494,0.22506970532032702,1532.7591785493462
6.25,1.5487514568432867,4.701248543156713,0.9849964258943307,65.65078553663656,23.92095983438833,0.22511676331874886,1532.7614294816763
6.26,1.5489014919461839,4.711098508053816,0.9849965535262419,65.6513525241724,23.91940974712605,0.22516379611303255,1532.7636808844595
6.2700000000000005,1.5490515257955506,4.72094847420445,0.9849966766004277,65.65189927376389,23.917859487810386,0.22521080389570203,1532.765932757445
6.28,1.5492015584361503,4.73079844156385,0.9849967952796415,65.65242650745502,23.916308982958352,0.22525778919865994,1532.7681851003963
6.29,1.5493515899111479,4.740648410088852,0.9849969097208255,65.65293492155303,23.914758274375483,0.22530475281707515,1532.770437913092
6.3,1.5495016202621672,4.750498379737833,0.984997020075318,65.65342518754281,23.913207338671025,0.22535169645592384,1532.7726911953241
6.3100000000000005,1.5496516495293453,4.760348350470656,0.9849971264890525,65.65389795296909,23.911656190414515,0.2253986211875699,1532.7749449468972
6.32,1.5498016777513863,4.770198322248614,0.984997229102752,65.65435384229143,23.91010483209199,0.22544552825532155,1532.777199167629
6.33,1.549951704965612,4.780048295034388,0.9849973280521143,65.6547934577031,23.908553245013017,0.22549241912435022,1532.7794538573507
6.34,1.5501017312080114,4.789898268791989,0.9849974234679914,65.65521737992515,23.907001478673045,0.22553929424045893,1532.781709015903
6.3500000000000005,1.5502517565132887,4.799748243486712,0.9849975154765629,65.6556261689712,23.905449438516584,0.22558615615459113,1532.7839646431412
6.36,1.5504017809149084,4.809598219085092,0.9849976041995026,65.65602036488346,23.90389724318381,0.22563300417317775,1532.786220738929
6.37,1.5505518044451403,4.81944819555486,0.9849976897541395,65.65640048844631,23.9023447719451,0.2256798411386068,1532.7884773031417
6.38,1.5507018271351016,4.829298172864898,0.984997772253613,65.65676704187004,23.90079212362825,0.22572666661640756,1532.7907343356655
6.390000000000001,1.5508518490147984,4.839148150985202,0.9849978518070219,65.65712050945221,23.89923926478444,0.22577348206788317,1532.7929918363952
6.4,1.5510018701131654,4.848998129886835,0.9849979285195701,65.65746135821945,23.897686155950495,0.2258202890286996,1532.795249805237
6.41,1.551151890458104,4.858848109541896,0.9849980024927039,65.6577900385369,23.89613285261771,0.22586708757474666,1532.7975082421044
6.42,1.5513019100765193,4.86869808992348,0.984998073824247,65.65810698470558,23.894579348203113,0.22591387869397353,1532.7997671469218
6.43,1.5514519289943554,4.878548071005644,0.9849981426085308,65.65841261553717,23.893025602581474,0.22596066382938695,1532.8020265196203
6.44,1.55160194723663,4.88839805276337,0.9849982089365171,65.65870733489847,23.89147167054625,0.2260074429671933,1532.8042863601408
6.45,1.5517519648274678,4.898248035172532,0.9849982728959205,65.65899153225243,23.889917489855012,0.22605421783990473,1532.8065466684318
6.46,1.5519019817901316,4.908098018209868,0.9849983345713226,65.65926558316545,23.888363107917368,0.22610098849303567,1532.8088074444486
6.47,1.5520519981470535,4.917948001852946,0.9849983940442849,65.65952984980483,23.886808516473735,0.22614775577943402,1532.8110686881553
6.48,1.552202013919865,4.927797986080136,0.9849984513934565,65.65978468141712,23.885253684819045,0.2261945208762503,1532.8133303995223
6.49,1.5523520291294242,4.937647970870576,0.9849985066946779,65.66003041478744,23.883698685819574,0.2262412833845802,1532.8155925785277
6.5,1.5525020437958454,4.947497956204154,0.9849985600210813,65.66026737468448,23.88214342876071,0.22628804529092816,1532.8178552251557
6.51,1.5526520579385241,4.957347942061475,0.9849986114431877,65.6604958742894,23.880588005273875,0.2263348058948545,1532.8201183393967
6.5200000000000005,1.5528020715761632,4.967197928423837,0.9849986610289991,65.66071621560603,23.879032332033862,0.22638156702144857,1532.822381921249
6.53,1.5529520847267977,4.977047915273203,0.9849987088440901,65.66092868986432,23.877476435657158,0.22642832888810382,1532.8246459707138
6.54,1.5531020974078187,4.986897902592181,0.9849987549516928,65.66113357789867,23.875920331342275,0.2264750918293146,1532.8269104878018
6.55,1.5532521096359964,4.996747890364004,0.984998799412782,65.66133115052577,23.87436401988824,0.22652185638996095,1532.829175472527
6.5600000000000005,1.5534021214275018,5.0065978785724985,0.9849988422861548,65.66152166889458,23.872807509457097,0.2265686229793775,1532.8314409249085
6.57,1.5535521327979285,5.016447867202071,0.9849988836285084,65.66170538483514,23.87125074358661,0.2266153929488674,1532.8337068449723
6.58,1.5537021437623133,5.0262978562376865,0.984998923494516,65.66188254119142,23.86969381147264,0.2266621654689913,1532.8359732327483
6.59,1.5538521543351562,5.036147845664844,0.9849989619368977,65.6620533721382,23.86813663120835,0.22670894222268267,1532.8382400882722
6.6000000000000005,1.5540021645304394,5.045997835469561,0.9849989990064917,65.66221810349522,23.86657926118096,0.22675572281837506,1532.8405074115826
6.61,1.5541521743616453,5.055847825638355,0.9849990347523201,65.66237695302058,23.865021668374595,0.2268025081834126,1532.8427752027246
6.62,1.5543021838417754,5.065697816158225,0.984999069221655,65.66253013070224,23.86346383017578,0.2268492990970856,1532.8450434617469
6.63,1.5544521929833668,5.075547807016633,0.9849991024600802,65.66267783903172,23.861905808268173,0.2268960950264802,1532.8473121887014
6.640000000000001,1.5546022017985086,5.085397798201492,0.9849991345115514,65.66282027327354,23.860347557626525,0.22694289707199328,1532.8495813836457
6.65,1.5547522102988587,5.0952477897011414,0.9849991654184551,65.66295762172275,23.858789108812395,0.22698970514635627,1532.8518510466415
6.66,1.554902218495658,5.105097781504342,0.984999195221664,65.66309006595367,23.857230446568487,0.2270365198556785,1532.8541211777513
6.67,1.5550522263997468,5.114947773600253,0.9849992239605913,65.6632177810592,23.855671555645408,0.22708334179318937,1532.8563917770457
6.68,1.5552022340215776,5.124797765978422,0.9849992516732424,65.66334093588189,23.854112467602132,0.22713017082702663,1532.858662844595
6.69,1.5553522413712302,5.13464775862877,0.9849992783962663,65.66345969323908,23.852553132739263,0.2271770080186389,1532.860934380475
6.7,1.5555022484584238,5.144497751541577,0.9849993041650025,65.66357421013363,23.850993618403354,0.2272238527122279,1532.8632063847642
6.71,1.5556522552925311,5.154347744707469,0.9849993290135288,65.66368463796594,23.849433850837123,0.2272707063065548,1532.8654788575445
6.72,1.55580226188259,5.16419773811741,0.9849993529747063,65.66379112273135,23.847873877969665,0.2273175683819753,1532.8677517989004
6.73,1.5559522682373153,5.174047731762685,0.9849993760802223,65.6638938052129,23.846313735030225,0.22736443872993192,1532.8700252089202
6.74,1.556102274365111,5.183897725634889,0.9849993983606325,65.66399282116849,23.84475335395029,0.22741131861087988,1532.872299087694
6.75,1.5562522802740808,5.193747719725919,0.984999419845402,65.66408830150984,23.843192729876666,0.2274582083969678,1532.8745734353145
6.76,1.556402285972039,5.203597714027961,0.984999440562943,65.66418037247489,23.841631917046,0.22750510751765504,1532.876848251879
6.7700000000000005,1.556552291466521,5.213447708533479,0.9849994605406536,65.66426915579541,23.840070885197843,0.22755201669413727,1532.8791235374854
6.78,1.556702296764793,5.2232977032352075,0.9849994798049533,65.66435476885711,23.838509633454883,0.2275989361732322,1532.881399292235
6.79,1.5568523018738616,5.233147698126139,0.9849994983813183,65.66443732485546,23.836948163293236,0.22764586618055335,1532.8836755162315
6.8,1.5570023068004835,5.242997693199516,0.9849995162943148,65.66451693294395,23.83538650521211,0.2276928064694693,1532.88595220958
6.8100000000000005,1.5571523115511738,5.252847688448827,0.9849995335676318,65.66459369837914,23.833824595577536,0.22773975821633022,1532.8882293723896
6.82,1.557302316132215,5.262697683867785,0.9849995502241127,65.66466772266145,23.832262491612568,0.22778672078404277,1532.8905070047692
6.83,1.5574523205496655,5.2725476794503345,0.9849995662857846,65.66473910366545,23.830700178429257,0.22783369460959488,1532.8927851068327
6.84,1.5576023248093671,5.282397675190633,0.9849995817738885,65.6648079357734,23.829137621098468,0.2278806803854455,1532.8950636786935
6.8500000000000005,1.5577523289169533,5.2922476710830475,0.9849995967089066,65.66487430999645,23.82757486948387,0.22792767756971327,1532.8973427204678
6.86,1.5579023328778558,5.302097667122144,0.9849996111105898,65.66493831409701,23.82601189269124,0.2279746868196417,1532.8996222322742
6.87,1.558052336697313,5.311947663302687,0.9849996249979835,65.66500003270406,23.82444872220308,0.22802170783361259,1532.9019022142322
6.88,1.5582023403803757,5.321797659619624,0.9849996383894535,65.66505954742556,23.822885293436812,0.2280687417468034,1532.9041826664638
6.890000000000001,1.558352343931915,5.331647656068085,0.9849996513027091,65.6651169369549,23.821321702911785,0.22811578727810622,1532.9064635890923
6.9,1.5585023473566273,5.341497652643373,0.9849996637548275,65.66517227717654,23.81975787138924,0.2281628457845047,1532.9087449822434
6.91,1.5586523506590417,5.351347649340958,0.9849996757622762,65.66522564126545,23.818193830005836,0.228209916943108,1532.9110268460427
6.92,1.5588023538435256,5.361197646156475,0.9849996873409343,65.66527709978338,23.816629564233352,0.22825700113459343,1532.913309180619
6.93,1.5589523569142905,5.371047643085709,0.9849996985061142,65.66532672077344,23.815065088524513,0.2283040982698966,1532.9155919861023
6.94,1.559102359875397,5.380897640124603,0.9849997092725815,65.66537456984993,23.81350038136461,0.2283512088346528,1532.9178752626228
6.95,1.5592523627307613,5.390747637269239,0.984999719654574,65.6654207102821,23.811935480860544,0.22839833237100152,1532.920159010314
6.96,1.5594023654841593,5.40059763451584,0.9849997296658216,65.66546520308249,23.810370364153982,0.22844546936267043,1532.9224432293092
6.97,1.5595523681392325,5.410447631860768,0.9849997393195637,65.66550810708425,23.80880501538608,0.22849262017429375,1532.9247279197436
6.98,1.559702370699492,5.420297629300508,0.9849997486285671,65.66554947902014,23.80723944235214,0.22853978480707351,1532.9270130817533
6.99,1.5598523731683234,5.430147626831677,0.9849997576051422,65.66558937359645,23.805673678501094,0.22858696288773295,1532.9292987154768
7.0,1.5600023755489918,5.439997624451008,0.9849997662611605,65.66562784356746,23.80410766633257,0.22863415537988224,1532.9315848210515
